ticker,quarter_end,disclosure_date,promoter_pct,fii_pct,dii_pct,public_pct,source,fetched_at
20MICRONS,2026-06-30,2026-07-11,45.04,0.41,0.07,54.96,nse,2026-07-26T12:32:24.836176+00:00
21STCENMGM,2026-06-30,2026-07-06,64.43,,,35.57,nse,2026-07-26T12:32:25.521387+00:00
21STCENMGM,2026-03-31,2026-04-03,64.43,,,35.57,nse,2026-07-21T22:03:19.712297+00:00
21STCENMGM,2025-12-31,2026-01-08,64.43,,,35.57,nse,2026-07-21T22:03:19.712297+00:00
21STCENMGM,2025-09-30,2025-10-09,64.43,,,35.57,nse,2026-07-21T22:03:19.712297+00:00
360ONE,2026-06-30,2026-07-21,6.2,58.55,18.71,93.8,nse,2026-07-26T12:32:26.846703+00:00
3IINFOLTD,2026-06-30,2026-07-20,0.0,0.5,14.26,100.0,nse,2026-07-26T12:32:27.537180+00:00
3MINDIA,2026-06-30,2026-07-17,75.0,3.5,8.16,25.0,nse,2026-07-26T12:32:28.119474+00:00
3PLAND,2026-06-30,2026-07-20,73.3,,0.0,26.7,nse,2026-07-26T12:32:28.945282+00:00
5PAISA,2026-06-30,2026-07-20,36.5,15.11,0.0,63.49,nse,2026-07-26T12:32:29.689570+00:00
63MOONS,2026-06-30,2026-07-21,45.63,1.61,0.01,54.37,nse,2026-07-26T12:32:30.405486+00:00
A2ZINFRA,2026-06-30,2026-07-20,27.92,0.94,0.1,72.08,nse,2026-07-26T12:32:31.268239+00:00
AADHARHFC,2026-06-30,2026-07-16,64.66,5.79,9.93,35.34,nse,2026-07-26T12:32:32.038614+00:00
AAKASH,2026-06-30,2026-07-16,66.54,0.02,,33.46,nse,2026-07-21T22:03:19.330757+00:00
AAKASH,2026-03-31,2026-04-07,66.54,,,33.46,nse,2026-07-21T22:03:19.330757+00:00
AAKASH,2025-12-31,2026-01-06,66.54,,,33.46,nse,2026-07-21T22:03:19.330757+00:00
AAKASH,2025-09-30,2025-10-08,6654.0,,,3346.0,nse,2026-07-21T22:03:19.330757+00:00
AARON,2026-06-30,2026-07-18,73.07,,,26.93,nse,2026-07-26T12:31:33.242945+00:00
AARTIDRUGS,2026-06-30,2026-07-20,54.43,1.52,10.29,45.57,nse,2026-07-26T12:32:33.034439+00:00
AARTIIND,2026-06-30,2026-07-17,41.82,6.99,21.11,58.18,nse,2026-07-26T12:32:34.299556+00:00
AARTIPHARM,2026-06-30,2026-07-16,42.86,8.17,7.22,57.14,nse,2026-07-26T12:32:35.399458+00:00
AARTISURF,2026-06-30,2026-07-21,49.84,0.08,0.0,50.16,nse,2026-07-26T12:32:36.227152+00:00
AARVI,2026-06-30,2026-07-16,73.36,0.0,0.0,26.64,nse,2026-07-26T12:32:37.056949+00:00
AAVAS,2026-06-30,2026-07-09,48.88,16.27,22.15,51.12,nse,2026-07-26T12:32:38.221433+00:00
ABAN,2026-06-30,2026-07-20,46.0,0.0,0.06,54.0,nse,2026-07-21T21:59:31.230188+00:00
ABAN,2026-03-31,2026-04-10,46.0,0.0,0.07,54.0,nse,2026-07-21T21:59:31.230188+00:00
ABAN,2025-12-31,2026-01-20,46.0,0.0,0.07,54.0,nse,2026-07-21T21:59:31.230188+00:00
ABAN,2025-09-30,2025-10-21,46.0,0.0,0.07,54.0,nse,2026-07-21T21:59:31.230188+00:00
ABB,2026-03-31,2026-04-17,75.0,8.2,9.29,25.0,nse,2026-07-26T12:32:39.038476+00:00
ABCAPITAL,2026-06-30,2026-07-21,68.81,8.6,13.48,31.19,nse,2026-07-26T12:32:40.521344+00:00
ABCOTS,2026-06-30,2026-07-13,52.5,0.11,,47.5,nse,2026-07-26T12:32:41.401570+00:00
ABDL,2026-06-30,2026-07-20,80.91,3.24,5.07,19.09,nse,2026-07-26T12:32:42.332050+00:00
ABINFRA,2026-06-30,2026-07-14,30.95,0.01,0.01,69.05,nse,2026-07-26T12:32:43.079141+00:00
ABLBL,2026-06-30,2026-07-21,46.6,12.69,20.81,52.92,nse,2026-07-26T12:32:43.833111+00:00
ABMINTLLTD,2026-06-30,2026-07-13,74.7,,0.05,25.3,nse,2026-07-21T22:03:11.786847+00:00
ABMINTLLTD,2026-03-31,2026-04-11,74.7,,,25.3,nse,2026-07-21T22:03:11.786847+00:00
ABMINTLLTD,2025-12-31,2026-01-15,74.7,,,25.3,nse,2026-07-21T22:03:11.786847+00:00
ABMINTLLTD,2025-09-30,2025-10-18,74.7,,,25.3,nse,2026-07-21T22:03:11.786847+00:00
ABREL,2026-06-30,2026-07-20,50.21,9.26,16.63,49.04,nse,2026-07-26T12:32:44.576635+00:00
ABSLAMC,2026-06-30,2026-07-13,74.71,4.41,14.26,25.29,nse,2026-07-26T12:32:45.213460+00:00
ACC,2026-06-30,2026-07-10,56.69,5.83,21.13,43.31,nse,2026-07-26T12:37:11.549948+00:00
ACCELYA,2026-06-30,2026-07-10,74.66,0.11,0.01,25.34,nse,2026-07-26T12:37:12.400361+00:00
ACCURACY,2026-06-30,2026-07-13,63.69,,,36.31,nse,2026-07-21T22:03:11.313824+00:00
ACCURACY,2026-03-31,2026-04-16,63.69,,,36.31,nse,2026-07-21T22:03:11.313824+00:00
ACCURACY,2025-12-31,2026-01-09,63.69,,,36.31,nse,2026-07-21T22:03:11.313824+00:00
ACCURACY,2025-09-30,2025-10-11,63.69,,,36.31,nse,2026-07-21T22:03:11.313824+00:00
ACE,2026-06-30,2026-07-08,65.42,7.82,2.59,34.53,nse,2026-07-26T12:37:13.889047+00:00
ACEINTEG,2026-06-30,2026-07-08,73.53,,,26.47,nse,2026-07-21T22:03:10.537094+00:00
ACEINTEG,2026-03-31,2026-04-09,73.53,,,26.47,nse,2026-07-21T22:03:10.537094+00:00
ACEINTEG,2025-12-31,2026-01-08,73.53,,,26.47,nse,2026-07-21T22:03:10.537094+00:00
ACEINTEG,2025-09-30,2025-10-09,73.53,,,26.47,nse,2026-07-21T22:03:10.537094+00:00
ACI,2026-06-30,2026-07-20,53.43,11.0,24.18,46.57,nse,2026-07-26T12:37:14.789017+00:00
ACL,2026-06-30,2026-07-15,75.0,,0.34,25.0,nse,2026-07-26T12:37:15.511416+00:00
ACLGATI,2025-09-30,2025-10-16,46.08,2.06,2.98,53.92,nse,2026-07-26T12:37:16.371189+00:00
ACMESOLAR,2026-06-30,2026-07-20,71.4,4.39,19.1,28.42,nse,2026-07-26T12:37:17.386179+00:00
ACUTAAS,2026-06-30,2026-07-16,32.66,21.61,19.56,67.34,nse,2026-07-26T12:37:18.410223+00:00
ADANIENSOL,2026-06-30,2026-07-14,74.71,10.13,11.76,25.29,nse,2026-07-26T12:37:19.167798+00:00
ADANIENT,2026-07-07,2026-07-16,71.97,10.52,10.75,28.03,nse,2026-07-26T12:37:20.017590+00:00
ADANIGREEN,2026-06-30,2026-07-08,62.43,11.84,4.82,37.57,nse,2026-07-26T12:37:20.888183+00:00
ADANIPORTS,2026-06-30,2026-07-10,66.03,15.58,13.6,33.97,nse,2026-07-26T12:37:21.831219+00:00
ADANIPOWER,2026-06-30,2026-07-05,74.96,11.76,4.08,25.04,nse,2026-07-26T12:37:22.580058+00:00
ADFFOODS,2026-06-30,2026-07-20,36.13,11.6,21.3,63.87,nse,2026-07-26T12:37:23.282013+00:00
ADL,2026-06-30,2026-07-21,72.96,,,27.04,nse,2026-07-26T12:37:24.286030+00:00
ADL,2026-03-31,2026-04-21,72.96,,,27.04,nse,2026-07-21T22:03:14.881468+00:00
ADL,2025-12-31,2026-01-21,72.96,,,27.04,nse,2026-07-21T22:03:14.881468+00:00
ADL,2025-09-30,2025-10-21,72.96,,,27.04,nse,2026-07-21T22:03:14.881468+00:00
ADOR,2026-06-30,2026-07-17,53.76,1.06,10.47,46.24,nse,2026-07-26T12:37:25.106185+00:00
ADROITINFO,2026-06-30,2026-07-21,42.99,,,57.01,nse,2026-07-21T22:03:25.235816+00:00
ADROITINFO,2026-03-31,2026-04-20,38.28,,,61.72,nse,2026-07-21T22:03:25.235816+00:00
ADROITINFO,2025-12-31,2026-01-20,37.47,,,62.53,nse,2026-07-21T22:03:25.235816+00:00
ADROITINFO,2025-09-30,2025-10-21,37.47,,,62.53,nse,2026-07-21T22:03:25.235816+00:00
ADSL,2026-06-30,2026-07-17,51.02,0.11,,48.98,nse,2026-07-26T12:37:25.817303+00:00
ADVANIHOTR,2026-06-30,2026-07-20,50.25,0.2,0.05,49.75,nse,2026-07-26T12:37:26.591750+00:00
ADVENZYMES,2026-06-30,2026-07-18,43.24,26.71,4.78,56.76,nse,2026-07-26T12:37:27.583336+00:00
AEGISLOG,2026-06-30,2026-07-21,58.1,19.54,3.6,41.9,nse,2026-07-26T12:37:28.550880+00:00
AEGISVOPAK,2026-06-30,2026-07-21,86.93,5.36,5.3,13.07,nse,2026-07-26T12:37:30.056081+00:00
AEROENTER,2026-06-30,2026-07-20,52.3,1.24,0.07,47.7,nse,2026-07-26T12:37:30.984739+00:00
AEROFLEX,2026-06-30,2026-07-16,65.47,3.6,1.47,34.53,nse,2026-07-26T12:37:31.771137+00:00
AERONEU,2026-06-30,2026-07-20,60.46,4.12,0.39,39.54,nse,2026-07-26T12:37:32.551105+00:00
AETHER,2026-06-30,2026-07-13,74.93,7.42,10.49,25.07,nse,2026-07-26T12:37:33.446163+00:00
AFCONS,2026-06-30,2026-07-21,50.17,12.14,20.07,49.83,nse,2026-07-26T12:37:37.727599+00:00
AFFLE,2026-06-30,2026-07-14,54.91,15.38,18.78,44.97,nse,2026-07-26T12:37:38.782751+00:00
AFFORDABLE,2026-06-30,2026-07-21,41.41,1.09,,58.59,nse,2026-07-26T12:37:39.660519+00:00
AFIL,2026-06-30,2026-07-18,39.02,0.35,1.95,60.98,nse,2026-07-26T12:37:40.518019+00:00
AFSL,2026-06-30,2026-07-21,71.11,20.71,,28.89,nse,2026-07-26T12:37:41.394157+00:00
AGARWALEYE,2026-06-30,2026-07-07,32.34,57.96,7.72,67.66,nse,2026-07-26T12:37:42.658925+00:00
AGI,2026-06-30,2026-07-14,60.39,6.27,1.06,39.61,nse,2026-07-26T12:37:44.049331+00:00
AGRITECH,2026-06-30,2026-07-21,30.9,0.01,0.03,69.1,nse,2026-07-26T12:37:44.796176+00:00
AGRITECH,2026-03-31,2026-04-21,30.9,0.01,0.03,69.1,nse,2026-07-21T22:03:34.887035+00:00
AGRITECH,2025-12-31,2026-01-20,30.9,0.01,0.03,69.1,nse,2026-07-21T22:03:34.887035+00:00
AGRITECH,2025-09-30,2025-10-19,30.9,0.01,0.03,69.1,nse,2026-07-21T22:03:34.887035+00:00
AGROPHOS,2026-06-30,2026-07-11,54.27,,,45.73,nse,2026-07-21T22:03:33.834054+00:00
AGROPHOS,2026-03-31,2026-04-08,54.27,,,45.73,nse,2026-07-21T22:03:33.834054+00:00
AGROPHOS,2025-12-31,2026-01-15,54.27,,,45.73,nse,2026-07-21T22:03:33.834054+00:00
AGROPHOS,2025-09-30,2025-10-17,54.27,,,45.73,nse,2026-07-21T22:03:33.834054+00:00
AGSTRA,2026-03-31,2026-04-20,26.48,0.06,3.6,73.27,nse,2026-07-21T22:03:27.676588+00:00
AGSTRA,2025-12-31,2026-04-07,26.48,0.06,3.6,73.27,nse,2026-07-21T22:03:27.676588+00:00
AGSTRA,2025-09-30,2026-04-06,26.48,0.07,4.12,73.27,nse,2026-07-21T22:03:27.676588+00:00
AGSTRA,2025-06-30,2025-07-21,2648.0,13.0,714.0,7327.0,nse,2026-07-21T22:03:27.676588+00:00
AHLADA,2026-06-30,2026-07-20,49.3,,,50.7,nse,2026-07-26T12:37:45.633704+00:00
AHLADA,2026-03-31,2026-04-21,49.3,,,50.7,nse,2026-07-21T22:03:29.490812+00:00
AHLADA,2025-12-31,2026-01-20,49.3,,,50.7,nse,2026-07-21T22:03:29.490812+00:00
AHLADA,2025-09-30,2025-10-17,49.3,,,50.7,nse,2026-07-21T22:03:29.490812+00:00
AHLEAST,2026-06-30,2026-07-17,65.63,0.0,0.23,34.37,nse,2026-07-26T12:37:46.336938+00:00
AIAENG,2026-06-30,2026-07-16,58.5,16.87,22.1,41.5,nse,2026-07-26T12:37:47.034656+00:00
AIIL,2026-06-30,2026-07-20,68.81,14.28,0.2,31.19,nse,2026-07-26T12:37:47.725091+00:00
AIRAN,2026-06-30,2026-07-18,72.21,,0.0,27.79,nse,2026-07-26T12:37:48.533164+00:00
AJANTPHARM,2026-06-30,2026-07-14,63.48,7.68,21.8,36.52,nse,2026-07-26T12:39:53.093579+00:00
AJAXENGG,2026-06-30,2026-07-21,80.0,4.67,11.17,20.0,nse,2026-07-26T12:39:54.183869+00:00
AJMERA,2026-06-30,2026-07-18,68.56,0.95,0.82,31.44,nse,2026-07-26T12:39:55.315118+00:00
AJOONI,2026-06-30,2026-07-15,26.89,,,73.11,nse,2026-07-21T22:03:15.338673+00:00
AJOONI,2026-03-31,2026-04-10,26.89,,,73.11,nse,2026-07-21T22:03:15.338673+00:00
AJOONI,2025-12-31,2026-01-14,26.89,,,73.11,nse,2026-07-21T22:03:15.338673+00:00
AJOONI,2025-09-30,2025-10-16,26.89,,,73.11,nse,2026-07-21T22:03:15.338673+00:00
AKASH,2026-06-30,2026-07-17,74.59,,,25.41,nse,2026-07-21T22:02:38.636920+00:00
AKASH,2026-03-31,2026-04-17,74.59,,,25.41,nse,2026-07-21T22:02:38.636920+00:00
AKASH,2025-12-31,2026-01-20,74.59,,,25.41,nse,2026-07-21T22:02:38.636920+00:00
AKASH,2025-09-30,2025-10-13,74.59,,,25.41,nse,2026-07-21T22:02:38.636920+00:00
AKG,2026-06-30,2026-07-20,50.69,1.49,,49.31,nse,2026-07-26T12:39:56.070159+00:00
AKG,2026-03-31,2026-04-16,37.6,1.49,,62.4,nse,2026-07-21T22:02:39.293629+00:00
AKG,2025-12-31,2026-01-21,37.6,1.49,,62.4,nse,2026-07-21T22:02:39.293629+00:00
AKG,2025-09-30,2025-10-18,37.6,1.49,,62.4,nse,2026-07-21T22:02:39.293629+00:00
AKI,2026-06-30,2026-07-21,53.92,,,46.08,nse,2026-07-21T22:02:40.097847+00:00
AKI,2026-03-31,2026-04-21,53.92,,,46.08,nse,2026-07-21T22:02:40.097847+00:00
AKI,2025-12-31,2026-01-20,53.92,0.28,,46.08,nse,2026-07-21T22:02:40.097847+00:00
AKI,2025-09-30,2025-10-17,53.92,0.98,,46.08,nse,2026-07-21T22:02:40.097847+00:00
AKSHAR,2026-06-30,2026-07-15,0.27,,,99.73,nse,2026-07-21T22:02:40.905884+00:00
AKSHAR,2026-03-31,2026-04-13,0.27,,,99.73,nse,2026-07-21T22:02:40.905884+00:00
AKSHAR,2025-12-31,2026-01-20,0.27,,,99.73,nse,2026-07-21T22:02:40.905884+00:00
AKSHAR,2025-09-30,2025-10-13,0.27,,,99.73,nse,2026-07-21T22:02:40.905884+00:00
AKSHARCHEM,2026-06-30,2026-07-06,62.7,,0.06,37.3,nse,2026-07-26T12:39:57.309388+00:00
AKSHOPTFBR,2026-06-30,2026-07-10,19.37,,0.07,80.63,nse,2026-07-21T22:02:41.464508+00:00
AKSHOPTFBR,2026-03-31,2026-04-14,19.37,,0.01,80.63,nse,2026-07-21T22:02:41.464508+00:00
AKSHOPTFBR,2025-12-31,2026-01-07,19.37,,0.01,80.63,nse,2026-07-21T22:02:41.464508+00:00
AKSHOPTFBR,2025-09-30,2025-10-14,19.73,0.07,0.01,80.27,nse,2026-07-21T22:02:41.464508+00:00
AKUMS,2026-06-30,2026-07-18,75.26,1.91,13.44,22.01,nse,2026-07-26T12:39:58.127391+00:00
ALANKIT,2026-06-30,2026-07-13,54.15,0.38,0.05,45.85,nse,2026-07-26T12:39:58.933144+00:00
ALBERTDAVD,2026-06-30,2026-07-18,62.24,0.57,1.64,37.76,nse,2026-07-26T12:39:59.621063+00:00
ALEMBICLTD,2026-06-30,2026-07-20,70.88,1.25,0.05,29.12,nse,2026-07-26T12:40:00.530618+00:00
ALICON,2026-06-30,2026-07-17,53.79,0.2,10.62,46.21,nse,2026-07-26T12:40:01.463532+00:00
ALIVUS,2026-06-30,2026-07-13,74.87,5.54,7.18,25.13,nse,2026-07-26T12:40:02.261886+00:00
ALKALI,2026-06-30,2026-07-15,69.59,,,30.41,nse,2026-07-26T12:40:03.053069+00:00
ALKALI,2026-03-31,2026-04-20,69.59,,,30.41,nse,2026-07-21T22:02:38.024095+00:00
ALKALI,2025-12-31,2026-01-21,69.59,,,30.41,nse,2026-07-21T22:02:38.024095+00:00
ALKALI,2025-09-30,2025-10-20,69.59,,,30.41,nse,2026-07-21T22:02:38.024095+00:00
ALKEM,2026-06-30,2026-07-09,49.7,10.42,22.63,50.3,nse,2026-07-26T12:40:04.202186+00:00
ALKYLAMINE,2026-06-30,2026-07-20,72.04,3.49,3.11,27.96,nse,2026-07-26T12:40:05.579510+00:00
ALLCARGO,2026-06-30,2026-07-20,40.28,6.56,1.83,59.72,nse,2026-07-26T12:40:07.972465+00:00
ALLDIGI,2026-06-30,2026-07-10,73.39,1.04,1.57,26.61,nse,2026-07-26T12:40:09.162408+00:00
ALLTIME,2026-06-30,2026-07-10,70.15,2.98,10.35,29.85,nse,2026-07-26T12:40:10.732392+00:00
ALMONDZ,2026-06-30,2026-07-20,50.82,0.0,0.37,49.18,nse,2026-07-26T12:40:11.771165+00:00
ALOKINDS,2026-06-30,2026-07-20,75.0,1.9,0.39,25.0,nse,2026-07-26T12:40:12.829068+00:00
AMANTA,2026-06-30,2026-07-18,63.8,0.43,12.92,36.2,nse,2026-07-26T12:40:14.048964+00:00
AMBER,2026-06-30,2026-07-20,38.09,20.48,30.55,61.91,nse,2026-07-26T12:40:14.907741+00:00
AMBICAAGAR,2026-06-30,2026-07-21,43.41,,,56.59,nse,2026-07-21T22:02:43.800771+00:00
AMBICAAGAR,2026-03-31,2026-04-13,43.41,,,56.59,nse,2026-07-21T22:02:43.800771+00:00
AMBICAAGAR,2025-12-31,2026-01-21,43.41,,,56.59,nse,2026-07-21T22:02:43.800771+00:00
AMBICAAGAR,2025-09-30,2025-10-18,43.41,,,56.59,nse,2026-07-21T22:02:43.800771+00:00
AMBUJACEM,2026-06-30,2026-07-11,67.33,5.63,19.65,32.67,nse,2026-07-26T12:40:15.797911+00:00
AMDIND,2026-06-30,2026-07-09,66.73,,,33.27,nse,2026-07-26T12:40:16.427096+00:00
AMDIND,2026-03-31,2026-04-13,66.73,,,33.27,nse,2026-07-21T22:02:44.843622+00:00
AMDIND,2025-12-31,2026-01-12,66.73,,,33.27,nse,2026-07-21T22:02:44.843622+00:00
AMDIND,2025-09-30,2025-10-17,66.73,,,33.27,nse,2026-07-21T22:02:44.843622+00:00
AMJLAND,2026-06-30,2026-07-15,65.94,,0.06,34.06,nse,2026-07-26T12:40:17.183229+00:00
ANANDRATHI,2026-06-30,2026-07-15,41.37,6.37,10.39,58.63,nse,2026-07-26T12:40:18.202979+00:00
ANANTRAJ,2026-06-30,2026-07-20,57.42,10.74,4.61,42.58,nse,2026-07-26T12:40:19.050528+00:00
ANDHRAPAP,2026-06-30,2026-07-18,72.45,0.27,5.49,27.55,nse,2026-07-26T12:40:19.730035+00:00
ANDHRSUGAR,2026-06-30,2026-07-20,50.49,2.86,0.0,49.51,nse,2026-07-26T12:40:20.515814+00:00
ANGELONE,2026-06-30,2026-07-16,28.59,13.76,20.35,71.41,nse,2026-07-26T12:40:21.308100+00:00
ANKITMETAL,2024-03-31,2024-04-20,7102.0,0.0,0.0,2898.0,nse,2026-07-26T12:40:22.102210+00:00
ANKITMETAL,2023-09-30,2023-10-09,7102.0,0.0,0.0,2898.0,nse,2026-07-21T22:02:33.129296+00:00
ANKITMETAL,2023-06-30,2023-07-06,7102.0,0.0,0.0,2898.0,nse,2026-07-21T22:02:33.129296+00:00
ANKITMETAL,2023-03-31,2023-04-19,7102.0,0.0,0.0,2898.0,nse,2026-07-21T22:02:33.129296+00:00
ANMOL,2026-06-30,2026-07-15,50.2,,,49.8,nse,2026-07-21T22:02:33.046932+00:00
ANMOL,2026-03-31,2026-04-14,50.2,,,49.8,nse,2026-07-21T22:02:33.046932+00:00
ANMOL,2025-12-31,2026-01-14,50.2,,,49.8,nse,2026-07-21T22:02:33.046932+00:00
ANMOL,2025-09-30,2025-10-12,50.2,,,49.8,nse,2026-07-21T22:02:33.046932+00:00
ANSALAPI,2026-06-30,2026-07-16,48.77,0.25,0.65,51.23,nse,2026-07-26T12:40:22.891849+00:00
ANSALAPI,2026-03-31,2026-04-17,48.77,0.25,0.68,51.23,nse,2026-07-21T22:00:03.065521+00:00
ANSALAPI,2025-12-31,2026-01-15,48.77,0.25,1.4,51.23,nse,2026-07-21T22:00:03.065521+00:00
ANSALAPI,2025-09-30,2025-10-17,48.77,0.25,1.41,51.23,nse,2026-07-21T22:00:03.065521+00:00
ANTHEM,2026-06-30,2026-07-17,71.42,2.58,13.48,28.58,nse,2026-07-26T12:40:23.749098+00:00
ANUHPHR,2026-06-30,2026-07-21,71.8,0.01,0.0,28.2,nse,2026-07-26T12:40:24.625137+00:00
ANUP,2026-06-30,2026-07-21,40.92,2.88,16.52,59.08,nse,2026-07-26T12:40:25.589965+00:00
APCOTEXIND,2026-06-30,2026-07-13,58.23,0.69,1.91,41.77,nse,2026-07-26T12:40:26.316024+00:00
APLAPOLLO,2026-06-30,2026-07-21,28.25,35.11,18.59,71.75,nse,2026-07-26T12:40:27.213447+00:00
APLLTD,2026-06-30,2026-07-15,69.87,4.18,15.94,30.13,nse,2026-07-26T12:40:28.175147+00:00
APOLLO,2026-06-30,2026-07-21,49.98,7.59,1.72,50.02,nse,2026-07-26T12:40:29.038539+00:00
APOLLOHOSP,2026-06-30,2026-07-03,28.02,41.5,23.72,71.98,nse,2026-07-26T12:40:29.890810+00:00
APOLLOPIPE,2026-06-30,2026-07-16,51.72,2.54,7.2,48.02,nse,2026-07-26T12:42:21.191127+00:00
APOLLOTYRE,2026-06-30,2026-07-20,36.93,10.08,29.04,62.67,nse,2026-07-26T12:42:22.944283+00:00
APTECHT,2026-06-30,2026-07-15,47.35,0.46,0.58,52.65,nse,2026-07-26T12:42:24.025264+00:00
APTUS,2026-06-30,2026-07-16,23.86,29.95,29.91,76.14,nse,2026-07-26T12:42:24.909953+00:00
ARCHIDPLY,2026-06-30,2026-07-20,69.89,,,30.11,nse,2026-07-26T12:42:25.547344+00:00
ARCHIES,2026-06-30,2026-07-10,61.03,,0.22,38.97,nse,2026-07-21T22:03:05.847010+00:00
ARCHIES,2026-03-31,2026-04-14,61.47,,0.22,38.53,nse,2026-07-21T22:03:05.847010+00:00
ARCHIES,2025-12-31,2026-01-15,61.47,,0.22,38.53,nse,2026-07-21T22:03:05.847010+00:00
ARCHIES,2025-09-30,2025-10-16,61.47,0.0,0.22,38.53,nse,2026-07-21T22:03:05.847010+00:00
ARIHANTCAP,2026-06-30,2026-07-20,67.67,0.03,0.03,32.33,nse,2026-07-26T12:42:26.232980+00:00
ARKADE,2026-06-30,2026-07-14,71.19,0.13,0.08,28.81,nse,2026-07-26T12:42:26.876433+00:00
ARMANFIN,2026-06-30,2026-07-20,22.0,3.08,4.85,78.0,nse,2026-07-26T12:42:27.635458+00:00
AROGRANITE,2026-06-30,2026-07-08,41.08,,,58.92,nse,2026-07-21T22:03:02.691059+00:00
AROGRANITE,2026-03-31,2026-04-13,41.08,,,58.92,nse,2026-07-21T22:03:02.691059+00:00
AROGRANITE,2025-12-31,2026-01-09,41.08,,,58.92,nse,2026-07-21T22:03:02.691059+00:00
AROGRANITE,2025-09-30,2025-10-14,41.08,,,58.92,nse,2026-07-21T22:03:02.691059+00:00
ARROWGREEN,2026-06-30,2026-07-20,65.65,0.2,0.99,34.35,nse,2026-07-26T12:42:28.452009+00:00
ARSHIYA,2026-06-30,2026-07-20,14.37,,1.06,85.63,nse,2026-07-21T22:03:03.294004+00:00
ARSHIYA,2026-03-31,2026-04-14,14.37,,1.06,85.63,nse,2026-07-21T22:03:03.294004+00:00
ARSHIYA,2025-12-31,2026-03-13,14.37,,1.06,85.63,nse,2026-07-21T22:03:03.294004+00:00
ARSHIYA,2025-09-30,2026-03-14,14.37,,1.06,85.63,nse,2026-07-21T22:03:03.294004+00:00
ARTEMISMED,2026-06-30,2026-07-15,58.39,12.29,2.4,41.61,nse,2026-07-26T12:42:29.325664+00:00
ARTNIRMAN,2026-06-30,2026-07-16,73.75,,,26.25,nse,2026-07-21T22:03:08.069251+00:00
ARTNIRMAN,2026-03-31,2026-04-16,73.75,,,26.25,nse,2026-07-21T22:03:08.069251+00:00
ARTNIRMAN,2025-12-31,2026-01-19,73.75,,,26.25,nse,2026-07-21T22:03:08.069251+00:00
ARTNIRMAN,2025-09-30,2025-10-18,73.75,,,26.25,nse,2026-07-21T22:03:08.069251+00:00
ARVEE,2026-06-30,2026-07-16,73.5,,,26.5,nse,2026-07-26T12:42:29.900049+00:00
ARVIND,2026-06-30,2026-07-21,39.53,16.44,19.89,60.47,nse,2026-07-26T12:42:31.141834+00:00
ARVINDFASN,2026-06-30,2026-07-20,35.1,12.15,24.99,64.9,nse,2026-07-26T12:42:32.034832+00:00
ARVSMART,2026-06-30,2026-07-13,53.83,0.69,8.98,46.17,nse,2026-07-26T12:42:32.909848+00:00
ASAHIINDIA,2026-06-30,2026-07-21,51.57,4.86,5.26,48.43,nse,2026-07-26T12:42:33.784506+00:00
ASAHISONG,2026-06-30,2026-07-17,67.0,0.01,0.32,33.0,nse,2026-07-26T12:42:34.496651+00:00
ASAL,2026-06-30,2026-07-20,75.0,0.09,0.0,25.0,nse,2026-07-26T12:42:35.189101+00:00
ASALCBR,2026-06-30,2026-07-10,62.35,0.69,1.25,37.65,nse,2026-07-26T12:42:35.817658+00:00
ASHAPURMIN,2026-06-30,2026-07-17,48.03,19.22,0.4,51.97,nse,2026-07-26T12:42:36.563999+00:00
ASHIANA,2026-06-30,2026-07-18,61.11,8.18,8.08,38.89,nse,2026-07-26T12:42:37.348874+00:00
ASHIMASYN,2026-06-30,2026-07-20,73.49,0.14,0.0,26.51,nse,2026-07-26T12:42:38.018387+00:00
ASHOKA,2026-06-30,2026-07-15,54.48,4.4,14.03,45.52,nse,2026-07-26T12:42:38.895655+00:00
ASHOKAMET,2026-06-30,2026-07-15,53.65,,,46.35,nse,2026-07-21T22:02:52.365671+00:00
ASHOKAMET,2026-03-31,2026-04-13,53.65,,,46.35,nse,2026-07-21T22:02:52.365671+00:00
ASHOKAMET,2025-12-31,2026-01-23,53.65,,,46.35,nse,2026-07-21T22:02:52.365671+00:00
ASHOKAMET,2025-09-30,2025-10-14,53.65,,,46.35,nse,2026-07-21T22:02:52.365671+00:00
ASHOKLEY,2026-06-30,2026-07-20,51.51,20.68,15.76,48.49,nse,2026-07-26T12:42:39.752528+00:00
ASIANENE,2026-06-30,2026-07-21,56.14,1.4,0.27,43.86,nse,2026-07-26T12:42:40.677129+00:00
ASIANHOTNR,2026-06-30,2026-07-20,0.0,2.58,1.97,100.0,nse,2026-07-26T12:42:41.254572+00:00
ASIANPAINT,2026-06-30,2026-07-18,52.63,13.32,20.77,47.29,nse,2026-07-26T12:42:44.434971+00:00
ASIANTILES,2026-06-30,2026-07-09,38.79,1.37,0.14,61.21,nse,2026-07-26T12:42:45.227282+00:00
ASKAUTOLTD,2026-06-30,2026-07-13,74.95,9.5,10.97,25.05,nse,2026-07-26T12:42:45.942439+00:00
ASPINWALL,2026-06-30,2026-07-16,64.46,,,35.54,nse,2026-07-26T12:42:46.729519+00:00
ASTEC,2026-06-30,2026-07-21,71.96,0.01,3.33,28.04,nse,2026-07-26T12:42:47.825889+00:00
ASTERDM,2026-07-13,2026-07-23,53.72,10.31,16.48,46.28,nse,2026-07-26T12:42:48.561662+00:00
ASTRAL,2026-06-30,2026-07-17,54.22,13.89,21.31,45.78,nse,2026-07-26T12:42:49.281929+00:00
ASTRAMICRO,2026-06-30,2026-07-13,6.54,10.74,16.09,93.46,nse,2026-07-26T12:42:50.087213+00:00
ASTRAZEN,2026-06-30,2026-07-20,75.0,2.68,6.08,25.0,nse,2026-07-26T12:42:50.988090+00:00
ATAM,2026-06-30,2026-07-20,52.29,0.17,1.07,47.71,nse,2026-07-26T12:34:40.012588+00:00
ATAM,2026-03-31,2026-04-18,52.29,0.17,1.01,47.71,nse,2026-07-21T22:00:00.426687+00:00
ATAM,2025-12-31,2026-01-20,52.44,0.17,0.99,47.56,nse,2026-07-21T22:00:00.426687+00:00
ATAM,2025-09-30,2025-10-17,52.56,0.18,0.09,47.44,nse,2026-07-21T22:00:00.426687+00:00
ATGL,2026-06-30,2026-07-10,74.8,12.76,6.35,25.2,nse,2026-07-26T12:42:51.552917+00:00
ATHERENERG,2026-06-30,2026-07-10,40.72,16.23,29.29,59.28,nse,2026-07-26T12:42:52.210537+00:00
ATL,2026-06-30,2026-07-15,67.17,5.34,0.21,32.83,nse,2026-07-26T12:42:53.249631+00:00
ATLASCYCLE,2026-06-30,2026-07-15,41.92,,0.01,58.08,nse,2026-07-21T22:02:55.024753+00:00
ATLASCYCLE,2026-03-31,2026-04-10,41.92,,0.01,58.08,nse,2026-07-21T22:02:55.024753+00:00
ATLASCYCLE,2025-12-31,2026-01-08,41.92,,0.01,58.08,nse,2026-07-21T22:02:55.024753+00:00
ATLASCYCLE,2025-09-30,2025-10-14,41.92,,0.01,58.08,nse,2026-07-21T22:02:55.024753+00:00
ATUL,2026-06-30,2026-07-16,45.33,7.44,25.93,54.67,nse,2026-07-26T12:42:53.889945+00:00
ATULAUTO,2026-06-30,2026-07-18,42.7,0.53,0.07,57.3,nse,2026-07-26T12:42:54.481936+00:00
AUBANK,2026-06-30,2026-07-21,22.74,35.98,32.81,77.26,nse,2026-07-26T12:42:55.090508+00:00
AURIONPRO,2026-06-30,2026-07-17,26.86,16.01,1.48,73.14,nse,2026-07-26T12:44:06.125793+00:00
AUROPHARMA,2026-06-30,2026-07-15,51.88,16.38,25.1,48.12,nse,2026-07-26T12:44:07.323200+00:00
AURUM,2026-06-30,2026-07-20,47.89,0.42,0.0,52.11,nse,2026-07-26T12:44:07.958437+00:00
AUTOAXLES,2026-06-30,2026-07-15,71.04,0.75,15.44,28.96,nse,2026-07-26T12:44:08.712426+00:00
AUTOIND,2026-06-30,2026-07-18,32.6,0.6,0.0,67.4,nse,2026-07-26T12:44:09.547927+00:00
AVADHSUGAR,2026-06-30,2026-07-17,60.39,1.47,0.27,39.61,nse,2026-07-26T12:44:10.519141+00:00
AVALON,2026-06-30,2026-07-20,44.39,7.81,24.72,55.61,nse,2026-07-26T12:44:11.476606+00:00
AVANTEL,2026-06-30,2026-07-08,37.04,1.53,1.14,62.96,nse,2026-07-26T12:44:12.301586+00:00
AVANTIFEED,2026-06-30,2026-07-18,43.23,7.19,7.36,56.77,nse,2026-07-26T12:44:13.155829+00:00
AVL,2026-06-30,2026-07-17,47.14,15.05,21.67,52.86,nse,2026-07-26T12:44:13.723146+00:00
AVONMORE,2026-06-30,2026-07-16,58.46,0.04,0.01,41.54,nse,2026-07-26T12:44:14.401120+00:00
AVROIND,2026-06-30,2026-07-11,53.64,6.84,,46.36,nse,2026-07-26T12:44:15.075784+00:00
AVTNPL,2026-06-30,2026-07-10,75.0,0.04,0.02,25.0,nse,2026-07-26T12:44:15.685321+00:00
AWFIS,2026-06-30,2026-07-20,17.0,26.92,38.51,83.0,nse,2026-07-26T12:44:16.458428+00:00
AWHCL,2026-06-30,2026-07-20,46.09,13.08,3.38,53.89,nse,2026-07-26T12:44:17.388786+00:00
AWL,2026-06-30,2026-07-14,56.94,21.09,8.46,42.46,nse,2026-07-26T12:44:18.037927+00:00
AXISBANK,2026-06-30,2026-07-13,7.87,43.0,42.69,92.13,nse,2026-07-26T12:44:18.932096+00:00
AXISCADES,2026-06-30,2026-07-20,58.03,1.45,1.97,41.97,nse,2026-07-26T12:44:19.670961+00:00
AXITA,2026-06-30,2026-07-16,41.91,5.32,,58.09,nse,2026-07-26T12:44:20.350402+00:00
AYMSYNTEX,2026-06-30,2026-07-20,65.73,3.62,0.48,34.27,nse,2026-07-26T12:44:21.176144+00:00
AZAD,2026-06-30,2026-07-15,55.84,13.3,10.32,44.16,nse,2026-07-26T12:34:40.832136+00:00
BAFNAPH,2026-06-30,2026-07-20,75.0,9.34,,25.0,nse,2026-07-26T12:44:21.794414+00:00
BAGFILMS,2026-06-30,2026-07-15,51.74,,,48.26,nse,2026-07-21T22:03:02.088763+00:00
BAGFILMS,2026-06-27,2026-07-03,51.74,,,48.26,nse,2026-07-21T22:03:02.088763+00:00
BAGFILMS,2026-03-31,2026-04-13,49.37,,,50.63,nse,2026-07-21T22:03:02.088763+00:00
BAGFILMS,2026-03-28,2026-04-03,49.37,,,50.63,nse,2026-07-21T22:03:02.088763+00:00
BAJAJCON,2026-06-30,2026-07-04,42.97,16.11,14.91,57.03,nse,2026-07-26T12:44:22.411674+00:00
BAJAJELEC,2026-06-30,2026-07-19,62.69,5.37,16.83,37.31,nse,2026-07-26T12:44:23.440391+00:00
BAJAJFINSV,2026-06-30,2026-07-18,58.71,6.91,12.1,41.24,nse,2026-07-26T12:44:24.610617+00:00
BAJAJHCARE,2026-06-30,2026-07-15,58.59,2.19,1.92,41.41,nse,2026-07-26T12:44:25.183424+00:00
BAJAJHFL,2026-06-30,2026-07-17,86.7,0.9,1.01,13.25,nse,2026-07-26T12:44:25.731128+00:00
BAJAJHIND,2026-06-30,2026-07-17,13.33,1.14,50.68,86.59,nse,2026-07-26T12:44:26.455833+00:00
BAJAJHLDNG,2026-06-30,2026-07-20,51.46,9.46,8.27,48.54,nse,2026-07-26T12:44:28.939518+00:00
BAJAJINDEF,2026-06-30,2026-07-21,69.61,1.11,,30.39,nse,2026-07-26T12:44:29.648910+00:00
BAJEL,2026-06-30,2026-07-20,62.53,0.53,9.2,37.47,nse,2026-07-26T12:44:30.720672+00:00
BAJFINANCE,2026-06-30,2026-07-18,54.67,20.21,16.4,45.24,nse,2026-07-26T12:44:31.979425+00:00
BALAJEE,2026-06-30,2026-07-16,65.42,0.01,0.35,34.58,nse,2026-07-26T12:44:32.603553+00:00
BALAJITELE,2026-06-30,2026-07-09,31.3,24.53,0.02,68.7,nse,2026-07-26T12:44:33.380134+00:00
BALAMINES,2026-06-30,2026-07-20,54.56,3.17,1.59,45.44,nse,2026-07-26T12:59:48.415955+00:00
BALAXI,2026-06-30,2026-07-21,65.99,0.0,2.56,34.01,nse,2026-07-26T12:44:34.549615+00:00
BALKRISHNA,2026-06-30,2026-07-16,59.95,,0.03,40.05,nse,2026-07-21T22:02:36.654193+00:00
BALKRISHNA,2026-03-31,2026-04-11,59.95,,0.03,40.05,nse,2026-07-21T22:02:36.654193+00:00
BALKRISHNA,2025-12-31,2026-01-14,59.95,,0.03,40.05,nse,2026-07-21T22:02:36.654193+00:00
BALKRISHNA,2025-09-30,2025-10-11,59.95,,0.03,40.05,nse,2026-07-21T22:02:36.654193+00:00
BALKRISIND,2026-06-30,2026-07-20,58.29,10.32,24.61,41.71,nse,2026-07-26T12:44:35.068638+00:00
BALRAMCHIN,2026-06-30,2026-07-21,42.86,9.33,29.09,57.14,nse,2026-07-26T12:44:35.744112+00:00
BALUFORGE,2026-06-30,2026-07-15,53.51,5.04,0.95,46.49,nse,2026-07-26T12:44:36.483355+00:00
BANARBEADS,2026-06-30,2026-07-08,58.48,0.0,0.0,41.52,nse,2026-07-21T22:02:31.439759+00:00
BANARBEADS,2026-03-31,2026-04-09,58.48,0.0,0.0,41.52,nse,2026-07-21T22:02:31.439759+00:00
BANARBEADS,2025-12-31,2026-01-14,58.14,0.0,0.0,41.86,nse,2026-07-21T22:02:31.439759+00:00
BANARBEADS,2025-09-30,2025-10-15,58.14,0.0,0.0,41.86,nse,2026-07-21T22:02:31.439759+00:00
BANDHANBNK,2026-06-30,2026-07-21,37.54,18.65,27.48,62.46,nse,2026-07-26T12:44:37.505839+00:00
BANG,2026-06-30,2026-07-18,67.89,,,32.11,nse,2026-07-26T12:44:38.248962+00:00
BANG,2026-03-31,2026-04-14,67.87,,,32.13,nse,2026-07-21T22:02:43.801290+00:00
BANG,2025-12-31,2026-01-10,67.87,,,32.13,nse,2026-07-21T22:02:43.801290+00:00
BANG,2025-09-30,2025-10-17,67.87,,,32.13,nse,2026-07-21T22:02:43.801290+00:00
BANKA,2026-06-30,2026-07-21,52.02,,,47.98,nse,2026-07-26T12:46:05.685645+00:00
BANKA,2026-03-31,2026-04-13,52.07,,,47.93,nse,2026-07-21T22:02:45.933757+00:00
BANKA,2025-12-31,2026-01-20,52.2,,,47.8,nse,2026-07-21T22:02:45.933757+00:00
BANKA,2025-09-30,2025-10-13,52.23,,,47.77,nse,2026-07-21T22:02:45.933757+00:00
BANKBARODA,2026-06-30,2026-07-08,63.97,10.14,18.42,36.03,nse,2026-07-26T12:46:06.488643+00:00
BANKINDIA,2026-06-30,2026-07-10,73.38,6.87,13.96,26.62,nse,2026-07-26T12:46:07.092854+00:00
BANSWRAS,2026-06-30,2026-07-21,54.19,7.92,,45.81,nse,2026-07-26T12:46:07.799183+00:00
BASF,2026-06-30,2026-07-15,73.33,5.21,6.29,26.67,nse,2026-07-26T12:46:08.635519+00:00
BASML,2026-06-30,2026-07-20,49.55,0.2,,50.45,nse,2026-07-26T12:46:09.766087+00:00
BATAINDIA,2026-06-30,2026-07-17,50.16,6.38,27.23,49.84,nse,2026-07-26T12:46:10.586330+00:00
BBL,2026-06-30,2026-07-21,33.65,5.84,15.63,66.35,nse,2026-07-26T12:46:11.313620+00:00
BBOX,2026-06-30,2026-07-17,69.95,4.69,3.41,30.05,nse,2026-07-26T12:46:11.939507+00:00
BBTC,2026-06-30,2026-07-21,74.05,9.46,1.03,25.95,nse,2026-07-26T12:46:12.948086+00:00
BCONCEPTS,2026-06-30,2026-07-16,52.11,0.03,0.24,47.89,nse,2026-07-26T12:46:13.548091+00:00
BDL,2026-06-30,2026-07-09,74.93,1.69,11.53,25.07,nse,2026-07-26T12:46:14.099397+00:00
BEARDSELL,2026-06-30,2026-07-20,52.68,,0.04,47.32,nse,2026-07-26T12:46:14.673699+00:00
BECTORFOOD,2026-06-30,2026-07-17,49.04,8.07,25.95,50.96,nse,2026-07-26T12:46:15.322892+00:00
BEL,2026-06-30,2026-07-13,51.14,18.02,21.02,48.86,nse,2026-07-26T12:46:15.895274+00:00
BELLACASA,2026-06-30,2026-07-18,58.34,0.01,0.0,41.66,nse,2026-07-26T12:46:16.459434+00:00
BELRISE,2026-07-17,2026-07-23,61.15,12.1,13.12,38.85,nse,2026-07-26T12:46:17.555874+00:00
BEML,2026-06-30,2026-07-17,54.03,5.48,19.39,45.97,nse,2026-07-26T12:46:18.114871+00:00
BERGEPAINT,2026-06-30,2026-07-17,74.98,4.83,11.79,25.02,nse,2026-07-26T12:46:18.731620+00:00
BESTAGRO,2026-06-30,2026-07-15,50.44,5.56,2.13,49.56,nse,2026-07-26T12:46:19.309348+00:00
BFINVEST,2026-06-30,2026-07-15,74.13,0.71,0.15,25.87,nse,2026-07-26T12:46:19.999552+00:00
BFUTILITIE,2026-06-30,2026-07-17,56.72,1.61,0.07,43.28,nse,2026-07-26T12:46:20.804177+00:00
BHAGCHEM,2026-06-30,2026-07-12,19.6,0.1,3.0,80.4,nse,2026-07-26T12:46:21.460389+00:00
BHAGERIA,2026-06-30,2026-07-17,71.77,0.05,,28.23,nse,2026-07-26T12:46:22.105597+00:00
BHAGYANGR,2026-06-30,2026-07-16,64.91,0.86,0.2,35.09,nse,2026-07-26T12:46:22.880419+00:00
BHANDARI,2026-06-30,2026-07-14,41.83,,,58.17,nse,2026-07-21T22:03:13.673332+00:00
BHANDARI,2026-03-31,2026-04-07,41.83,,,58.17,nse,2026-07-21T22:03:13.673332+00:00
BHANDARI,2026-03-23,2026-03-24,41.83,,,58.17,nse,2026-07-21T22:03:13.673332+00:00
BHANDARI,2025-12-31,2026-01-15,31.02,,,68.98,nse,2026-07-21T22:03:13.673332+00:00
BHARATFORG,2026-06-30,2026-07-16,44.07,15.04,32.34,55.93,nse,2026-07-26T12:46:23.582536+00:00
BHARATSE,2026-06-30,2026-07-22,74.66,0.15,0.22,25.34,nse,2026-07-26T12:46:24.206706+00:00
BHARATWIRE,2026-06-30,2026-07-21,41.27,2.06,19.0,58.73,nse,2026-07-26T12:46:24.963097+00:00
BHARTIARTL,2026-06-30,2026-07-20,48.87,27.12,21.26,51.09,nse,2026-07-26T12:46:25.617418+00:00
BHARTIHEXA,2026-06-30,2026-07-20,70.0,3.58,10.64,30.0,nse,2026-07-26T12:46:28.496705+00:00
BHEL,2026-06-30,2026-07-14,58.17,9.51,22.44,41.83,nse,2026-07-26T12:46:29.150205+00:00
BIGBLOC,2026-06-30,2026-07-08,72.81,0.21,,27.19,nse,2026-07-26T12:46:30.039413+00:00
BIKAJI,2026-06-30,2026-07-15,73.88,4.61,17.5,26.12,nse,2026-07-26T12:46:30.933412+00:00
BIL,2026-06-30,2026-07-17,61.17,7.43,0.25,38.83,nse,2026-07-26T12:46:31.798742+00:00
BILVYAPAR,2026-06-30,2026-07-21,50.24,0.0,1.73,49.76,nse,2026-07-26T12:46:32.788459+00:00
BIOCON,2026-06-30,2026-07-21,44.68,8.14,23.38,55.27,nse,2026-07-26T12:46:33.649568+00:00
BIOFILCHEM,2026-06-30,2026-07-16,46.79,,0.08,53.21,nse,2026-07-21T22:03:21.341823+00:00
BIOFILCHEM,2026-03-31,2026-04-08,46.79,,0.08,53.21,nse,2026-07-21T22:03:21.341823+00:00
BIOFILCHEM,2025-12-31,2026-01-08,46.79,,0.08,53.21,nse,2026-07-21T22:03:21.341823+00:00
BIOFILCHEM,2025-09-30,2025-10-10,46.79,0.0,0.08,53.21,nse,2026-07-21T22:03:21.341823+00:00
BIRLACABLE,2026-06-30,2026-07-16,66.35,0.02,0.01,33.65,nse,2026-07-26T12:46:34.364495+00:00
BIRLACORPN,2026-06-30,2026-07-14,62.9,6.13,16.97,37.1,nse,2026-07-26T12:46:35.221160+00:00
BIRLAMONEY,2026-06-30,2026-07-13,73.53,0.08,,26.47,nse,2026-07-26T12:46:35.887736+00:00
BIRLANU,2026-06-30,2026-07-21,40.57,2.74,0.08,59.43,nse,2026-07-26T13:01:37.361063+00:00
BLACKBUCK,2026-06-30,2026-07-15,25.0,31.48,14.38,75.0,nse,2026-07-26T13:01:38.360839+00:00
BLAL,2026-06-30,2026-07-13,54.03,0.0,8.21,45.97,nse,2026-07-26T13:01:39.193193+00:00
BLBLIMITED,2026-06-30,2026-07-08,45.77,,,54.23,nse,2026-07-21T22:03:21.809656+00:00
BLBLIMITED,2026-03-31,2026-04-19,45.77,0.04,,54.23,nse,2026-07-21T22:03:21.809656+00:00
BLBLIMITED,2025-12-31,2026-01-19,41.0,,,59.0,nse,2026-07-21T22:03:21.809656+00:00
BLBLIMITED,2025-09-30,2025-10-09,41.0,0.11,,59.0,nse,2026-07-21T22:03:21.809656+00:00
BLISSGVS,2026-06-30,2026-07-21,35.01,8.07,9.47,64.99,nse,2026-07-26T13:01:40.555702+00:00
BLKASHYAP,2026-03-31,2026-04-20,61.72,0.29,0.18,38.28,nse,2026-07-26T13:01:41.226520+00:00
BLS,2026-06-30,2026-07-21,70.39,4.14,3.1,29.57,nse,2026-07-26T13:01:42.932315+00:00
BLSE,2026-06-30,2026-07-21,71.87,0.64,0.02,27.9,nse,2026-07-26T13:01:44.897078+00:00
BLUECOAST,2026-06-30,2026-07-17,74.93,,,25.07,nse,2026-07-26T13:01:45.892819+00:00
BLUECOAST,2026-05-13,2026-05-21,74.93,,,25.07,nse,2026-07-21T22:03:18.885717+00:00
BLUECOAST,2026-03-31,2026-04-17,71.41,,,28.59,nse,2026-07-21T22:03:18.885717+00:00
BLUECOAST,2025-12-31,2026-01-19,71.41,,,28.59,nse,2026-07-21T22:03:18.885717+00:00
BLUEDART,2026-06-30,2026-07-16,75.0,3.35,14.47,25.0,nse,2026-07-26T13:01:46.562782+00:00
BLUEJET,2026-07-09,2026-07-14,73.15,0.62,9.12,26.85,nse,2026-07-26T13:01:47.213974+00:00
BLUESTARCO,2026-06-30,2026-07-22,36.5,12.75,28.25,63.49,nse,2026-07-26T13:01:48.220114+00:00
BLUESTONE,2026-06-30,2026-07-23,16.25,34.68,32.48,83.75,nse,2026-07-26T13:01:49.352839+00:00
BLUSPRING,2026-06-30,2026-07-21,58.05,5.7,8.65,41.95,nse,2026-07-26T13:01:50.142781+00:00
BODALCHEM,2026-06-30,2026-07-08,57.0,0.02,0.0,43.0,nse,2026-07-26T13:01:50.784157+00:00
BOHRAIND,2026-03-31,2026-04-20,38.01,,,61.99,nse,2026-07-26T13:01:51.391671+00:00
BOMDYEING,2026-06-30,2026-07-17,53.57,0.91,0.99,46.43,nse,2026-07-26T13:01:52.928474+00:00
BORANA,2026-06-30,2026-07-18,65.24,1.66,2.78,34.76,nse,2026-07-26T13:01:53.589730+00:00
BOROLTD,2026-06-30,2026-07-17,64.68,0.35,6.2,35.32,nse,2026-07-26T13:01:54.394566+00:00
BORORENEW,2026-06-30,2026-07-17,58.77,6.14,2.62,41.23,nse,2026-07-26T13:01:55.251835+00:00
BOROSCI,2026-06-30,2026-07-17,68.27,0.23,0.27,31.73,nse,2026-07-26T13:01:56.015061+00:00
BOSCHLTD,2026-06-30,2026-07-20,70.54,7.1,15.16,29.46,nse,2026-07-26T13:01:56.714544+00:00
BPCL,2026-06-30,2026-07-17,52.98,16.84,21.07,47.02,nse,2026-07-26T13:01:57.587318+00:00
BRIGADE,2026-06-30,2026-07-16,41.1,15.63,25.47,58.9,nse,2026-07-26T13:01:58.337711+00:00
BRIGHOTEL,2026-06-30,2026-07-15,74.09,0.81,19.82,25.91,nse,2026-07-26T13:01:59.171781+00:00
BRITANNIA,2026-06-30,2026-07-21,50.55,13.4,20.93,49.45,nse,2026-07-26T13:02:00.363033+00:00
BSE,2026-06-30,2026-07-14,0.0,,,100.0,nse,2026-07-26T13:02:01.229093+00:00
BSL,2026-06-30,2026-07-17,56.72,,1.62,43.28,nse,2026-07-26T13:02:02.099277+00:00
BSOFT,2026-06-30,2026-07-21,40.38,12.78,21.99,59.62,nse,2026-07-26T13:02:02.870952+00:00
BTML,2026-06-30,2026-07-18,24.27,0.39,8.86,75.73,nse,2026-07-26T13:02:03.602390+00:00
BUTTERFLY,2026-06-30,2026-07-16,75.0,0.01,0.43,25.0,nse,2026-07-26T13:02:04.187665+00:00
BVCL,2026-06-30,2026-07-03,52.72,,,47.28,nse,2026-07-21T22:03:12.803086+00:00
BVCL,2026-03-31,2026-04-17,54.12,,,45.88,nse,2026-07-21T22:03:12.803086+00:00
BVCL,2025-12-31,2026-01-12,54.12,,,45.88,nse,2026-07-21T22:03:12.803086+00:00
BVCL,2025-09-30,2025-10-10,54.12,,,45.88,nse,2026-07-21T22:03:12.803086+00:00
BYKE,2026-06-30,2026-07-18,42.25,2.15,,57.75,nse,2026-07-26T13:02:05.051835+00:00
CALSOFT,2026-06-30,2026-07-21,62.26,0.03,0.0,37.74,nse,2026-07-26T13:02:06.157077+00:00
CAMLINFINE,2026-06-30,2026-07-17,48.03,0.91,5.42,51.97,nse,2026-07-26T13:02:06.875209+00:00
CAMPUS,2026-06-30,2026-07-16,72.08,6.03,11.39,27.92,nse,2026-07-26T13:02:07.605887+00:00
CAMS,2026-06-30,2026-07-17,0.0,44.88,23.54,100.0,nse,2026-07-26T13:02:08.470799+00:00
CANBK,2026-06-30,2026-07-07,62.93,12.68,11.91,37.07,nse,2026-07-26T13:02:09.195323+00:00
CANFINHOME,2026-06-30,2026-07-14,29.99,13.23,24.53,70.01,nse,2026-07-26T13:02:09.978481+00:00
CAPACITE,2026-06-30,2026-07-21,31.69,14.16,7.72,68.31,nse,2026-07-26T13:02:10.971918+00:00
CAPITALSFB,2026-06-30,2026-07-06,18.29,0.59,27.47,81.71,nse,2026-07-26T13:02:12.090600+00:00
CAPLIPOINT,2026-06-30,2026-07-21,70.57,5.75,2.49,29.43,nse,2026-07-26T13:34:42.384577+00:00
CAPTRUST,2026-06-30,2026-07-20,54.13,8.3,0.0,45.45,nse,2026-07-26T13:34:43.111684+00:00
CAPTRUST,2026-03-31,2026-04-16,54.13,8.3,0.0,45.45,nse,2026-07-21T22:03:15.876386+00:00
CAPTRUST,2025-12-31,2026-01-21,54.13,8.3,0.0,45.45,nse,2026-07-21T22:03:15.876386+00:00
CAPTRUST,2025-11-12,2025-11-12,54.13,,0.0,45.45,nse,2026-07-21T22:03:15.876386+00:00
CARBORUNIV,2026-06-30,2026-07-21,38.89,11.13,29.06,61.11,nse,2026-07-26T13:34:45.508933+00:00
CARERATING,2026-06-30,2026-07-10,0.0,23.41,31.58,100.0,nse,2026-07-26T13:34:46.127829+00:00
CARRARO,2026-06-30,2026-07-20,68.77,2.91,16.1,31.23,nse,2026-07-26T13:34:46.765224+00:00
CARTRADE,2026-06-30,2026-07-17,0.0,54.37,15.64,100.0,nse,2026-07-26T13:34:47.549531+00:00
CARYSIL,2026-06-30,2026-07-09,41.33,1.63,11.91,58.67,nse,2026-07-26T13:34:48.306674+00:00
CASTROLIND,2026-06-30,2026-07-15,51.0,8.18,14.41,49.0,nse,2026-07-26T13:34:48.887799+00:00
CCCL,2026-06-30,2026-07-06,60.05,0.0,8.97,39.95,nse,2026-07-26T13:34:49.543392+00:00
CCHHL,2026-06-30,2026-07-19,73.8,0.49,,26.2,nse,2026-07-26T13:34:50.130197+00:00
CCL,2026-06-30,2026-07-13,46.14,12.07,21.11,53.71,nse,2026-07-26T13:34:50.742862+00:00
CDSL,2026-06-30,2026-07-21,15.0,8.24,15.19,85.0,nse,2026-07-26T13:34:51.503472+00:00
CEATLTD,2026-06-30,2026-07-20,47.29,13.82,22.2,52.44,nse,2026-07-26T13:34:52.415518+00:00
CEIGALL,2026-06-30,2026-07-17,82.06,3.88,3.65,17.94,nse,2026-07-26T13:34:53.128715+00:00
CELEBRITY,2026-06-30,2026-07-21,33.15,12.99,,66.85,nse,2026-07-26T13:34:53.812347+00:00
CELEBRITY,2026-03-31,2026-04-20,33.15,12.99,,66.85,nse,2026-07-21T21:59:44.033401+00:00
CELEBRITY,2026-03-21,2026-03-28,33.15,12.99,,66.85,nse,2026-07-21T21:59:44.033401+00:00
CELEBRITY,2025-12-31,2026-01-12,33.42,14.05,,66.58,nse,2026-07-21T21:59:44.033401+00:00
CEMPRO,2026-06-30,2026-07-10,67.46,7.27,2.87,32.54,nse,2026-07-26T13:34:54.496769+00:00
CENTENKA,2026-06-30,2026-07-18,24.86,1.96,10.91,75.14,nse,2026-07-26T13:34:55.634496+00:00
CENTEXT,2026-06-30,2026-07-14,52.04,0.18,0.07,47.96,nse,2026-07-26T13:34:56.413123+00:00
CENTRALBK,2026-06-30,2026-07-18,81.19,0.93,10.94,18.81,nse,2026-07-26T13:34:57.101124+00:00
CENTRUM,2026-06-30,2026-07-20,39.44,1.29,1.93,58.06,nse,2026-07-26T13:34:57.793631+00:00
CENTUM,2026-06-30,2026-07-16,46.82,3.31,19.67,53.18,nse,2026-07-26T13:34:58.346992+00:00
CENTURYPLY,2026-06-30,2026-07-06,71.83,3.86,19.41,28.17,nse,2026-07-26T13:34:59.095923+00:00
CERA,2026-06-30,2026-07-13,54.41,15.43,14.06,45.57,nse,2026-07-26T13:35:00.001667+00:00
CEREBRAINT,2026-03-31,2026-04-20,0.84,0.0,0.01,99.16,nse,2026-07-21T22:03:27.861147+00:00
CEREBRAINT,2025-12-31,2026-01-20,0.84,0.0,0.01,99.16,nse,2026-07-21T22:03:27.861147+00:00
CEREBRAINT,2025-09-30,2025-10-18,0.84,0.0,0.01,99.16,nse,2026-07-21T22:03:27.861147+00:00
CEREBRAINT,2025-06-30,2025-07-27,0.84,0.0,0.01,99.16,nse,2026-07-21T22:03:27.861147+00:00
CESC,2026-06-30,2026-07-20,52.11,11.47,26.14,47.89,nse,2026-07-26T13:35:00.776482+00:00
CEWATER,2026-06-30,2026-07-13,51.43,0.37,7.21,48.57,nse,2026-07-26T13:35:01.547961+00:00
CGCL,2026-06-30,2026-07-02,59.92,8.21,18.42,40.08,nse,2026-07-26T13:35:02.244900+00:00
CGPOWER,2026-06-30,2026-07-20,56.36,11.97,18.3,43.64,nse,2026-07-26T13:35:04.247122+00:00
CHALET,2026-06-30,2026-07-21,67.29,4.26,25.0,32.71,nse,2026-07-26T13:35:05.703213+00:00
CHAMBLFERT,2026-06-30,2026-07-17,61.34,14.92,5.34,38.66,nse,2026-07-26T13:35:06.459462+00:00
CHEMBOND,2026-06-30,2026-07-17,68.11,0.61,1.62,31.89,nse,2026-07-26T13:35:08.006534+00:00
CHEMBONDCH,2026-06-30,2026-07-08,68.0,0.65,2.65,32.0,nse,2026-07-26T13:35:08.885491+00:00
CHEMFAB,2026-06-30,2026-07-09,72.13,0.04,0.07,27.87,nse,2026-07-26T13:35:09.703148+00:00
CHEMPLASTS,2026-06-30,2026-07-17,54.99,12.02,23.71,45.01,nse,2026-07-26T13:35:10.430540+00:00
CHENNPETRO,2026-06-30,2026-07-03,67.29,14.99,1.01,32.71,nse,2026-07-26T13:35:11.211678+00:00
CHEVIOT,2026-06-30,2026-07-13,74.88,0.28,0.17,25.12,nse,2026-07-26T13:35:12.049432+00:00
CHOICEIN,2026-06-30,2026-07-21,53.65,10.1,0.28,46.35,nse,2026-07-26T13:35:12.950130+00:00
CHOLAFIN,2026-06-30,2026-07-20,49.22,24.45,20.62,50.78,nse,2026-07-26T13:35:15.367295+00:00
CHOLAHLDNG,2026-06-30,2026-07-16,46.43,13.0,26.89,53.57,nse,2026-07-26T13:35:17.859439+00:00
CIEINDIA,2026-06-30,2026-07-15,65.7,4.95,20.65,34.3,nse,2026-07-26T13:37:12.624066+00:00
CIGNITITEC,2026-03-31,2026-04-22,54.0,10.43,11.58,46.0,nse,2026-07-26T13:37:13.514030+00:00
CINEVISTA,2026-06-30,2026-07-16,67.49,,,32.51,nse,2026-07-21T22:02:47.813183+00:00
CINEVISTA,2026-03-31,2026-04-15,67.49,,,32.51,nse,2026-07-21T22:02:47.813183+00:00
CINEVISTA,2025-12-31,2026-01-16,67.43,,,32.57,nse,2026-07-21T22:02:47.813183+00:00
CINEVISTA,2025-09-30,2025-10-21,67.43,,,32.57,nse,2026-07-21T22:02:47.813183+00:00
CIPLA,2026-06-30,2026-07-21,29.21,20.21,34.63,70.79,nse,2026-07-26T13:37:14.316829+00:00
CLEAN,2026-06-30,2026-07-18,51.29,13.37,16.23,48.71,nse,2026-07-26T13:37:15.637111+00:00
CLEDUCATE,2026-06-30,2026-07-21,51.78,7.8,,48.22,nse,2026-07-26T13:37:16.285426+00:00
CLSEL,2026-06-30,2026-07-18,74.05,3.3,1.57,25.95,nse,2026-07-26T12:59:49.391565+00:00
CMSINFO,2026-06-30,2026-07-09,0.0,22.7,36.0,100.0,nse,2026-07-26T13:37:17.836512+00:00
COALINDIA,2026-06-30,2026-07-21,61.13,10.37,22.21,38.87,nse,2026-07-26T13:37:18.707388+00:00
COASTCORP,2026-06-30,2026-07-13,42.3,1.05,1.03,57.7,nse,2026-07-26T13:37:20.252129+00:00
COCHINSHIP,2026-06-30,2026-07-18,67.91,2.83,6.96,32.09,nse,2026-07-26T13:37:20.915098+00:00
COFORGE,2026-06-30,2026-07-20,0.0,24.31,42.62,100.0,nse,2026-07-26T13:37:21.688546+00:00
COHANCE,2026-06-30,2026-07-17,57.49,6.5,20.09,42.51,nse,2026-07-26T13:37:22.374343+00:00
COLPAL,2026-06-30,2026-07-16,51.0,13.59,15.82,49.0,nse,2026-07-26T13:37:23.019300+00:00
CONCORDBIO,2026-06-30,2026-07-18,44.08,7.52,9.36,55.92,nse,2026-07-26T13:39:26.040931+00:00
CONFIPET,2026-06-30,2026-07-21,57.38,0.81,0.19,42.62,nse,2026-07-26T13:39:26.934424+00:00
CONSOFINVT,2026-06-30,2026-07-20,74.89,2.69,0.02,25.11,nse,2026-07-26T13:39:28.186354+00:00
CONTROLPR,2026-06-30,2026-07-17,52.98,3.07,0.16,47.02,nse,2026-07-26T13:39:29.189714+00:00
COROMANDEL,2026-06-30,2026-07-21,56.35,11.5,19.92,43.48,nse,2026-07-26T13:39:32.015509+00:00
COSMOFIRST,2026-06-30,2026-07-17,40.78,2.41,1.49,58.11,nse,2026-07-26T13:39:33.184300+00:00
COUNCODOS,2026-06-30,2026-07-19,53.86,0.11,,46.14,nse,2026-07-26T13:39:34.016707+00:00
COUNCODOS,2026-03-31,2026-04-20,53.86,0.11,,46.14,nse,2026-07-21T21:59:58.710566+00:00
COUNCODOS,2025-12-31,2026-01-21,53.86,0.11,,46.14,nse,2026-07-21T21:59:58.710566+00:00
COUNCODOS,2025-09-30,2025-10-20,53.86,0.11,,46.14,nse,2026-07-21T21:59:58.710566+00:00
CPCAP,2026-06-30,2026-07-17,63.8,0.05,0.18,36.2,nse,2026-07-26T13:39:34.808916+00:00
CPEDU,2026-06-30,2026-07-18,63.7,0.05,2.53,36.3,nse,2026-07-26T13:39:35.735905+00:00
CPPLUS,2026-06-30,2026-07-20,74.71,6.35,13.61,25.29,nse,2026-07-26T13:39:36.985607+00:00
CRAFTSMAN,2026-06-30,2026-07-11,42.41,17.28,32.9,57.59,nse,2026-07-26T13:39:37.898514+00:00
CREDITACC,2026-06-30,2026-07-15,66.21,13.48,12.67,33.79,nse,2026-07-26T13:39:38.517533+00:00
CREST,2026-06-30,2026-07-20,69.84,1.71,,29.53,nse,2026-07-26T13:39:39.298578+00:00
CRISIL,2026-06-30,2026-07-21,66.64,6.38,12.95,33.36,nse,2026-07-26T13:39:43.425851+00:00
CROMPTON,2026-06-30,2026-07-20,0.0,19.89,66.46,100.0,nse,2026-07-26T13:39:44.041586+00:00
CSBBANK,2026-06-30,2026-07-16,40.0,12.63,15.06,57.8,nse,2026-07-26T13:39:44.616976+00:00
CTE,2026-06-30,2026-07-20,57.13,,,40.93,nse,2026-07-21T22:02:54.346948+00:00
CTE,2026-03-31,2026-04-21,55.75,,,42.31,nse,2026-07-21T22:02:54.346948+00:00
CTE,2025-12-31,2026-02-16,50.91,,,47.15,nse,2026-07-21T22:02:54.346948+00:00
CTE,2025-09-30,2025-10-19,50.91,,,47.15,nse,2026-07-21T22:02:54.346948+00:00
CUB,2026-06-30,2026-07-17,0.0,18.65,44.85,100.0,nse,2026-07-26T13:39:45.369363+00:00
CUMMINSIND,2026-06-30,2026-07-17,51.0,21.19,19.16,49.0,nse,2026-07-26T13:39:45.967330+00:00
CUPID,2026-06-30,2026-07-15,46.24,4.17,0.34,53.76,nse,2026-07-26T13:39:46.579840+00:00
CURAA,2026-06-30,2026-07-20,74.95,,0.03,25.05,nse,2026-07-21T22:02:47.941186+00:00
CURAA,2026-03-31,2026-04-16,74.95,,0.03,25.05,nse,2026-07-21T22:02:47.941186+00:00
CURAA,2025-12-31,2026-01-21,75.2,,0.03,24.8,nse,2026-07-21T22:02:47.941186+00:00
CURAA,2025-09-30,2025-10-17,75.2,,0.03,24.8,nse,2026-07-21T22:02:47.941186+00:00
CYBERMEDIA,2026-06-30,2026-07-15,67.13,,,32.87,nse,2026-07-26T13:39:47.735133+00:00
CYBERMEDIA,2026-04-11,2026-04-30,66.57,,,33.43,nse,2026-07-21T21:59:58.320279+00:00
CYBERMEDIA,2026-03-31,2026-04-13,66.57,,,33.43,nse,2026-07-21T21:59:58.320279+00:00
CYBERMEDIA,2026-02-20,2026-03-13,66.57,,,33.43,nse,2026-07-21T21:59:58.320279+00:00
CYIENT,2026-07-15,2026-07-24,24.7,14.53,37.49,74.77,nse,2026-07-26T13:39:48.378912+00:00
CYIENTDLM,2026-06-30,2026-07-20,52.11,0.25,29.19,47.89,nse,2026-07-26T13:39:49.044728+00:00
DABUR,2026-06-30,2026-07-16,66.24,9.66,18.72,33.76,nse,2026-07-26T13:39:50.861178+00:00
DALBHARAT,2026-06-30,2026-07-21,55.84,6.81,19.94,44.16,nse,2026-07-26T13:39:51.850821+00:00
DALMIASUG,2026-06-30,2026-07-17,74.91,0.51,0.28,25.09,nse,2026-07-26T13:41:19.497007+00:00
DAMCAPITAL,2026-06-30,2026-07-20,40.0,0.99,7.86,60.0,nse,2026-07-26T13:41:20.211916+00:00
DAMODARIND,2026-06-30,2026-07-20,70.13,,0.01,29.87,nse,2026-07-26T13:41:20.987105+00:00
DAMODARIND,2026-03-31,2026-04-21,70.17,,0.01,29.83,nse,2026-07-21T22:02:56.238011+00:00
DAMODARIND,2025-12-31,2026-01-20,70.21,,0.01,29.79,nse,2026-07-21T22:02:56.238011+00:00
DAMODARIND,2025-09-30,2025-10-17,70.22,,0.01,29.78,nse,2026-07-21T22:02:56.238011+00:00
DANGEE,2026-06-30,2026-07-20,55.68,,,44.32,nse,2026-07-21T22:02:58.593313+00:00
DANGEE,2026-03-31,2026-04-21,55.68,,,44.32,nse,2026-07-21T22:02:58.593313+00:00
DANGEE,2025-12-31,2026-01-20,55.68,,,44.32,nse,2026-07-21T22:02:58.593313+00:00
DANGEE,2025-09-30,2025-10-17,55.68,,,44.32,nse,2026-07-21T22:02:58.593313+00:00
DATAMATICS,2026-06-30,2026-07-21,66.33,0.51,0.11,33.67,nse,2026-07-26T13:41:21.930596+00:00
DATAPATTNS,2026-06-30,2026-07-16,42.41,12.5,11.98,57.59,nse,2026-07-26T13:41:22.660538+00:00
DAVANGERE,2026-06-30,2026-07-21,41.63,0.0,0.02,58.37,nse,2026-07-26T13:41:23.473140+00:00
DBCORP,2026-06-30,2026-07-17,74.5,11.85,4.24,25.5,nse,2026-07-26T13:41:25.298312+00:00
DBEIL,2026-06-30,2026-07-15,71.84,0.08,7.9,28.16,nse,2026-07-26T13:41:26.203901+00:00
DBL,2026-06-30,2026-07-15,63.14,1.99,6.12,36.86,nse,2026-07-26T13:41:26.949230+00:00
DBOL,2026-06-30,2026-07-15,50.78,0.29,0.82,48.2,nse,2026-07-26T13:41:27.759757+00:00
DBREALTY,2026-06-30,2026-07-21,47.17,4.79,0.39,52.83,nse,2026-07-26T13:41:29.402943+00:00
DCBBANK,2026-06-30,2026-07-17,16.23,13.48,32.28,83.77,nse,2026-07-26T13:41:30.095385+00:00
DCI,2026-06-30,2026-07-21,62.2,1.16,,37.8,nse,2026-07-26T13:41:31.136300+00:00
DCM,2026-06-30,2026-07-10,50.1,0.0,3.36,49.9,nse,2026-07-26T13:41:31.926189+00:00
DCMFINSERV,2026-06-30,2026-07-17,39.5,0.0,6.18,60.5,nse,2026-07-26T13:41:32.647387+00:00
DCMNVL,2026-06-30,2026-07-19,50.11,0.55,1.59,49.89,nse,2026-07-26T13:41:33.381929+00:00
DCMSHRIRAM,2026-06-30,2026-07-20,66.52,3.89,8.46,32.8,nse,2026-07-26T13:41:34.132794+00:00
DCMSRIND,2026-06-30,2026-07-20,50.11,1.12,12.8,49.89,nse,2026-07-26T13:41:34.934365+00:00
DDEVPLSTIK,2026-06-30,2026-07-20,75.0,1.46,0.09,25.0,nse,2026-07-26T13:41:35.743462+00:00
DECCANCE,2026-06-30,2026-07-13,56.25,14.65,0.86,43.75,nse,2026-07-26T13:41:36.597178+00:00
DEEPAKFERT,2026-06-30,2026-07-20,45.63,10.02,14.69,54.37,nse,2026-07-26T13:41:37.686141+00:00
DEEPAKNTR,2026-06-30,2026-07-21,49.34,6.25,23.76,50.66,nse,2026-07-26T13:41:38.699897+00:00
DEEPINDS,2026-06-30,2026-07-16,63.49,1.47,1.54,36.51,nse,2026-07-26T13:41:40.353339+00:00
DELHIVERY,2026-06-30,2026-07-20,0.0,41.93,43.08,100.0,nse,2026-07-26T13:41:41.137317+00:00
DELPHIFX,2026-06-30,2026-07-19,61.32,0.0,,38.68,nse,2026-07-26T13:41:41.879049+00:00
DELTACORP,2026-06-30,2026-07-20,34.47,1.18,0.24,65.53,nse,2026-07-26T13:51:14.172822+00:00
DELTAMAGNT,2026-06-30,2026-07-20,72.12,,0.08,27.88,nse,2026-07-26T13:51:15.497530+00:00
DELTAMAGNT,2026-03-31,2026-04-17,72.12,,0.08,27.88,nse,2026-07-21T22:02:55.739838+00:00
DELTAMAGNT,2025-12-31,2026-01-16,72.12,,0.08,27.88,nse,2026-07-21T22:02:55.739838+00:00
DELTAMAGNT,2025-09-30,2025-10-16,72.12,,0.08,27.88,nse,2026-07-21T22:02:55.739838+00:00
DEN,2026-06-30,2026-07-21,74.9,0.35,0.05,25.0,nse,2026-07-26T13:51:16.489930+00:00
DEVIT,2026-06-30,2026-07-13,41.58,0.33,,58.42,nse,2026-07-26T13:51:17.280873+00:00
DEVX,2026-06-30,2026-07-14,35.09,1.36,3.93,64.91,nse,2026-07-26T13:51:18.386128+00:00
DEVYANI,2026-06-30,2026-07-21,61.36,6.81,18.85,38.64,nse,2026-07-26T13:51:19.468592+00:00
DGCONTENT,2026-06-30,2026-07-20,66.81,,0.05,32.9,nse,2026-07-26T13:51:20.219765+00:00
DHAMPURSUG,2026-06-30,2026-07-21,49.87,1.95,1.14,50.13,nse,2026-07-26T13:51:21.173162+00:00
DHANBANK,2026-06-30,2026-07-15,0.0,14.21,0.05,100.0,nse,2026-07-26T13:51:21.885480+00:00
DHANI,2025-09-30,2025-10-21,33.91,18.67,1.54,61.58,nse,2026-07-26T13:51:22.578382+00:00
DHANUKA,2026-06-30,2026-07-21,69.81,1.64,18.71,30.19,nse,2026-07-26T13:51:23.401955+00:00
DHARAN,2025-09-30,2025-11-24,0.83,0.75,0.0,99.17,nse,2026-07-26T13:51:24.240865+00:00
DHARAN,2025-06-30,2025-11-19,0.83,0.75,0.0,99.17,nse,2026-07-21T22:02:51.352439+00:00
DHARAN,2025-03-31,2025-04-17,0.84,0.0,0.0,99.16,nse,2026-07-21T22:02:51.352439+00:00
DHARAN,2024-12-31,2025-01-21,83.0,19.0,0.0,9917.0,nse,2026-07-21T22:02:51.352439+00:00
DHARMAJ,2026-06-30,2026-07-16,70.4,3.13,0.5,29.6,nse,2026-07-26T13:51:24.904534+00:00
DHRUV,2026-06-30,2026-07-17,49.44,2.17,,50.56,nse,2026-07-21T22:02:53.435778+00:00
DHRUV,2026-03-31,2026-04-17,49.44,2.24,,50.56,nse,2026-07-21T22:02:53.435778+00:00
DHRUV,2025-12-31,2026-01-20,49.44,2.34,0.94,50.56,nse,2026-07-21T22:02:53.435778+00:00
DHRUV,2025-09-30,2025-10-17,49.44,2.34,3.59,50.56,nse,2026-07-21T22:02:53.435778+00:00
DHUNINV,2026-06-30,2026-07-18,74.95,0.1,0.04,25.05,nse,2026-07-26T13:51:25.925319+00:00
DIACABS,2026-06-30,2026-07-18,84.02,1.76,0.24,15.98,nse,2026-07-26T13:51:26.716331+00:00
DIAMINESQ,2026-06-30,2026-07-08,57.5,,0.02,42.5,nse,2026-07-26T13:51:27.425221+00:00
DICIND,2026-06-30,2026-07-20,71.75,,0.0,28.25,nse,2026-07-26T13:51:28.120149+00:00
DIGIDRIVE,2026-06-30,2026-07-17,61.75,0.01,0.0,38.01,nse,2026-07-26T13:51:28.820922+00:00
DIGIDRIVE,2026-03-31,2026-04-17,61.75,0.01,0.0,38.01,nse,2026-07-21T22:02:51.878260+00:00
DIGIDRIVE,2025-12-31,2026-01-16,61.75,0.01,0.0,38.01,nse,2026-07-21T22:02:51.878260+00:00
DIGIDRIVE,2025-09-30,2025-10-16,61.75,0.05,0.0,38.01,nse,2026-07-21T22:02:51.878260+00:00
DIGISPICE,2026-06-30,2026-07-15,72.64,,0.0,27.36,nse,2026-07-26T13:51:29.873182+00:00
DIGITIDE,2026-06-30,2026-07-14,57.33,7.08,11.3,42.67,nse,2026-07-26T13:51:30.604380+00:00
DIGJAMLMTD,2026-06-30,2026-07-17,75.0,1.79,1.22,25.0,nse,2026-07-26T13:51:31.246007+00:00
DIGJAMLMTD,2026-03-31,2026-04-20,75.0,1.79,1.22,25.0,nse,2026-07-21T22:02:59.102695+00:00
DIGJAMLMTD,2025-12-31,2026-01-19,75.0,1.79,1.22,25.0,nse,2026-07-21T22:02:59.102695+00:00
DIGJAMLMTD,2025-09-30,2025-10-15,75.0,1.79,1.22,25.0,nse,2026-07-21T22:02:59.102695+00:00
DIVGIITTS,2026-06-30,2026-07-21,60.56,1.86,26.16,39.44,nse,2026-07-26T13:51:31.893424+00:00
DIVISLAB,2026-06-30,2026-07-17,51.88,20.2,19.38,48.12,nse,2026-07-26T13:51:32.644768+00:00
DIXON,2026-06-30,2026-07-18,28.55,17.87,28.39,71.45,nse,2026-07-26T13:51:33.388538+00:00
DLF,2026-06-30,2026-07-06,74.08,12.31,8.04,25.92,nse,2026-07-26T13:51:34.216585+00:00
DLINKINDIA,2026-06-30,2026-07-07,51.02,1.36,0.01,48.98,nse,2026-07-26T13:53:17.227874+00:00
DMART,2026-06-30,2026-07-14,74.48,9.23,8.74,25.52,nse,2026-07-26T13:53:18.029906+00:00
DNAMEDIA,2026-06-30,2026-07-21,62.17,4.0,0.0,37.83,nse,2026-07-26T13:53:19.074903+00:00
DNAMEDIA,2026-03-31,2026-04-21,62.17,4.0,0.0,37.83,nse,2026-07-21T22:03:07.624635+00:00
DNAMEDIA,2025-12-31,2026-01-21,62.17,4.0,0.0,37.83,nse,2026-07-21T22:03:07.624635+00:00
DNAMEDIA,2025-09-30,2025-10-08,62.17,4.0,0.0,37.83,nse,2026-07-21T22:03:07.624635+00:00
DODLA,2026-06-30,2026-07-04,58.92,6.08,25.85,41.08,nse,2026-07-26T13:53:19.634215+00:00
DOLLAR,2026-06-30,2026-07-17,72.57,2.55,0.62,27.43,nse,2026-07-26T13:53:20.491832+00:00
DOLPHIN,2026-06-30,2026-07-14,74.99,4.57,0.31,25.01,nse,2026-07-26T13:53:21.596161+00:00
DONEAR,2026-06-30,2026-07-20,74.56,0.0,0.0,25.44,nse,2026-07-26T13:53:22.406417+00:00
DPSCLTD,2026-06-30,2026-07-18,59.15,0.12,0.12,40.85,nse,2026-07-26T13:53:23.106807+00:00
DRCSYSTEMS,2026-06-30,2026-07-15,20.63,0.0,0.39,79.37,nse,2026-07-26T13:53:23.922980+00:00
DREAMFOLKS,2026-06-30,2026-07-20,65.72,0.1,0.02,34.28,nse,2026-07-26T13:53:24.700240+00:00
DREDGECORP,2026-06-30,2026-07-15,73.47,1.03,6.67,26.53,nse,2026-07-26T13:53:25.613937+00:00
DRREDDY,2026-06-30,2026-07-21,26.64,32.07,31.74,73.16,nse,2026-07-26T13:53:27.197493+00:00
DTIL,2026-06-30,2026-07-17,69.0,,1.99,31.0,nse,2026-07-26T13:53:28.119883+00:00
DUCON,2026-06-30,2026-07-21,38.08,,0.0,61.92,nse,2026-07-26T13:53:29.034709+00:00
DUCON,2026-03-31,2026-04-17,38.08,,0.0,61.92,nse,2026-07-21T22:03:00.075412+00:00
DUCON,2025-12-31,2026-01-20,38.08,,0.0,61.92,nse,2026-07-21T22:03:00.075412+00:00
DUCON,2025-09-30,2025-10-15,38.08,,0.0,61.92,nse,2026-07-21T22:03:00.075412+00:00
DVL,2026-06-30,2026-07-17,75.0,0.55,1.74,25.0,nse,2026-07-26T13:53:30.424498+00:00
DWARKESH,2026-06-30,2026-07-13,42.14,1.01,0.75,57.86,nse,2026-07-26T13:53:31.289627+00:00
DYCL,2026-06-30,2026-07-21,68.18,0.67,0.98,31.82,nse,2026-07-26T13:53:32.142946+00:00
DYNAMATECH,2026-06-30,2026-07-17,41.5,10.26,15.86,58.5,nse,2026-07-26T13:53:32.872996+00:00
EASEMYTRIP,2026-06-30,2026-07-15,43.56,5.96,1.99,56.44,nse,2026-07-26T13:53:33.479006+00:00
EASTSILK,2026-06-30,2026-07-14,90.0,,,10.0,nse,2026-07-21T21:59:42.044675+00:00
EASTSILK,2026-03-31,2026-04-15,92.23,,,7.77,nse,2026-07-21T21:59:42.044675+00:00
EASTSILK,2025-12-31,2026-01-16,95.0,,,5.0,nse,2026-07-21T21:59:42.044675+00:00
EASTSILK,2025-09-30,2025-10-18,95.0,,,5.0,nse,2026-07-21T21:59:42.044675+00:00
ECLERX,2026-06-30,2026-07-17,54.52,11.0,23.84,43.29,nse,2026-07-26T13:53:34.193038+00:00
ECOSMOBLTY,2026-06-30,2026-07-17,67.79,1.01,12.63,32.21,nse,2026-07-26T13:53:34.912692+00:00
EDELWEISS,2026-06-30,2026-07-20,32.26,19.47,7.25,67.74,nse,2026-07-26T13:53:35.794452+00:00
EFCIL,2026-06-30,2026-07-20,56.08,1.26,8.88,43.92,nse,2026-07-26T13:53:36.649608+00:00
EICHERMOT,2026-06-30,2026-07-20,49.02,25.53,16.06,50.98,nse,2026-07-26T14:01:27.567993+00:00
EIDPARRY,2026-06-30,2026-07-20,41.28,11.21,16.67,58.72,nse,2026-07-26T14:01:31.164531+00:00
EIEL,2026-06-30,2026-07-15,70.19,0.66,0.7,29.81,nse,2026-07-26T14:01:31.799841+00:00
EIHAHOTELS,2026-06-30,2026-07-21,75.0,13.64,0.0,25.0,nse,2026-07-26T14:01:32.534371+00:00
EIHOTEL,2026-06-30,2026-07-21,32.85,6.65,13.78,67.15,nse,2026-07-26T14:01:33.218082+00:00
EIMCOELECO,2026-06-30,2026-07-10,48.96,3.25,0.99,51.04,nse,2026-07-26T14:01:33.926549+00:00
EKC,2026-06-30,2026-07-15,67.39,1.19,0.29,32.61,nse,2026-07-26T14:01:34.915474+00:00
ELECON,2026-06-30,2026-07-09,59.27,6.99,7.18,40.73,nse,2026-07-26T14:01:36.170440+00:00
ELECTCAST,2026-06-30,2026-07-15,50.13,12.8,0.36,49.87,nse,2026-07-26T14:01:37.507980+00:00
ELECTHERM,2026-06-30,2026-07-15,29.87,9.28,0.78,70.13,nse,2026-07-26T14:01:38.713859+00:00
ELGIEQUIP,2026-06-30,2026-07-16,31.19,21.9,10.13,68.32,nse,2026-07-26T14:01:39.536168+00:00
ELGIRUBCO,2026-06-30,2026-07-17,65.03,0.0,0.94,34.97,nse,2026-07-26T14:01:40.432701+00:00
EMAMILTD,2026-06-30,2026-07-17,54.84,7.87,27.01,45.16,nse,2026-07-26T14:01:41.982680+00:00
EMAMIPAP,2026-06-30,2026-07-14,74.97,0.54,,25.03,nse,2026-07-26T14:01:42.886491+00:00
EMAMIREAL,2026-06-30,2026-07-18,73.42,,0.07,26.58,nse,2026-07-26T14:01:44.133885+00:00
EMBDL,2026-06-30,2026-07-21,42.65,23.43,3.02,57.31,nse,2026-07-26T14:01:46.108894+00:00
EMCURE,2026-06-30,2026-07-21,77.83,4.88,8.46,22.17,nse,2026-07-26T14:01:46.415833+00:00
EMKAY,2026-06-30,2026-07-20,72.83,0.75,0.01,27.17,nse,2026-07-26T14:01:46.958810+00:00
EMSLIMITED,2026-06-30,2026-07-02,69.7,0.14,0.05,30.3,nse,2026-07-26T14:01:47.649208+00:00
EMUDHRA,2026-06-30,2026-07-17,54.4,3.92,10.55,45.6,nse,2026-07-26T14:01:48.296018+00:00
ENDURANCE,2026-06-30,2026-07-16,75.0,12.7,10.06,25.0,nse,2026-07-26T14:01:49.086176+00:00
ENERGYDEV,2026-06-30,2026-07-16,58.14,,,41.86,nse,2026-07-21T22:02:31.792103+00:00
ENERGYDEV,2026-03-31,2026-04-17,58.14,,,41.86,nse,2026-07-21T22:02:31.792103+00:00
ENERGYDEV,2025-12-31,2026-01-15,58.14,0.0,,41.86,nse,2026-07-21T22:02:31.792103+00:00
ENERGYDEV,2025-09-30,2025-10-16,58.14,,,41.86,nse,2026-07-21T22:02:31.792103+00:00
ENGINERSIN,2026-06-30,2026-07-14,51.32,9.17,14.22,48.68,nse,2026-07-26T14:01:49.775667+00:00
ENIL,2026-06-30,2026-07-15,71.15,6.05,3.7,28.85,nse,2026-07-26T14:01:50.254094+00:00
ENRIN,2026-06-30,2026-07-15,75.0,7.72,6.45,25.0,nse,2026-07-26T14:01:51.177227+00:00
ENTERO,2026-06-30,2026-07-21,52.4,4.37,15.48,47.6,nse,2026-07-26T14:01:52.093505+00:00
EPACK,2026-06-30,2026-07-17,46.45,0.34,5.25,53.55,nse,2026-07-26T14:01:53.722394+00:00
EPACKPEB,2026-06-30,2026-07-20,64.95,11.11,3.05,35.05,nse,2026-07-26T14:01:55.122267+00:00
EPIGRAL,2026-06-30,2026-07-18,68.83,1.03,5.56,31.17,nse,2026-07-26T14:01:55.998441+00:00
EPL,2026-06-30,2026-07-20,26.38,14.08,13.8,73.62,nse,2026-07-26T14:01:56.790141+00:00
EQUIPPP,2026-06-30,2026-07-21,87.35,,,12.65,nse,2026-07-26T14:01:57.553997+00:00
EQUITASBNK,2026-06-30,2026-07-17,0.0,15.7,51.26,100.0,nse,2026-07-26T14:01:58.523396+00:00
ERIS,2026-06-30,2026-07-18,54.14,5.75,20.72,45.86,nse,2026-07-26T14:01:59.601827+00:00
ESABINDIA,2026-06-30,2026-07-07,73.72,1.62,12.88,26.28,nse,2026-07-26T14:02:00.198602+00:00
ESAFSFB,2026-06-30,2026-07-21,63.25,0.32,3.8,36.75,nse,2026-07-26T14:02:00.968766+00:00
ESCORTS,2026-06-30,2026-07-17,68.04,6.36,10.65,30.31,nse,2026-07-26T14:02:02.401537+00:00
ESSENTIA,2026-06-11,2026-06-12,9.72,0.03,0.01,90.28,nse,2026-07-26T14:02:03.470548+00:00
ESTER,2026-06-30,2026-07-09,62.32,0.03,0.16,37.68,nse,2026-07-26T14:14:03.683787+00:00
ETERNAL,2026-06-30,2026-07-08,0.0,29.08,39.32,95.39,nse,2026-07-26T14:14:05.118962+00:00
ETHOSLTD,2026-06-30,2026-07-14,50.59,11.33,23.91,49.41,nse,2026-07-26T14:14:05.898309+00:00
EUREKAFORB,2026-06-30,2026-07-21,62.55,13.25,6.7,37.45,nse,2026-07-26T14:14:06.682419+00:00
EUROBOND,2026-06-30,2026-07-17,63.93,,1.29,36.07,nse,2026-07-26T14:14:07.581578+00:00
EVEREADY,2026-06-30,2026-07-08,43.6,5.44,2.83,56.4,nse,2026-07-26T14:14:08.515246+00:00
EVERESTIND,2026-06-30,2026-07-17,50.22,10.14,0.03,49.78,nse,2026-07-26T14:14:09.171248+00:00
EXCELINDUS,2026-06-30,2026-07-21,51.86,1.86,7.07,48.14,nse,2026-07-26T12:59:49.989827+00:00
EXICOM,2026-06-30,2026-07-20,65.2,0.2,0.31,34.8,nse,2026-07-26T14:14:10.224219+00:00
EXIDEIND,2026-06-30,2026-07-20,45.99,10.63,19.3,54.01,nse,2026-07-26T14:14:10.991650+00:00
EXPLEOSOL,2026-06-30,2026-07-17,71.05,0.13,0.12,28.95,nse,2026-07-26T14:14:11.569775+00:00
EXXARO,2026-06-30,2026-07-09,42.07,4.02,,57.93,nse,2026-07-26T14:14:12.325140+00:00
FAIRCHEMOR,2026-06-30,2026-07-11,63.26,6.34,2.8,36.74,nse,2026-07-26T14:14:12.966315+00:00
FCONSUMER,2025-03-31,2025-04-21,349.0,0.0,0.0,9651.0,nse,2026-07-26T14:14:13.636481+00:00
FCONSUMER,2024-12-31,2025-01-13,349.0,0.0,0.0,9651.0,nse,2026-07-21T22:02:46.575813+00:00
FCONSUMER,2024-09-30,2024-12-12,349.0,811.0,0.0,9651.0,nse,2026-07-21T22:02:46.575813+00:00
FCONSUMER,2024-06-30,2024-12-13,349.0,811.0,0.0,9651.0,nse,2026-07-21T22:02:46.575813+00:00
FDC,2026-06-30,2026-07-17,69.66,1.4,6.31,30.34,nse,2026-07-26T14:14:14.296409+00:00
FEDERALBNK,2026-06-30,2026-07-21,0.0,27.71,49.28,100.0,nse,2026-07-26T14:14:15.082139+00:00
FEDFINA,2026-06-30,2026-07-18,60.67,9.31,10.89,39.33,nse,2026-07-26T14:14:15.611159+00:00
FEL,2023-03-31,2023-06-12,1637.0,2.0,58.0,8363.0,nse,2026-07-26T14:14:16.309346+00:00
FIBERWEB,2026-06-30,2026-07-17,47.04,0.17,0.19,52.96,nse,2026-07-21T22:02:42.382222+00:00
FIBERWEB,2026-03-31,2026-04-14,46.81,0.17,0.19,53.19,nse,2026-07-21T22:02:42.382222+00:00
FIBERWEB,2025-12-31,2026-01-16,46.42,0.17,0.19,53.58,nse,2026-07-21T22:02:42.382222+00:00
FIBERWEB,2025-09-30,2025-10-13,46.33,0.23,0.19,53.67,nse,2026-07-21T22:02:42.382222+00:00
FILATEX,2026-06-30,2026-07-21,65.47,4.03,2.85,34.53,nse,2026-07-26T14:14:16.898361+00:00
FINEORG,2026-06-30,2026-07-20,75.0,4.28,11.72,25.0,nse,2026-07-26T14:14:17.849388+00:00
FINOPB,2026-06-30,2026-07-20,75.0,0.31,0.0,25.0,nse,2026-07-26T14:14:18.446573+00:00
FINPIPE,2026-06-30,2026-07-04,52.47,5.85,11.35,47.18,nse,2026-07-26T14:14:19.114877+00:00
FIRSTCRY,2026-06-30,2026-07-16,0.0,3.61,22.71,93.02,nse,2026-07-26T14:14:19.793154+00:00
FIVESTAR,2026-06-30,2026-07-17,18.61,43.97,22.35,81.39,nse,2026-07-26T14:14:20.459730+00:00
FLFL,2022-12-31,2023-01-20,2030.0,1993.0,702.0,7952.0,nse,2026-07-21T21:59:38.309923+00:00
FLFL,2022-09-30,2022-10-20,2039.0,1992.0,1183.0,7943.0,nse,2026-07-21T21:59:38.309923+00:00
FLFL,2022-06-30,2022-09-09,2039.0,,,7943.0,nse,2026-07-21T21:59:38.309923+00:00
FLFL,2022-03-31,2022-04-18,2039.0,,,7943.0,nse,2026-07-21T21:59:38.309923+00:00
FLUOROCHEM,2026-06-30,2026-07-13,61.39,4.41,13.33,38.61,nse,2026-07-26T14:14:21.091800+00:00
FMGOETZE,2026-06-30,2026-07-17,74.98,0.39,0.5,25.02,nse,2026-07-26T14:14:21.748647+00:00
FMNL,2026-06-30,2026-07-20,69.95,,0.0,30.05,nse,2026-07-21T22:02:42.048684+00:00
FMNL,2026-06-13,2026-06-22,69.95,,0.0,30.05,nse,2026-07-21T22:02:42.048684+00:00
FMNL,2026-03-31,2026-04-21,68.48,,0.0,31.52,nse,2026-07-21T22:02:42.048684+00:00
FMNL,2026-03-27,2026-04-05,68.48,0.0,0.0,31.52,nse,2026-07-21T22:02:42.048684+00:00
FOODSIN,2026-06-30,2026-07-17,25.39,0.01,1.12,74.61,nse,2026-07-26T14:19:16.086310+00:00
FORCEMOT,2026-06-30,2026-07-17,61.63,9.52,1.46,38.37,nse,2026-07-26T12:59:50.441103+00:00
FORTIS,2026-06-30,2026-07-21,31.17,25.2,32.23,68.83,nse,2026-07-26T14:19:16.769808+00:00
FOSECOIND,2026-06-30,2026-07-18,63.54,0.08,0.39,36.46,nse,2026-07-26T14:19:17.452122+00:00
FSL,2026-06-30,2026-07-14,53.66,8.38,25.41,45.49,nse,2026-07-26T14:19:18.087652+00:00
FUSION,2026-06-30,2026-07-20,53.96,4.77,15.25,45.81,nse,2026-07-26T14:19:18.970380+00:00
GABRIEL,2026-06-30,2026-07-22,63.55,6.36,12.92,36.45,nse,2026-07-26T14:19:19.786564+00:00
GAEL,2026-06-30,2026-07-20,63.84,3.02,0.65,36.16,nse,2026-07-26T14:19:20.398859+00:00
GAIL,2026-06-30,2026-07-21,51.79,14.99,19.2,48.21,nse,2026-07-26T14:19:20.921523+00:00
GALAPREC,2026-06-30,2026-07-21,54.34,1.3,5.78,45.66,nse,2026-07-26T14:19:21.512534+00:00
GALAXYSURF,2026-06-30,2026-07-13,70.9,3.82,13.52,29.1,nse,2026-07-26T14:19:22.452722+00:00
GANDHAR,2026-06-30,2026-07-18,66.6,1.28,1.02,33.4,nse,2026-07-26T14:19:23.088595+00:00
GANECOS,2026-06-30,2026-07-21,39.33,10.38,15.07,60.45,nse,2026-07-26T14:19:23.779684+00:00
GANESHHOU,2026-06-30,2026-07-15,73.06,0.64,0.34,26.94,nse,2026-07-26T14:19:24.631541+00:00
GANGAFORGE,2026-07-21,2026-07-21,35.51,12.76,,64.49,nse,2026-07-21T22:00:05.408447+00:00
GANGAFORGE,2026-06-30,2026-07-14,35.51,,,64.49,nse,2026-07-21T22:00:05.408447+00:00
GANGAFORGE,2026-03-31,2026-04-09,35.51,,,64.49,nse,2026-07-21T22:00:05.408447+00:00
GANGAFORGE,2025-12-31,2026-01-17,35.51,,,64.49,nse,2026-07-21T22:00:05.408447+00:00
GANGESSECU,2026-06-30,2026-07-21,66.64,0.03,0.01,33.36,nse,2026-07-26T14:19:25.923315+00:00
GARUDA,2026-06-30,2026-07-13,67.56,2.63,0.23,32.44,nse,2026-07-26T14:19:26.592167+00:00
GATECH,2026-03-31,2026-04-08,0.91,0.35,0.06,99.09,nse,2026-07-21T22:03:31.436552+00:00
GATECH,2025-12-31,2026-02-17,0.91,0.22,0.06,99.09,nse,2026-07-21T22:03:31.436552+00:00
GATECH,2025-09-30,2025-10-14,0.91,0.2,0.06,99.09,nse,2026-07-21T22:03:31.436552+00:00
GATECH,2025-06-30,2025-07-16,739.0,20.0,6.0,9261.0,nse,2026-07-21T22:03:31.436552+00:00
GATEWAY,2026-06-30,2026-07-10,33.92,6.98,32.41,66.08,nse,2026-07-26T14:19:27.400066+00:00
GAYAHWS,2026-06-30,2026-07-10,61.15,1.5,,38.85,nse,2026-07-21T22:03:29.702079+00:00
GAYAHWS,2026-03-31,2026-04-07,61.15,1.91,,38.85,nse,2026-07-21T22:03:29.702079+00:00
GAYAHWS,2025-12-31,2026-01-08,61.15,2.58,,38.85,nse,2026-07-21T22:03:29.702079+00:00
GAYAHWS,2025-09-30,2025-10-14,61.15,3.32,,38.85,nse,2026-07-21T22:03:29.702079+00:00
GEECEE,2026-06-30,2026-07-16,67.71,,0.13,32.29,nse,2026-07-26T14:19:28.054678+00:00
GENSOL,2025-03-31,2025-04-21,3587.0,488.0,13.0,6413.0,nse,2026-07-26T14:19:28.972429+00:00
GENSOL,2024-12-31,2025-01-16,6265.0,63.0,0.0,3735.0,nse,2026-07-21T22:03:34.492895+00:00
GENSOL,2024-09-30,2024-10-21,6258.0,230.0,0.0,3742.0,nse,2026-07-21T22:03:34.492895+00:00
GENSOL,2024-06-30,2024-07-19,6277.0,198.0,0.0,3723.0,nse,2026-07-21T22:03:34.492895+00:00
GENUSPAPER,2026-06-30,2026-07-20,50.84,,0.04,49.16,nse,2026-07-26T14:19:29.708130+00:00
GENUSPOWER,2026-06-30,2026-07-17,39.34,18.72,3.05,60.63,nse,2026-07-26T14:19:30.484934+00:00
GEOJITFSL,2026-06-30,2026-07-21,38.48,1.58,10.05,61.52,nse,2026-07-26T14:19:31.161726+00:00
GESHIP,2026-06-30,2026-07-16,30.07,31.03,12.81,69.93,nse,2026-07-26T14:19:31.745248+00:00
GFLLIMITED,2026-06-30,2026-07-17,68.72,0.2,0.01,31.28,nse,2026-07-26T14:19:32.323427+00:00
GFSTEELS,2026-06-30,2026-07-16,70.18,,0.02,29.82,nse,2026-07-26T14:19:32.893875+00:00
GFSTEELS,2026-03-31,2026-04-10,70.18,,0.02,29.82,nse,2026-07-21T22:03:32.702792+00:00
GFSTEELS,2025-12-31,2026-01-21,70.18,,0.02,29.82,nse,2026-07-21T22:03:32.702792+00:00
GFSTEELS,2025-09-30,2025-10-16,70.18,,0.02,29.82,nse,2026-07-21T22:03:32.702792+00:00
GHCL,2026-06-30,2026-07-15,19.83,22.43,11.22,80.17,nse,2026-07-26T14:53:27.041726+00:00
GHCLTEXTIL,2026-06-30,2026-07-14,19.2,13.24,1.09,80.8,nse,2026-07-26T14:53:28.172603+00:00
GICHSGFIN,2026-06-30,2026-07-14,42.41,1.4,2.54,57.59,nse,2026-07-26T14:53:29.039802+00:00
GICRE,2026-06-30,2026-07-21,77.4,2.43,17.73,22.6,nse,2026-07-26T14:53:29.968534+00:00
GILLANDERS,2026-06-30,2026-07-13,69.05,,0.32,30.95,nse,2026-07-26T14:53:31.315654+00:00
GILLETTE,2026-06-30,2026-07-21,75.0,4.33,8.76,25.0,nse,2026-07-26T14:53:34.433873+00:00
GINNIFILA,2026-06-30,2026-07-15,69.72,0.02,0.0,30.28,nse,2026-07-26T14:53:35.231067+00:00
GIPCL,2026-06-30,2026-07-08,56.57,2.89,4.99,43.43,nse,2026-07-26T14:53:36.461157+00:00
GKWLIMITED,2026-06-30,2026-07-21,75.0,3.1,1.02,25.0,nse,2026-07-26T14:53:37.257934+00:00
GLAND,2026-06-30,2026-07-20,51.77,8.74,30.44,48.23,nse,2026-07-26T14:53:38.167024+00:00
GLAXO,2026-06-30,2026-07-16,75.0,4.79,7.8,25.0,nse,2026-07-26T14:53:38.713609+00:00
GLENMARK,2026-06-30,2026-07-16,46.65,20.89,18.6,53.35,nse,2026-07-26T14:53:39.296431+00:00
GLOBALE,2026-06-30,2026-07-17,65.43,0.07,0.08,34.57,nse,2026-07-26T14:53:39.861647+00:00
GLOBE,2026-06-30,2026-07-13,34.35,,,65.65,nse,2026-07-21T22:03:17.598379+00:00
GLOBE,2026-03-31,2026-04-07,34.35,,,65.65,nse,2026-07-21T22:03:17.598379+00:00
GLOBE,2025-12-31,2026-01-07,34.35,,,65.65,nse,2026-07-21T22:03:17.598379+00:00
GLOBE,2025-09-30,2025-10-13,32.84,0.08,,67.16,nse,2026-07-21T22:03:17.598379+00:00
GLOBUSSPR,2026-06-30,2026-07-16,50.56,7.46,10.56,49.44,nse,2026-07-26T14:53:40.468227+00:00
GLOSTERLTD,2026-06-30,2026-07-17,72.68,,14.09,27.32,nse,2026-07-26T14:53:40.957611+00:00
GMDCLTD,2026-06-30,2026-07-08,74.0,3.65,0.82,26.0,nse,2026-07-26T14:53:41.573855+00:00
GMMPFAUDLR,2026-06-30,2026-07-21,25.18,14.39,18.42,74.82,nse,2026-07-26T14:53:42.235209+00:00
GMRAIRPORT,2026-06-30,2026-07-21,67.16,21.74,5.13,32.84,nse,2026-07-26T14:53:45.469884+00:00
GMRP&UI,2026-06-30,2026-07-21,46.28,16.01,5.48,53.72,nse,2026-07-26T14:53:47.320015+00:00
GNA,2026-06-30,2026-07-18,65.78,1.7,11.59,34.22,nse,2026-07-26T14:53:48.000919+00:00
GNFC,2026-06-30,2026-07-06,41.3,13.11,11.02,58.7,nse,2026-07-26T14:53:48.636497+00:00
GOACARBON,2026-06-30,2026-07-06,59.72,0.0,0.02,40.28,nse,2026-07-26T14:53:49.543941+00:00
GOCLCORP,2026-06-30,2026-07-16,67.82,5.34,1.35,32.18,nse,2026-07-26T14:53:50.080562+00:00
GODAVARIB,2026-06-30,2026-07-21,63.31,0.22,10.02,36.69,nse,2026-07-26T14:53:51.299004+00:00
GODFRYPHLP,2026-06-30,2026-07-17,72.58,7.8,3.66,27.42,nse,2026-07-26T14:53:52.853965+00:00
GODIGIT,2026-06-30,2026-07-21,73.0,8.23,15.01,27.0,nse,2026-07-26T14:53:53.656134+00:00
GODREJAGRO,2026-06-30,2026-07-20,67.74,6.48,5.28,32.26,nse,2026-07-26T14:53:55.166349+00:00
GODREJCP,2026-06-30,2026-07-20,53.05,12.33,19.59,46.95,nse,2026-07-26T14:53:56.188035+00:00
GODREJIND,2026-06-30,2026-07-20,74.64,4.57,3.47,25.36,nse,2026-07-26T14:53:57.362580+00:00
GODREJPROP,2026-06-30,2026-07-17,51.66,25.33,9.02,48.34,nse,2026-07-26T14:53:58.673779+00:00
GOENKA,2026-03-31,2026-04-20,57.55,,2.18,42.45,nse,2026-07-21T22:03:10.118734+00:00
GOENKA,2025-12-31,2026-01-21,57.55,,2.18,42.45,nse,2026-07-21T22:03:10.118734+00:00
GOENKA,2025-09-30,2025-10-18,57.55,,2.18,42.45,nse,2026-07-21T22:03:10.118734+00:00
GOENKA,2025-06-30,2025-09-15,5755.0,,218.0,4245.0,nse,2026-07-21T22:03:10.118734+00:00
GOKEX,2026-06-30,2026-07-20,9.15,14.46,43.41,90.85,nse,2026-07-26T14:53:59.369246+00:00
GOLDENTOBC,2025-09-30,2025-10-20,29.77,0.02,0.13,70.23,nse,2026-07-21T22:03:13.603002+00:00
GOLDENTOBC,2025-06-30,2025-08-12,2977.0,2.0,13.0,7023.0,nse,2026-07-21T22:03:13.603002+00:00
GOLDENTOBC,2025-03-31,2025-04-21,2977.0,2.0,13.0,7023.0,nse,2026-07-21T22:03:13.603002+00:00
GOLDENTOBC,2024-12-31,2025-01-13,3004.0,2.0,13.0,6996.0,nse,2026-07-21T22:03:13.603002+00:00
GOLDIAM,2026-06-30,2026-07-11,58.51,1.99,0.78,41.49,nse,2026-07-26T14:58:36.689406+00:00
GOLDTECH,2026-06-30,2026-07-15,52.44,6.43,0.01,47.56,nse,2026-07-26T14:58:37.884759+00:00
GOODLUCK,2026-06-30,2026-07-15,54.0,2.48,6.5,46.0,nse,2026-07-26T14:58:38.911986+00:00
GOYALALUM,2026-06-30,2026-07-15,69.94,,,30.06,nse,2026-07-26T14:58:39.589129+00:00
GOYALALUM,2026-03-31,2026-04-15,69.94,,,30.06,nse,2026-07-21T22:03:16.673796+00:00
GOYALALUM,2025-12-31,2026-01-15,69.94,,,30.06,nse,2026-07-21T22:03:16.673796+00:00
GOYALALUM,2025-09-30,2025-10-18,69.94,,,30.06,nse,2026-07-21T22:03:16.673796+00:00
GPIL,2026-06-30,2026-07-17,63.18,6.0,3.1,36.82,nse,2026-07-26T14:58:40.605688+00:00
GPPL,2026-06-30,2026-07-16,44.01,22.04,13.82,55.99,nse,2026-07-26T14:58:41.682438+00:00
GPTHEALTH,2026-06-30,2026-07-21,65.57,3.03,6.94,34.43,nse,2026-07-26T14:58:42.900739+00:00
GPTINFRA,2026-06-30,2026-07-21,69.37,2.96,7.02,30.63,nse,2026-07-26T14:58:44.321712+00:00
GRANULES,2026-06-30,2026-07-03,38.02,17.5,16.11,61.98,nse,2026-07-26T14:58:44.958573+00:00
GRAPHITE,2026-06-30,2026-07-20,65.34,6.03,10.24,34.66,nse,2026-07-26T14:58:45.581672+00:00
GRASIM,2026-06-30,2026-07-17,43.74,17.17,16.13,55.93,nse,2026-07-26T12:34:41.437450+00:00
GREAVESCOT,2026-06-30,2026-07-17,55.77,1.35,4.18,44.23,nse,2026-07-26T14:58:46.178009+00:00
GREENLAM,2026-06-30,2026-07-21,50.98,1.47,10.9,49.02,nse,2026-07-26T14:58:46.783131+00:00
GREENPANEL,2026-06-30,2026-07-21,53.26,0.94,28.49,46.74,nse,2026-07-26T14:58:47.396686+00:00
GREENPLY,2026-06-30,2026-07-21,51.93,4.44,31.43,48.07,nse,2026-07-26T14:58:48.085150+00:00
GREENPOWER,2026-06-30,2026-07-19,24.38,0.64,1.17,75.62,nse,2026-07-26T14:58:48.714265+00:00
GRINDWELL,2026-06-30,2026-07-14,58.03,5.21,19.59,41.97,nse,2026-07-26T14:58:49.393739+00:00
GRINFRA,2026-06-30,2026-07-15,74.69,2.45,19.49,25.31,nse,2026-07-26T14:58:50.129788+00:00
GRPLTD,2026-06-30,2026-07-20,40.05,0.02,0.0,59.95,nse,2026-07-26T14:58:50.753798+00:00
GRSE,2026-06-30,2026-07-14,74.5,3.22,1.94,25.5,nse,2026-07-26T14:58:51.442236+00:00
GRWRHITECH,2026-06-30,2026-07-20,60.72,4.22,6.35,39.28,nse,2026-07-26T14:58:52.012194+00:00
GSFC,2026-06-30,2026-07-16,37.84,12.36,7.33,62.16,nse,2026-07-26T14:58:52.618518+00:00
GSPL,2026-03-31,2026-04-16,37.63,15.54,25.48,62.37,nse,2026-07-26T14:58:53.451949+00:00
GSS,2026-06-30,2026-07-17,12.71,1.03,1.21,85.95,nse,2026-07-26T14:58:54.068761+00:00
GSS,2026-03-31,2026-04-10,12.71,1.03,1.21,85.95,nse,2026-07-21T22:03:23.155628+00:00
GSS,2025-12-31,2026-01-20,12.71,1.03,1.21,85.95,nse,2026-07-21T22:03:23.155628+00:00
GSS,2025-09-30,2025-10-15,12.71,1.03,1.21,85.95,nse,2026-07-21T22:03:23.155628+00:00
GTECJAINX,2026-06-30,2026-07-15,61.26,,,38.74,nse,2026-07-21T22:03:22.394111+00:00
GTECJAINX,2026-03-31,2026-04-13,61.26,,,38.74,nse,2026-07-21T22:03:22.394111+00:00
GTECJAINX,2025-12-31,2026-01-20,61.26,,,38.74,nse,2026-07-21T22:03:22.394111+00:00
GTECJAINX,2025-09-30,2025-10-17,61.26,,,38.74,nse,2026-07-21T22:03:22.394111+00:00
GTPL,2026-06-30,2026-07-20,75.0,7.18,,25.0,nse,2026-07-26T14:59:04.326146+00:00
GUFICBIO,2026-06-30,2026-07-20,72.5,0.46,3.68,27.5,nse,2026-07-26T14:59:05.278488+00:00
GUJALKALI,2026-06-30,2026-07-10,47.28,3.26,3.02,52.72,nse,2026-07-26T14:59:06.029159+00:00
GUJAPOLLO,2026-06-30,2026-07-14,47.3,0.0,0.0,52.7,nse,2026-07-26T14:59:06.768551+00:00
GUJTHEM,2026-06-30,2026-07-20,70.86,1.77,1.18,29.14,nse,2026-07-26T14:59:07.416620+00:00
GULFOILLUB,2026-06-30,2026-07-16,66.85,7.78,8.71,33.15,nse,2026-07-26T14:59:08.092843+00:00
GULPOLY,2026-06-30,2026-07-20,66.8,0.32,,32.9,nse,2026-07-26T14:59:08.950024+00:00
GVKPIL,2026-06-30,2026-07-07,54.25,0.02,0.35,45.75,nse,2026-07-26T14:59:09.728352+00:00
GVPIL,2026-06-30,2026-07-21,68.58,1.16,1.06,31.42,nse,2026-07-26T14:59:10.460665+00:00
GVT&D,2026-06-30,2026-07-21,51.0,22.89,18.47,49.0,nse,2026-07-26T14:59:11.391809+00:00
HAL,2026-06-30,2026-07-10,71.64,9.34,11.98,28.36,nse,2026-07-26T14:59:12.080788+00:00
HALEOSLABS,2026-06-30,2026-07-07,72.11,,0.31,27.89,nse,2026-07-26T14:59:12.910614+00:00
HAPPSTMNDS,2026-06-30,2026-07-14,44.21,6.0,5.66,54.55,nse,2026-07-26T14:59:13.637430+00:00
HAPPYFORGE,2026-06-30,2026-07-09,78.46,1.88,15.54,21.54,nse,2026-07-26T14:59:14.280804+00:00
HARRMALAYA,2026-06-30,2026-07-16,54.12,0.01,0.07,45.88,nse,2026-07-26T14:59:14.965959+00:00
HARSHA,2026-06-30,2026-07-09,75.0,1.79,13.02,25.0,nse,2026-07-26T14:59:15.671618+00:00
HATHWAY,2026-06-30,2026-07-10,75.0,0.37,0.0,25.0,nse,2026-07-26T14:59:16.296953+00:00
HAVELLS,2026-06-30,2026-07-13,59.35,15.91,18.26,40.65,nse,2026-07-26T14:59:17.051090+00:00
HAVISHA,2026-06-30,2026-07-16,33.99,,0.39,66.01,nse,2026-07-26T14:59:17.945987+00:00
HBLENGINE,2026-06-30,2026-07-23,59.11,5.62,0.98,40.89,nse,2026-07-26T14:59:18.549708+00:00
HBSL,2026-06-30,2026-07-13,53.22,,0.0,46.78,nse,2026-07-21T22:01:21.289218+00:00
HBSL,2026-03-31,2026-04-18,53.22,,0.0,46.78,nse,2026-07-21T22:01:21.289218+00:00
HBSL,2025-12-31,2026-01-13,53.22,,0.0,46.78,nse,2026-07-21T22:01:21.289218+00:00
HBSL,2025-09-30,2025-10-15,53.22,,0.0,46.78,nse,2026-07-21T22:01:21.289218+00:00
HCC,2026-06-30,2026-07-15,16.17,11.39,3.69,83.83,nse,2026-07-26T14:59:19.519873+00:00
HCG,2026-06-30,2026-07-14,64.21,2.74,19.2,35.79,nse,2026-07-26T14:59:20.215330+00:00
HCLTECH,2026-06-30,2026-07-18,60.88,14.9,18.78,38.83,nse,2026-07-26T14:59:21.027812+00:00
HDBFS,2026-06-30,2026-07-15,74.12,3.55,12.1,25.65,nse,2026-07-26T14:59:21.791941+00:00
HDFCAMC,2026-06-30,2026-07-14,52.34,24.1,14.76,47.66,nse,2026-07-26T14:59:22.494859+00:00
HDFCBANK,2026-06-30,2026-07-03,0.0,41.83,41.92,100.0,nse,2026-07-26T15:03:16.372928+00:00
HDFCLIFE,2026-06-30,2026-07-21,50.54,19.27,20.19,49.44,nse,2026-07-26T15:03:18.222013+00:00
HDIL,2019-06-30,2019-07-19,4184.0,,,5817.0,nse,2026-07-21T22:01:21.897391+00:00
HDIL,2019-05-30,2019-06-18,4184.0,,,5816.0,nse,2026-07-21T22:01:21.897391+00:00
HDIL,2019-03-31,2019-04-20,3929.0,,,6072.0,nse,2026-07-21T22:01:21.897391+00:00
HDIL,2018-12-31,2019-01-10,3929.0,,,6070.0,nse,2026-07-21T22:01:21.897391+00:00
HEG,2026-06-30,2026-07-06,56.28,8.47,9.26,43.72,nse,2026-07-26T15:03:19.287747+00:00
HEIDELBERG,2026-06-30,2026-07-09,69.39,1.07,13.87,30.61,nse,2026-07-26T15:03:20.022461+00:00
HEMIPROP,2026-06-30,2026-07-10,51.12,1.08,0.29,48.88,nse,2026-07-26T15:03:20.930865+00:00
HERANBA,2026-06-30,2026-07-16,74.94,0.01,0.29,25.06,nse,2026-07-26T15:03:21.863640+00:00
HERCULES,2025-09-30,2025-10-21,69.61,0.0,,30.39,nse,2026-07-26T15:03:22.743125+00:00
HERITGFOOD,2026-06-30,2026-07-08,41.3,1.98,6.38,58.7,nse,2026-07-26T15:03:23.408417+00:00
HEROMOTOCO,2026-06-30,2026-07-21,34.73,31.09,24.36,65.27,nse,2026-07-26T15:03:25.465782+00:00
HESTERBIO,2026-06-30,2026-07-16,53.73,0.31,0.0,46.27,nse,2026-07-26T15:03:26.296908+00:00
HEXATRADEX,2026-06-30,2026-07-21,92.13,0.04,0.03,7.87,nse,2026-07-26T15:03:27.096330+00:00
HEXT,2026-06-30,2026-07-20,74.3,3.19,16.06,25.5,nse,2026-07-26T15:03:27.817953+00:00
HFCL,2026-06-30,2026-07-16,28.29,15.74,10.92,71.69,nse,2026-07-26T15:03:28.935177+00:00
HGINFRA,2026-06-30,2026-07-14,71.78,1.38,10.11,28.22,nse,2026-07-26T15:03:29.885152+00:00
HGM,2026-06-30,2026-07-13,50.42,,,49.58,nse,2026-07-21T22:01:19.893174+00:00
HGM,2026-03-31,2026-04-10,50.42,,,49.58,nse,2026-07-21T22:01:19.893174+00:00
HGM,2025-12-31,2026-01-12,50.42,,,49.58,nse,2026-07-21T22:01:19.893174+00:00
HGM,2025-09-30,2025-10-13,50.42,,,49.58,nse,2026-07-21T22:01:19.893174+00:00
HGS,2026-06-30,2026-07-20,67.99,11.73,0.06,32.01,nse,2026-07-26T15:03:30.909627+00:00
HIKAL,2026-06-30,2026-07-20,68.85,0.99,7.24,31.15,nse,2026-07-26T15:03:31.747108+00:00
HIMATSEIDE,2026-06-30,2026-07-10,37.48,7.44,0.08,62.52,nse,2026-07-26T15:03:32.578213+00:00
HINDALCO,2026-06-30,2026-07-10,34.66,35.6,19.95,64.87,nse,2026-07-26T15:03:33.829810+00:00
HINDCOMPOS,2026-06-30,2026-07-21,74.98,0.02,0.01,25.02,nse,2026-07-26T15:03:34.705068+00:00
HINDCON,2026-06-30,2026-07-21,68.81,,,31.19,nse,2026-07-26T15:03:35.397168+00:00
HINDOILEXP,2026-06-30,2026-07-20,0.0,1.87,0.13,100.0,nse,2026-07-26T15:03:36.203323+00:00
HINDPETRO,2026-06-30,2026-07-17,54.9,13.58,22.85,45.1,nse,2026-07-26T15:03:37.029200+00:00
HINDUNILVR,2026-06-30,2026-07-21,61.9,9.5,16.99,38.1,nse,2026-07-26T15:03:37.694148+00:00
HINDWAREAP,2026-06-30,2026-07-16,52.74,5.15,3.72,47.26,nse,2026-07-26T15:03:38.598621+00:00
HINDZINC,2026-06-30,2026-07-14,60.71,2.2,4.95,39.29,nse,2026-07-26T15:03:39.469272+00:00
HIRECT,2026-06-30,2026-07-16,43.92,6.57,0.2,56.08,nse,2026-07-26T15:04:21.824073+00:00
HISARMETAL,2026-06-30,2026-07-03,61.2,,,38.8,nse,2026-07-26T15:04:24.435630+00:00
HISARMETAL,2026-03-31,2026-04-04,61.2,,,38.8,nse,2026-07-21T22:01:20.602424+00:00
HISARMETAL,2025-12-31,2026-01-05,61.21,,,38.79,nse,2026-07-21T22:01:20.602424+00:00
HISARMETAL,2025-09-30,2025-10-06,61.21,,,38.79,nse,2026-07-21T22:01:20.602424+00:00
HITECH,2026-06-30,2026-07-18,43.43,1.05,16.17,56.37,nse,2026-07-26T12:59:51.307934+00:00
HITECHCORP,2026-06-30,2026-07-17,74.43,0.0,0.13,25.57,nse,2026-07-26T15:04:35.184139+00:00
HITECHGEAR,2026-06-30,2026-07-15,56.12,0.0,0.0,43.88,nse,2026-07-26T15:04:39.862715+00:00
HMT,2026-06-30,2026-07-20,93.69,0.0,0.0,6.31,nse,2026-07-26T15:04:44.172548+00:00
HMVL,2026-06-30,2026-07-18,74.4,0.1,0.07,25.39,nse,2026-07-26T15:04:48.273561+00:00
HNDFDS,2026-06-30,2026-07-21,61.85,5.86,14.65,38.15,nse,2026-07-26T15:05:01.328792+00:00
HOMEFIRST,2026-06-30,2026-07-19,6.97,43.9,29.83,93.03,nse,2026-07-26T15:05:06.845121+00:00
HONASA,2026-06-30,2026-07-16,35.47,13.64,21.58,64.53,nse,2026-07-26T15:05:13.719511+00:00
HONAUT,2026-06-30,2026-07-20,75.0,3.95,11.31,25.0,nse,2026-07-26T15:05:18.709674+00:00
HONDAPOWER,2026-06-30,2026-07-15,66.67,0.98,18.27,33.33,nse,2026-07-26T15:05:19.600436+00:00
HPAL,2026-06-30,2026-07-20,71.35,0.01,0.0,28.65,nse,2026-07-26T15:05:20.839695+00:00
HPIL,2026-06-30,2026-07-11,74.85,,,25.15,nse,2026-07-26T15:05:21.878875+00:00
HSCL,2026-06-30,2026-07-11,52.5,6.8,3.33,47.5,nse,2026-07-26T15:05:23.163533+00:00
HTMEDIA,2026-06-30,2026-07-20,69.5,0.0,0.05,29.88,nse,2026-07-26T15:05:25.347579+00:00
HUBTOWN,2026-06-30,2026-07-10,33.17,1.48,0.2,66.83,nse,2026-07-26T15:05:27.626982+00:00
HUDCO,2026-06-30,2026-07-17,75.0,2.4,10.1,25.0,nse,2026-07-26T15:05:28.479647+00:00
HUHTAMAKI,2026-06-30,2026-07-20,67.73,0.67,1.02,32.27,nse,2026-07-26T15:05:29.453042+00:00
HYBRIDFIN,2026-06-30,2026-07-06,64.02,,0.37,35.98,nse,2026-07-21T22:01:24.373948+00:00
HYBRIDFIN,2026-03-31,2026-04-09,64.02,,0.59,35.98,nse,2026-07-21T22:01:24.373948+00:00
HYBRIDFIN,2025-12-31,2026-01-10,64.02,,0.69,35.98,nse,2026-07-21T22:01:24.373948+00:00
HYBRIDFIN,2025-09-30,2025-10-10,64.02,,0.69,35.98,nse,2026-07-21T22:01:24.373948+00:00
HYUNDAI,2026-06-30,2026-07-20,82.5,3.28,11.69,17.5,nse,2026-07-26T15:05:31.439637+00:00
ICDSLTD,2026-06-30,2026-07-13,51.39,,4.87,48.61,nse,2026-07-21T22:01:23.160577+00:00
ICDSLTD,2026-03-31,2026-04-13,51.39,,4.87,48.61,nse,2026-07-21T22:01:23.160577+00:00
ICDSLTD,2025-12-31,2026-01-20,51.39,,4.87,48.61,nse,2026-07-21T22:01:23.160577+00:00
ICDSLTD,2025-09-30,2025-10-21,51.39,,4.87,48.61,nse,2026-07-21T22:01:23.160577+00:00
ICEMAKE,2026-06-30,2026-07-15,74.2,0.31,1.38,25.8,nse,2026-07-26T15:05:33.101277+00:00
ICICIBANK,2026-06-30,2026-07-17,0.0,49.82,42.31,100.0,nse,2026-07-26T15:05:34.223233+00:00
ICICIGI,2026-06-30,2026-07-17,51.22,21.45,20.75,48.78,nse,2026-07-26T15:05:35.309592+00:00
ICICIPRULI,2026-06-30,2026-07-21,72.73,10.22,11.82,27.27,nse,2026-07-26T15:05:36.487103+00:00
ICIL,2026-06-30,2026-07-21,58.74,10.14,5.82,41.26,nse,2026-07-26T15:05:38.262610+00:00
ICRA,2026-06-30,2026-07-08,51.87,6.9,24.27,47.86,nse,2026-07-26T15:05:39.842096+00:00
IDBI,2026-06-30,2026-07-14,94.71,0.45,0.11,5.29,nse,2026-07-26T15:07:03.881473+00:00
IDEA,2026-06-30,2026-07-21,25.64,6.17,6.07,74.36,nse,2026-07-26T15:07:06.620099+00:00
IDEAFORGE,2026-07-10,2026-07-17,25.26,8.26,10.98,74.74,nse,2026-07-26T15:07:09.183501+00:00
IDFCFIRSTB,2026-06-30,2026-07-18,0.0,36.1,24.37,100.0,nse,2026-07-26T15:07:13.311294+00:00
IEL,2025-09-30,2025-10-19,36.32,0.24,0.0,62.8,nse,2026-07-26T15:07:21.292600+00:00
IEX,2026-06-30,2026-07-20,0.0,12.63,31.46,99.73,nse,2026-07-26T15:07:28.166937+00:00
IFBAGRO,2026-06-30,2026-07-18,65.0,0.74,1.12,35.0,nse,2026-07-26T15:07:28.796229+00:00
IFBIND,2026-06-30,2026-07-14,74.96,0.8,6.15,25.04,nse,2026-07-26T15:07:29.980926+00:00
IFCI,2026-06-30,2026-07-16,72.57,3.51,1.66,27.43,nse,2026-07-26T15:07:31.011831+00:00
IFGLEXPOR,2026-06-30,2026-07-21,72.43,0.03,13.01,27.57,nse,2026-07-26T15:07:31.646536+00:00
IGARASHI,2026-06-30,2026-07-17,75.0,0.5,3.65,25.0,nse,2026-07-26T15:07:32.399081+00:00
IGCL,2026-06-30,2026-07-10,69.05,0.23,4.3,30.95,nse,2026-07-26T15:07:33.509690+00:00
IGIL,2026-06-30,2026-07-13,76.55,9.49,5.51,23.45,nse,2026-07-26T15:07:34.480997+00:00
IGL,2026-06-30,2026-07-16,45.0,10.16,30.03,55.0,nse,2026-07-26T15:07:35.303715+00:00
IGPL,2026-06-30,2026-07-20,68.74,2.67,1.61,31.26,nse,2026-07-26T15:07:36.147895+00:00
IIFL,2026-06-30,2026-07-16,24.85,23.86,7.5,75.15,nse,2026-07-26T15:07:37.178783+00:00
IIFLCAPS,2026-06-30,2026-07-21,30.67,15.34,4.72,69.33,nse,2026-07-26T15:07:38.200296+00:00
IKS,2026-06-30,2026-07-17,63.72,8.0,7.5,34.05,nse,2026-07-26T15:07:40.259158+00:00
IL&FSENGG,2026-06-30,2026-07-08,42.25,0.7,0.33,57.75,nse,2026-07-26T15:07:41.333598+00:00
IL&FSTRANS,2026-06-30,2026-07-21,73.22,0.0,0.41,26.78,nse,2026-07-26T15:07:42.859379+00:00
IL&FSTRANS,2026-03-31,2026-04-17,73.22,0.0,0.41,26.78,nse,2026-07-21T22:01:17.924725+00:00
IL&FSTRANS,2025-12-31,2026-01-19,73.22,0.0,0.42,26.78,nse,2026-07-21T22:01:17.924725+00:00
IL&FSTRANS,2025-09-30,2025-10-15,73.22,0.0,0.42,26.78,nse,2026-07-21T22:01:17.924725+00:00
IMFA,2026-06-30,2026-07-06,58.69,3.59,0.88,41.31,nse,2026-07-26T15:07:43.603723+00:00
IMPAL,2026-06-30,2026-07-20,35.21,0.76,,64.79,nse,2026-07-26T15:07:44.485931+00:00
IMPEXFERRO,2025-03-31,2025-09-08,6910.0,,,3090.0,nse,2026-07-26T15:07:45.535584+00:00
IMPEXFERRO,2024-03-31,2024-04-20,6910.0,0.0,0.0,3090.0,nse,2026-07-21T22:01:14.742066+00:00
IMPEXFERRO,2023-12-31,2024-01-15,6910.0,0.0,0.0,3090.0,nse,2026-07-21T22:01:14.742066+00:00
IMPEXFERRO,2023-09-30,2023-10-18,6910.0,0.0,0.0,3090.0,nse,2026-07-21T22:01:14.742066+00:00
INDBANK,2026-06-30,2026-07-06,64.84,,0.09,35.16,nse,2026-07-26T15:07:46.449401+00:00
INDGN,2026-06-30,2026-07-17,0.0,9.91,8.74,100.0,nse,2026-07-26T15:07:47.322916+00:00
INDHOTEL,2026-06-30,2026-07-20,38.12,21.71,24.59,61.88,nse,2026-07-26T15:08:47.209551+00:00
INDIACEM,2026-06-30,2026-07-20,75.0,3.4,12.6,25.0,nse,2026-07-26T15:08:47.910417+00:00
INDIAGLYCO,2026-06-30,2026-07-14,59.63,2.24,5.22,40.37,nse,2026-07-26T15:08:48.545738+00:00
INDIAMART,2026-06-30,2026-07-21,49.07,19.92,12.11,50.91,nse,2026-07-26T15:08:50.066514+00:00
INDIANB,2026-06-30,2026-07-04,73.84,6.16,17.03,26.16,nse,2026-07-26T15:08:50.777360+00:00
INDIANCARD,2026-06-30,2026-07-17,67.33,,0.03,32.67,nse,2026-07-26T15:08:51.347686+00:00
INDIANHUME,2026-06-30,2026-07-14,72.34,0.39,0.75,27.66,nse,2026-07-26T15:08:51.880303+00:00
INDIASHLTR,2026-06-30,2026-07-21,46.05,6.87,21.92,53.95,nse,2026-07-26T15:08:52.575117+00:00
INDIGO,2026-06-30,2026-07-21,41.57,20.32,31.89,58.43,nse,2026-07-26T15:08:53.247510+00:00
INDIGOPNTS,2026-06-30,2026-07-21,53.88,5.73,25.25,46.12,nse,2026-07-26T15:08:53.972554+00:00
INDIQUBE,2026-06-30,2026-07-17,60.11,2.16,14.35,39.89,nse,2026-07-26T15:08:54.638320+00:00
INDNIPPON,2026-06-30,2026-07-21,70.37,0.32,0.22,29.63,nse,2026-07-26T15:08:55.258001+00:00
INDOAMIN,2026-06-30,2026-07-20,58.42,0.08,0.0,41.58,nse,2026-07-26T15:08:56.061700+00:00
INDOBORAX,2026-06-30,2026-07-18,38.41,0.13,0.04,61.59,nse,2026-07-26T15:08:56.816755+00:00
INDORAMA,2026-06-30,2026-07-14,74.84,0.13,0.92,25.16,nse,2026-07-26T15:08:57.322707+00:00
INDOSTAR,2026-06-30,2026-07-17,70.36,2.57,2.2,29.64,nse,2026-07-26T15:08:58.175395+00:00
INDRAMEDCO,2026-06-30,2026-07-15,51.0,2.77,0.59,49.0,nse,2026-07-26T15:08:58.751542+00:00
INDTERRAIN,2026-06-30,2026-07-20,31.55,5.07,0.29,68.45,nse,2026-07-26T15:08:59.373852+00:00
INDUSINDBK,2026-06-30,2026-07-17,15.82,29.16,42.25,84.18,nse,2026-07-26T15:09:00.079677+00:00
INDUSTOWER,2026-06-30,2026-07-21,51.26,23.2,21.45,48.71,nse,2026-07-26T15:09:01.745246+00:00
INFOBEAN,2026-06-30,2026-07-19,72.82,0.41,0.0,27.18,nse,2026-07-26T15:09:02.343860+00:00
INFOMEDIA,2026-06-30,2026-07-20,50.69,0.0,0.77,49.31,nse,2026-07-26T15:09:03.203297+00:00
INFOMEDIA,2026-03-31,2026-04-20,50.69,0.0,0.77,49.31,nse,2026-07-21T22:01:14.012296+00:00
INFOMEDIA,2025-12-31,2026-01-16,50.69,0.0,0.77,49.31,nse,2026-07-21T22:01:14.012296+00:00
INFOMEDIA,2025-09-30,2025-10-17,50.69,0.0,0.77,49.31,nse,2026-07-21T22:01:14.012296+00:00
INFY,2026-06-30,2026-07-15,13.82,27.09,42.96,85.97,nse,2026-07-26T15:09:03.950749+00:00
INGERRAND,2026-06-30,2026-07-20,75.0,1.28,8.97,25.0,nse,2026-07-26T15:09:04.560825+00:00
INNOVACAP,2026-06-30,2026-07-08,50.9,0.34,19.92,49.1,nse,2026-07-26T15:09:05.204955+00:00
INOXGREEN,2026-06-30,2026-07-17,56.12,7.85,1.86,43.88,nse,2026-07-26T15:27:44.723215+00:00
INOXINDIA,2026-06-30,2026-07-13,74.86,6.87,7.67,25.14,nse,2026-07-26T15:27:45.481824+00:00
INOXWIND,2026-06-30,2026-07-17,44.18,14.53,10.03,55.82,nse,2026-07-26T15:27:46.263744+00:00
INSECTICID,2026-06-30,2026-07-17,72.3,4.4,9.26,27.7,nse,2026-07-26T15:27:47.001602+00:00
INSPIRISYS,2026-06-30,2026-07-08,69.95,0.0,,30.05,nse,2026-07-26T15:27:47.747151+00:00
INTELLECT,2026-06-30,2026-07-16,29.62,23.51,7.33,70.38,nse,2026-07-26T15:27:48.399834+00:00
INTLCONV,2026-06-30,2026-07-21,70.23,0.62,0.52,29.77,nse,2026-07-26T15:27:49.168626+00:00
INVENTURE,2026-06-30,2026-07-07,26.4,,,73.6,nse,2026-07-26T15:27:49.887244+00:00
INVENTURE,2026-03-31,2026-04-17,26.4,,,73.6,nse,2026-07-21T22:01:18.592622+00:00
INVENTURE,2025-12-31,2026-01-14,26.4,,,73.6,nse,2026-07-21T22:01:18.592622+00:00
INVENTURE,2025-09-30,2025-10-14,26.4,,,73.6,nse,2026-07-21T22:01:18.592622+00:00
IOB,2026-06-30,2026-07-13,92.44,0.47,4.29,7.56,nse,2026-07-26T15:27:50.659387+00:00
IOC,2026-06-30,2026-07-09,51.5,9.08,9.62,48.5,nse,2026-07-26T15:27:51.694381+00:00
IOLCP,2026-06-30,2026-07-04,62.28,4.87,0.43,37.72,nse,2026-07-26T15:27:52.370780+00:00
IONEXCHANG,2026-06-30,2026-07-17,25.43,4.86,15.32,58.39,nse,2026-07-26T15:27:53.080374+00:00
IPCALAB,2026-06-30,2026-07-17,44.72,10.73,37.37,55.28,nse,2026-07-26T15:27:53.883539+00:00
IPL,2026-06-30,2026-07-14,63.65,0.2,0.03,36.35,nse,2026-07-26T15:27:54.730787+00:00
IRB,2026-06-30,2026-07-17,30.81,43.87,10.15,69.19,nse,2026-07-26T15:27:55.443869+00:00
IRFC,2026-06-30,2026-07-17,82.9,1.18,3.97,17.1,nse,2026-07-26T15:27:56.114838+00:00
IRIS,2026-06-30,2026-07-20,34.63,1.76,12.08,65.37,nse,2026-07-26T15:27:56.832879+00:00
IRMENERGY,2026-06-30,2026-07-20,50.74,1.59,1.71,49.26,nse,2026-07-26T15:27:57.564340+00:00
ITC,2026-06-30,2026-07-15,0.0,34.23,49.13,100.0,nse,2026-07-26T15:27:58.369330+00:00
ITCHOTELS,2026-06-30,2026-07-21,39.85,11.61,23.99,60.15,nse,2026-07-26T15:27:59.449231+00:00
IVC,2026-06-30,2026-07-10,50.42,,0.01,49.58,nse,2026-07-26T15:28:00.172843+00:00
IVP,2026-06-30,2026-07-17,71.32,,0.02,28.68,nse,2026-07-26T15:28:00.848482+00:00
IXIGO,2026-06-30,2026-07-17,0.0,61.29,12.99,100.0,nse,2026-07-26T15:28:01.647697+00:00
J&KBANK,2026-06-30,2026-07-17,59.4,9.38,7.84,40.6,nse,2026-07-26T15:28:02.337506+00:00
JAGRAN,2026-06-30,2026-07-10,69.0,2.3,4.29,31.0,nse,2026-07-26T15:28:03.152916+00:00
JAGSNPHARM,2026-06-30,2026-07-13,69.05,2.3,0.62,30.95,nse,2026-07-26T15:29:26.215562+00:00
JAIBALAJI,2026-06-30,2026-07-21,64.84,2.78,0.1,35.16,nse,2026-07-26T15:29:27.061636+00:00
JAIPURKURT,2026-06-30,2026-07-21,41.65,2.21,,58.35,nse,2026-07-21T22:01:16.422554+00:00
JAIPURKURT,2026-03-31,2026-04-19,41.31,2.21,,58.69,nse,2026-07-21T22:01:16.422554+00:00
JAIPURKURT,2025-12-31,2026-01-21,41.31,2.21,,58.69,nse,2026-07-21T22:01:16.422554+00:00
JAIPURKURT,2025-09-30,2025-10-19,41.31,2.21,,58.69,nse,2026-07-21T22:01:16.422554+00:00
JAMNAAUTO,2026-06-30,2026-07-14,49.84,9.01,3.91,50.16,nse,2026-07-26T15:29:27.737548+00:00
JASH,2026-06-30,2026-07-21,43.24,1.54,0.32,56.76,nse,2026-07-26T15:29:28.566335+00:00
JAYAGROGN,2026-06-30,2026-07-20,67.13,0.06,0.02,32.87,nse,2026-07-26T15:29:29.480596+00:00
JAYBARMARU,2026-06-30,2026-07-04,59.35,1.31,0.02,40.65,nse,2026-07-26T15:29:30.217985+00:00
JAYNECOIND,2026-06-30,2026-07-17,55.15,1.32,0.77,44.85,nse,2026-07-26T15:29:31.102224+00:00
JAYSREETEA,2026-06-30,2026-07-21,50.68,4.85,0.51,49.32,nse,2026-07-26T15:29:31.854997+00:00
JBCHEPHARM,2026-03-31,2026-04-16,48.8,16.33,21.38,51.2,nse,2026-07-26T15:29:32.713015+00:00
JBMA,2026-06-30,2026-07-03,67.53,2.03,0.15,32.47,nse,2026-07-26T15:29:33.599196+00:00
JGCHEM,2026-06-30,2026-07-16,70.99,3.21,3.0,29.01,nse,2026-07-26T15:29:35.082214+00:00
JHS,2026-06-30,2026-07-16,33.85,3.14,,66.15,nse,2026-07-26T15:29:36.159089+00:00
JHS,2026-03-31,2026-04-15,33.85,3.6,,66.15,nse,2026-07-21T21:59:30.367540+00:00
JHS,2026-02-01,2026-02-11,33.85,3.6,,66.15,nse,2026-07-21T21:59:30.367540+00:00
JHS,2025-12-31,2026-01-19,34.56,1.57,,65.44,nse,2026-07-21T21:59:30.367540+00:00
JINDALPHOT,2026-06-30,2026-07-21,74.2,,0.02,25.8,nse,2026-07-26T15:29:36.805723+00:00
JINDALPOLY,2026-06-30,2026-07-17,74.55,1.93,0.0,25.45,nse,2026-07-26T15:29:37.577071+00:00
JINDALSAW,2026-06-30,2026-07-17,63.25,13.08,8.37,36.5,nse,2026-07-26T15:29:38.677631+00:00
JINDRILL,2026-06-30,2026-07-17,66.78,0.42,0.01,33.22,nse,2026-07-26T15:29:39.471954+00:00
JIOFIN,2026-06-30,2026-07-20,49.13,11.27,13.36,50.87,nse,2026-07-26T15:29:40.661957+00:00
JISLDVREQS,2026-06-30,2026-07-15,30.37,0.0,0.31,69.63,nse,2026-07-26T15:29:41.430692+00:00
JITFINFRA,2026-06-30,2026-07-21,63.03,1.93,0.04,36.97,nse,2026-07-26T15:29:42.330568+00:00
JKCEMENT,2026-06-30,2026-07-14,45.66,16.86,23.73,54.34,nse,2026-07-26T15:29:43.087695+00:00
JKIL,2026-06-30,2026-07-08,46.65,11.68,15.16,53.35,nse,2026-07-26T15:29:43.884991+00:00
JKLAKSHMI,2026-06-30,2026-07-20,45.12,8.64,26.58,54.88,nse,2026-07-26T15:29:44.884062+00:00
JKPAPER,2026-06-30,2026-07-20,52.94,11.4,6.27,47.06,nse,2026-07-26T15:29:45.785881+00:00
JKTYRE,2026-06-30,2026-07-21,51.72,15.75,7.26,48.28,nse,2026-07-26T15:29:46.702511+00:00
JMA,2026-06-30,2026-07-17,51.0,0.05,0.01,49.0,nse,2026-07-26T15:32:42.648925+00:00
JMFINANCIL,2026-06-30,2026-07-20,57.03,16.95,5.49,42.97,nse,2026-07-26T15:32:43.473814+00:00
JNKINDIA,2026-06-30,2026-07-21,67.79,0.94,10.92,32.21,nse,2026-07-26T15:32:44.365609+00:00
JOCIL,2026-06-30,2026-07-14,55.02,,,44.98,nse,2026-07-26T15:32:45.051057+00:00
JPASSOCIAT,2026-03-31,2026-04-17,28.77,0.28,8.57,71.23,nse,2026-07-26T15:32:46.124914+00:00
JPOLYINVST,2026-06-30,2026-07-17,74.63,0.1,0.45,25.37,nse,2026-07-26T15:32:46.916824+00:00
JPPOWER,2026-06-30,2026-07-13,24.0,6.76,11.16,76.0,nse,2026-07-26T15:32:47.627218+00:00
JSFB,2026-06-30,2026-07-03,16.94,4.01,16.35,83.06,nse,2026-07-26T15:32:48.489641+00:00
JSL,2026-06-30,2026-07-15,62.05,20.45,7.35,37.92,nse,2026-07-26T15:32:49.614953+00:00
JSWCEMENT,2026-06-30,2026-07-21,72.02,3.71,11.49,27.03,nse,2026-07-26T15:32:53.217231+00:00
JSWENERGY,2026-06-30,2026-07-17,66.53,11.41,16.2,33.41,nse,2026-07-26T15:32:54.321451+00:00
JSWHL,2026-06-30,2026-07-16,66.29,22.28,0.18,33.7,nse,2026-07-26T15:32:55.313478+00:00
JSWINFRA,2026-06-30,2026-07-21,73.93,11.21,9.19,25.79,nse,2026-07-26T15:32:57.493374+00:00
JSWSTEEL,2026-06-30,2026-07-21,44.29,25.92,11.49,55.52,nse,2026-07-26T15:32:58.591372+00:00
JTLIND,2026-06-30,2026-07-09,49.26,4.84,0.14,50.74,nse,2026-07-26T15:32:59.336270+00:00
JUBLCPL,2026-06-30,2026-07-17,74.36,0.22,0.23,25.64,nse,2026-07-26T15:33:00.011572+00:00
JUBLFOOD,2026-06-30,2026-07-20,40.27,13.32,39.59,59.4,nse,2026-07-26T15:33:00.791419+00:00
JUBLINGREA,2026-06-30,2026-07-15,45.22,6.49,24.98,53.79,nse,2026-07-26T15:33:01.631296+00:00
JUBLPHARMA,2026-06-30,2026-07-21,47.68,15.87,12.4,51.77,nse,2026-07-26T15:33:02.546915+00:00
JUNIPER,2026-06-30,2026-07-14,77.53,4.46,12.18,22.47,nse,2026-07-26T15:33:03.325122+00:00
JUSTDIAL,2026-06-30,2026-07-20,74.14,3.21,9.87,25.86,nse,2026-07-26T15:33:04.018752+00:00
JWL,2026-06-30,2026-07-10,68.31,3.47,0.8,31.69,nse,2026-07-26T15:33:04.919000+00:00
JYOTHYLAB,2026-06-30,2026-07-16,62.89,12.13,13.37,37.11,nse,2026-07-26T15:33:05.706953+00:00
JYOTICNC,2026-06-30,2026-07-15,62.55,6.29,12.58,37.45,nse,2026-07-26T15:33:06.473012+00:00
JYOTISTRUC,2026-06-30,2026-07-15,0.0,1.24,0.13,100.0,nse,2026-07-26T15:33:07.131098+00:00
KABRAEXTRU,2026-06-30,2026-07-17,60.44,0.36,0.02,39.56,nse,2026-07-26T15:33:41.347434+00:00
KAJARIACER,2026-06-30,2026-07-14,47.69,11.58,26.25,52.31,nse,2026-07-26T15:33:42.149481+00:00
KAKATCEM,2026-06-30,2026-07-06,54.25,,0.0,45.75,nse,2026-07-21T22:01:36.454250+00:00
KAKATCEM,2026-03-31,2026-04-14,54.25,,0.0,45.75,nse,2026-07-21T22:01:36.454250+00:00
KAKATCEM,2025-12-31,2026-01-13,54.25,,0.0,45.75,nse,2026-07-21T22:01:36.454250+00:00
KAKATCEM,2025-09-30,2025-10-15,54.25,,0.0,45.75,nse,2026-07-21T22:01:36.454250+00:00
KALAMANDIR,2026-06-30,2026-07-08,60.97,0.61,6.28,35.11,nse,2026-07-26T15:33:42.918417+00:00
KALPATARU,2026-06-30,2026-07-20,81.34,5.87,8.24,18.66,nse,2026-07-26T15:33:44.915778+00:00
KALYANKJIL,2026-06-30,2026-07-15,62.86,10.82,15.83,37.14,nse,2026-07-26T15:33:45.723580+00:00
KAMATHOTEL,2026-06-30,2026-07-17,57.78,0.02,3.86,42.22,nse,2026-07-26T15:33:46.514853+00:00
KAMDHENU,2026-06-30,2026-07-09,49.03,2.06,0.03,50.97,nse,2026-07-26T15:33:47.288739+00:00
KAMOPAINTS,2026-06-30,2026-07-10,52.54,,0.01,47.46,nse,2026-07-26T15:33:48.123666+00:00
KANANIIND,2026-06-30,2026-07-15,33.79,,,66.21,nse,2026-07-21T22:01:36.886411+00:00
KANANIIND,2026-03-31,2026-04-13,33.79,,,66.21,nse,2026-07-21T22:01:36.886411+00:00
KANANIIND,2025-12-31,2026-01-16,33.79,,,66.21,nse,2026-07-21T22:01:36.886411+00:00
KANANIIND,2025-09-30,2025-10-14,33.79,,,66.21,nse,2026-07-21T22:01:36.886411+00:00
KANORICHEM,2026-06-30,2026-07-17,74.4,0.05,0.07,25.6,nse,2026-07-26T15:33:48.819069+00:00
KANPRPLA,2026-06-30,2026-07-09,68.03,0.02,1.4,31.97,nse,2026-07-26T15:33:49.515116+00:00
KANSAINER,2026-06-30,2026-07-17,74.96,4.03,11.88,25.04,nse,2026-07-26T15:33:50.500176+00:00
KARMAENG,2026-06-30,2026-07-13,74.7,,,25.3,nse,2026-07-26T15:33:51.345019+00:00
KARMAENG,2026-03-31,2026-04-10,74.7,,,25.3,nse,2026-07-21T22:01:38.271802+00:00
KARMAENG,2025-12-31,2026-01-12,74.7,,,25.3,nse,2026-07-21T22:01:38.271802+00:00
KARMAENG,2025-09-30,2025-10-23,74.7,,,25.3,nse,2026-07-21T22:01:38.271802+00:00
KARURVYSYA,2026-06-30,2026-07-21,2.07,17.92,41.22,97.93,nse,2026-07-26T15:33:52.699859+00:00
KAUSHALYA,2026-06-30,2026-07-20,51.42,,0.0,48.58,nse,2026-07-21T22:01:39.480284+00:00
KAUSHALYA,2026-03-31,2026-04-10,51.42,,0.0,48.58,nse,2026-07-21T22:01:39.480284+00:00
KAUSHALYA,2025-12-31,2026-01-19,51.42,,0.0,48.58,nse,2026-07-21T22:01:39.480284+00:00
KAUSHALYA,2025-09-30,2025-10-18,51.42,,0.0,48.58,nse,2026-07-21T22:01:39.480284+00:00
KAYA,2026-06-30,2026-07-17,51.43,0.71,2.99,48.57,nse,2026-07-26T15:33:53.496904+00:00
KCP,2026-06-30,2026-07-15,44.39,2.31,0.56,55.61,nse,2026-07-26T15:33:54.344496+00:00
KDDL,2026-06-30,2026-07-13,50.14,7.99,2.17,49.86,nse,2026-07-26T15:33:55.146141+00:00
KEC,2026-06-30,2026-07-17,50.1,9.92,23.34,49.9,nse,2026-07-26T15:33:56.144993+00:00
KECL,2026-06-30,2026-07-18,49.74,4.06,1.24,50.26,nse,2026-07-26T15:33:57.005771+00:00
KEEPLEARN,2026-06-30,2026-07-16,55.42,,0.7,44.58,nse,2026-07-21T22:01:34.442890+00:00
KEEPLEARN,2026-03-31,2026-04-13,55.42,,0.7,44.58,nse,2026-07-21T22:01:34.442890+00:00
KEEPLEARN,2025-12-31,2026-01-15,55.42,,0.7,44.58,nse,2026-07-21T22:01:34.442890+00:00
KEEPLEARN,2025-09-30,2025-10-20,55.42,,0.72,44.58,nse,2026-07-21T22:01:34.442890+00:00
KEI,2026-06-30,2026-07-20,35.0,27.32,25.9,65.0,nse,2026-07-26T15:33:57.706482+00:00
KELLTONTEC,2026-03-31,2026-04-21,37.67,1.04,0.0,62.33,nse,2026-07-26T15:33:58.389460+00:00
KERNEX,2026-06-30,2026-07-14,28.73,2.48,0.05,71.27,nse,2026-07-26T15:33:59.427039+00:00
KESORAMIND,2026-06-30,2026-07-10,43.34,2.41,3.99,56.66,nse,2026-07-26T15:34:00.271183+00:00
KFINTECH,2026-06-30,2026-07-21,22.82,20.73,27.31,77.18,nse,2026-07-26T15:34:01.808194+00:00
KHAICHEM,2026-06-30,2026-07-14,72.65,0.11,0.01,27.35,nse,2026-07-26T15:34:03.604351+00:00
KHAITANLTD,2026-06-30,2026-07-10,60.24,,0.03,39.76,nse,2026-07-21T22:00:18.143079+00:00
KHAITANLTD,2026-03-31,2026-04-20,60.24,,0.03,39.76,nse,2026-07-21T22:00:18.143079+00:00
KHAITANLTD,2025-12-31,2026-01-15,60.24,,0.03,39.76,nse,2026-07-21T21:59:33.427076+00:00
KHAITANLTD,2025-09-30,2025-10-14,60.24,,0.03,39.76,nse,2026-07-21T21:59:33.427076+00:00
KHANDSE,2026-06-30,2026-07-20,48.78,,,51.22,nse,2026-07-21T22:01:35.874242+00:00
KHANDSE,2026-03-31,2026-04-20,48.73,,,51.27,nse,2026-07-21T22:01:35.874242+00:00
KHANDSE,2025-12-31,2026-01-20,48.3,,,51.7,nse,2026-07-21T22:01:35.874242+00:00
KHANDSE,2025-09-30,2025-10-14,48.27,,,51.73,nse,2026-07-21T22:01:35.874242+00:00
KICL,2026-06-30,2026-07-16,74.97,0.64,0.57,25.03,nse,2026-07-26T15:34:51.136217+00:00
KIMS,2026-06-30,2026-07-21,32.5,14.74,34.43,67.5,nse,2026-07-26T15:34:52.181835+00:00
KIRLOSBROS,2026-06-30,2026-07-17,65.95,6.41,10.22,34.05,nse,2026-07-26T15:34:53.217871+00:00
KIRLOSENG,2026-06-30,2026-07-21,41.07,11.33,26.0,58.93,nse,2026-07-26T15:34:54.373174+00:00
KIRLOSIND,2026-06-30,2026-07-21,71.87,0.5,1.87,28.13,nse,2026-07-26T15:34:55.986196+00:00
KIRLPNU,2026-06-30,2026-07-19,38.81,10.4,25.98,61.19,nse,2026-07-26T15:34:57.256620+00:00
KKCL,2026-06-30,2026-07-17,74.29,2.37,8.85,25.71,nse,2026-07-26T15:34:58.404407+00:00
KOHINOOR,2026-06-30,2026-07-10,37.67,0.0,0.0,62.33,nse,2026-07-21T22:00:18.469910+00:00
KOHINOOR,2026-03-31,2026-04-14,37.67,0.03,0.0,62.33,nse,2026-07-21T22:00:18.469910+00:00
KOHINOOR,2025-12-31,2026-01-16,37.67,0.11,0.0,62.33,nse,2026-07-21T21:59:37.099595+00:00
KOHINOOR,2025-09-30,2025-10-21,37.67,0.01,0.0,62.33,nse,2026-07-21T21:59:37.099595+00:00
KOLTEPATIL,2026-06-30,2026-07-20,73.81,10.61,3.3,26.19,nse,2026-07-26T15:34:59.123756+00:00
KOPRAN,2026-06-30,2026-07-09,44.42,0.51,0.0,55.58,nse,2026-07-26T15:34:59.866794+00:00
KOTAKBANK,2026-06-30,2026-07-14,25.87,25.21,37.71,74.13,nse,2026-07-26T15:35:00.643910+00:00
KOTARISUG,2026-06-30,2026-07-15,73.53,0.15,0.49,26.47,nse,2026-07-26T15:35:01.294503+00:00
KOTHARIPET,2026-06-30,2026-07-15,72.22,0.0,0.1,27.78,nse,2026-07-26T15:35:02.091095+00:00
KPEL,2026-06-30,2026-07-16,45.31,0.52,1.03,54.69,nse,2026-07-26T15:35:02.791160+00:00
KPIGREEN,2026-06-30,2026-07-20,49.4,8.15,0.68,50.6,nse,2026-07-26T15:35:03.552467+00:00
KPIL,2026-06-30,2026-07-17,33.58,10.78,44.83,66.42,nse,2026-07-26T15:35:06.570476+00:00
KPITTECH,2026-06-30,2026-07-17,38.6,13.22,23.61,60.78,nse,2026-07-26T15:35:07.557762+00:00
KPRMILL,2026-06-30,2026-07-16,67.52,7.02,19.25,32.48,nse,2026-07-26T15:35:08.437169+00:00
KRBL,2026-06-30,2026-07-20,60.17,7.28,0.7,39.83,nse,2026-07-26T15:35:09.362986+00:00
KREBSBIO,2026-06-30,2026-07-08,72.74,0.5,,27.26,nse,2026-07-26T15:35:10.269077+00:00
KRIDHANINF,2026-06-30,2026-07-21,40.05,,,59.95,nse,2026-07-21T22:01:25.053255+00:00
KRIDHANINF,2026-05-14,2026-05-23,40.05,,,59.95,nse,2026-07-21T22:01:25.053255+00:00
KRIDHANINF,2026-03-31,2026-04-21,44.88,0.0,0.0,55.12,nse,2026-07-21T22:01:25.053255+00:00
KRIDHANINF,2026-03-17,2026-03-26,44.88,,0.0,55.12,nse,2026-07-21T22:01:25.053255+00:00
KRISHANA,2026-06-30,2026-07-16,72.93,0.37,0.03,27.07,nse,2026-07-26T15:35:11.174990+00:00
KRITI,2026-06-30,2026-07-11,69.07,0.05,0.0,30.93,nse,2026-07-26T15:35:12.121605+00:00
KRITINUT,2026-06-30,2026-07-11,66.68,,0.03,33.32,nse,2026-07-26T15:35:12.828776+00:00
KRSNAA,2026-06-30,2026-07-17,27.11,4.28,14.51,72.89,nse,2026-07-26T15:35:13.746773+00:00
KSB,2026-06-30,2026-07-21,69.8,4.1,11.77,30.2,nse,2026-07-26T15:35:14.549545+00:00
KSCL,2026-06-30,2026-07-18,60.5,17.54,3.5,38.72,nse,2026-07-26T15:35:15.471875+00:00
KSHITIJPOL,2026-06-30,2026-07-21,0.0,0.16,,100.0,nse,2026-07-21T21:59:55.954322+00:00
KSHITIJPOL,2026-03-31,2026-04-21,0.0,0.16,,100.0,nse,2026-07-21T21:59:55.954322+00:00
KSHITIJPOL,2025-12-31,2026-01-16,0.0,0.16,,100.0,nse,2026-07-21T21:59:55.954322+00:00
KSHITIJPOL,2025-09-30,2025-10-16,0.0,0.16,,100.0,nse,2026-07-21T21:59:55.954322+00:00
KSL,2026-06-30,2026-07-16,64.7,1.77,11.49,35.3,nse,2026-07-26T15:37:02.199055+00:00
KTKBANK,2026-06-30,2026-07-18,0.0,13.1,15.75,100.0,nse,2026-07-26T15:37:03.299774+00:00
LAGNAM,2026-06-30,2026-07-16,68.5,,,31.5,nse,2026-07-26T15:37:04.321212+00:00
LAL,2026-06-30,2026-07-14,56.17,0.41,,43.83,nse,2026-07-26T15:37:05.147272+00:00
LALPATHLAB,2026-06-30,2026-07-21,53.19,17.36,21.59,46.43,nse,2026-07-26T15:37:06.035955+00:00
LAMBODHARA,2026-06-30,2026-07-14,73.17,0.16,,26.83,nse,2026-07-26T15:37:06.768750+00:00
LANCORHOL,2026-06-30,2026-07-15,51.31,,,48.69,nse,2026-07-26T15:37:07.497383+00:00
LANDMARK,2026-06-30,2026-07-17,49.93,2.69,20.67,50.07,nse,2026-07-26T15:37:08.451057+00:00
LAOPALA,2026-06-30,2026-07-16,66.28,0.48,18.6,33.72,nse,2026-07-26T15:37:09.346750+00:00
LASA,2026-03-31,2026-05-12,53.65,,,46.35,nse,2026-07-21T21:59:53.368138+00:00
LASA,2025-12-31,2026-01-19,53.65,,,46.35,nse,2026-07-21T21:59:53.368138+00:00
LASA,2025-09-30,2025-10-17,53.65,,,46.35,nse,2026-07-21T21:59:53.368138+00:00
LASA,2025-06-30,2025-07-21,5365.0,47.0,,4635.0,nse,2026-07-21T21:59:53.368138+00:00
LATENTVIEW,2026-06-30,2026-07-21,65.1,2.13,3.6,34.9,nse,2026-07-26T15:37:10.259389+00:00
LAURUSLABS,2026-06-30,2026-07-21,27.47,28.0,13.74,72.53,nse,2026-07-26T15:37:11.058406+00:00
LAXMICOT,2026-06-30,2026-07-13,58.63,,,41.37,nse,2026-07-21T22:01:29.655546+00:00
LAXMICOT,2026-03-31,2026-04-14,58.63,,,41.37,nse,2026-07-21T22:01:29.655546+00:00
LAXMICOT,2025-12-31,2026-01-19,58.63,,,41.37,nse,2026-07-21T22:01:29.655546+00:00
LAXMICOT,2025-09-30,2025-10-17,58.63,,,41.37,nse,2026-07-21T22:01:29.655546+00:00
LAXMIDENTL,2026-06-30,2026-07-20,41.8,30.1,10.89,58.2,nse,2026-07-26T15:37:11.874960+00:00
LAXMIINDIA,2026-06-30,2026-07-16,60.17,1.4,5.32,39.83,nse,2026-07-26T15:37:12.746535+00:00
LCCINFOTEC,2026-03-31,2026-04-10,45.85,0.0,0.05,54.15,nse,2026-07-21T22:01:30.285447+00:00
LCCINFOTEC,2026-03-06,2026-03-13,34.43,,0.04,65.57,nse,2026-07-21T22:01:30.285447+00:00
LCCINFOTEC,2025-12-31,2026-01-16,45.85,,0.05,54.15,nse,2026-07-21T22:01:30.285447+00:00
LCCINFOTEC,2025-09-30,2025-10-17,45.85,0.0,0.05,54.15,nse,2026-07-21T22:01:30.285447+00:00
LEMERITE,2026-06-30,2026-07-20,59.65,0.0,,40.35,nse,2026-07-21T21:59:50.687131+00:00
LEMERITE,2026-03-31,2026-04-20,59.65,0.22,0.16,40.35,nse,2026-07-21T21:59:50.687131+00:00
LEMERITE,2025-12-31,2026-01-16,59.65,0.15,0.16,40.35,nse,2026-07-21T21:59:50.687131+00:00
LEMERITE,2025-10-16,2025-10-17,59.87,0.12,,40.13,nse,2026-07-21T21:59:50.687131+00:00
LEMONTREE,2026-06-30,2026-07-08,22.32,19.45,14.35,77.63,nse,2026-07-26T15:37:13.489444+00:00
LEXUS,2026-06-30,2026-07-21,52.91,,,47.09,nse,2026-07-21T22:01:31.403950+00:00
LEXUS,2026-03-31,2026-04-16,53.12,,,46.88,nse,2026-07-21T22:01:31.403950+00:00
LEXUS,2026-02-27,2026-03-09,53.54,,,46.46,nse,2026-07-21T22:01:31.403950+00:00
LEXUS,2025-12-31,2026-01-08,54.33,,,45.67,nse,2026-07-21T22:01:31.403950+00:00
LFIC,2026-06-30,2026-07-08,47.0,,0.03,53.0,nse,2026-07-26T15:37:14.571215+00:00
LFIC,2026-03-31,2026-04-14,47.0,0.0,0.03,53.0,nse,2026-07-21T21:59:30.791390+00:00
LFIC,2025-12-31,2026-01-13,47.0,,0.03,53.0,nse,2026-07-21T21:59:30.791390+00:00
LFIC,2025-09-30,2025-10-15,47.0,,0.03,53.0,nse,2026-07-21T21:59:30.791390+00:00
LGBBROSLTD,2026-06-30,2026-07-11,34.83,6.42,13.46,65.17,nse,2026-07-26T15:37:15.326449+00:00
LIBAS,2026-06-30,2026-07-17,31.93,,,68.07,nse,2026-07-21T22:01:32.800010+00:00
LIBAS,2026-03-31,2026-04-09,31.55,,,68.45,nse,2026-07-21T22:01:32.800010+00:00
LIBAS,2025-12-31,2026-01-27,30.7,,,69.3,nse,2026-07-21T22:01:32.800010+00:00
LIBAS,2025-09-30,2025-10-17,30.7,,,69.3,nse,2026-07-21T22:01:32.800010+00:00
LIBERTSHOE,2026-06-30,2026-07-16,59.33,0.1,0.0,40.67,nse,2026-07-26T15:37:16.163164+00:00
LICHSGFIN,2026-06-30,2026-07-17,45.24,21.47,21.02,54.76,nse,2026-07-26T15:37:16.837824+00:00
LICI,2026-06-30,2026-07-17,96.5,0.44,0.99,3.5,nse,2026-07-26T15:37:17.465161+00:00
LINC,2026-06-30,2026-07-17,61.02,0.94,,38.98,nse,2026-07-26T15:37:18.289297+00:00
LINCOLN,2026-06-30,2026-07-13,49.78,4.6,0.27,50.22,nse,2026-07-26T15:37:18.927846+00:00
LINDEINDIA,2026-06-30,2026-07-20,75.0,2.04,6.79,25.0,nse,2026-07-26T15:37:19.553282+00:00
LLOYDSENGG,2026-06-30,2026-07-20,41.91,2.44,0.24,57.98,nse,2026-07-26T15:37:20.145292+00:00
LLOYDSME,2026-06-30,2026-07-17,61.63,1.85,2.19,38.31,nse,2026-07-26T15:37:20.904710+00:00
LMW,2026-06-30,2026-07-16,30.8,5.45,9.51,69.2,nse,2026-07-26T15:37:22.022507+00:00
LODHA,2026-06-30,2026-07-21,70.31,23.65,3.57,29.69,nse,2026-07-26T15:38:27.319437+00:00
LORDSCHLO,2026-06-30,2026-07-13,74.97,0.01,0.07,25.03,nse,2026-07-26T15:38:28.115922+00:00
LOYALTEX,2026-06-30,2026-07-09,73.49,,0.04,26.51,nse,2026-07-26T15:38:29.047779+00:00
LOYALTEX,2026-03-31,2026-04-04,73.49,,0.04,26.51,nse,2026-07-21T22:00:03.325198+00:00
LOYALTEX,2025-12-31,2026-01-21,73.49,,0.04,26.51,nse,2026-07-21T22:00:03.325198+00:00
LOYALTEX,2025-09-30,2025-10-18,73.49,,0.08,26.51,nse,2026-07-21T22:00:03.325198+00:00
LPDC,2026-06-30,2026-07-17,64.86,,0.13,35.14,nse,2026-07-26T15:38:29.787219+00:00
LPDC,2026-03-31,2026-04-20,64.86,0.0,0.13,35.14,nse,2026-07-21T22:01:28.282134+00:00
LPDC,2025-12-31,2026-01-21,64.86,,0.13,35.14,nse,2026-07-21T22:01:28.282134+00:00
LPDC,2025-09-30,2025-10-17,64.86,0.0,0.13,35.14,nse,2026-07-21T22:01:28.282134+00:00
LT,2026-06-30,2026-07-16,0.0,19.13,43.02,100.0,nse,2026-07-26T15:38:30.445626+00:00
LTF,2026-06-30,2026-07-08,65.96,7.71,14.9,34.04,nse,2026-07-26T15:38:31.979133+00:00
LTFOODS,2026-06-30,2026-07-20,51.01,8.21,10.84,48.99,nse,2026-07-26T15:38:32.693935+00:00
LTTS,2026-06-30,2026-07-20,73.52,4.12,14.05,26.48,nse,2026-07-26T15:38:34.001606+00:00
LUMAXIND,2026-06-30,2026-07-20,75.0,1.36,6.71,25.0,nse,2026-07-26T15:38:34.670448+00:00
LUMAXTECH,2026-06-30,2026-07-20,55.98,8.69,16.53,44.02,nse,2026-07-26T15:38:35.343507+00:00
LUPIN,2026-06-30,2026-07-21,46.85,22.42,24.65,53.15,nse,2026-07-26T15:38:36.067291+00:00
LUXIND,2026-06-30,2026-07-16,74.19,0.72,4.76,25.81,nse,2026-07-26T15:38:37.263450+00:00
LXCHEM,2026-06-30,2026-07-17,69.34,0.69,3.83,30.66,nse,2026-07-26T15:38:38.244438+00:00
LYKALABS,2026-06-30,2026-07-20,58.45,0.17,0.66,41.55,nse,2026-07-26T15:38:39.086514+00:00
M&M,2026-06-30,2026-07-20,18.45,34.89,32.65,78.08,nse,2026-07-26T15:38:40.750222+00:00
M&MFIN,2026-06-30,2026-07-15,52.49,9.53,31.49,47.48,nse,2026-07-26T15:38:42.474482+00:00
MADHAV,2026-06-30,2026-07-18,45.77,,0.59,54.23,nse,2026-07-21T22:00:53.761081+00:00
MADHAV,2026-03-31,2026-04-20,45.54,,0.59,54.46,nse,2026-07-21T22:00:53.761081+00:00
MADHAV,2025-12-31,2026-01-21,45.2,,0.59,54.8,nse,2026-07-21T22:00:53.761081+00:00
MADHAV,2025-09-30,2025-10-17,44.59,,,55.41,nse,2026-07-21T22:00:53.761081+00:00
MADHUCON,2026-06-30,2026-07-17,59.08,,,40.92,nse,2026-07-21T22:00:53.642048+00:00
MADHUCON,2026-03-31,2026-04-06,59.08,,,40.92,nse,2026-07-21T22:00:53.642048+00:00
MADHUCON,2025-12-31,2026-01-16,59.08,,,40.92,nse,2026-07-21T22:00:53.642048+00:00
MADHUCON,2025-09-30,2025-10-15,59.08,,,40.92,nse,2026-07-21T22:00:53.642048+00:00
MADRASFERT,2026-06-30,2026-07-17,85.27,0.02,0.05,14.73,nse,2026-07-26T15:38:43.124538+00:00
MAGADSUGAR,2026-06-30,2026-07-17,61.02,0.06,0.01,38.98,nse,2026-07-26T15:38:43.866682+00:00
MAHABANK,2026-06-30,2026-07-09,73.6,5.81,14.27,26.4,nse,2026-07-26T15:38:44.491616+00:00
MAHAPEXLTD,2026-06-30,2026-07-15,71.57,,0.0,28.43,nse,2026-07-26T15:38:45.268805+00:00
MAHEPC,2026-06-30,2026-07-17,54.18,0.13,,45.82,nse,2026-07-26T15:38:45.808613+00:00
MAHLIFE,2026-06-30,2026-07-21,52.41,7.38,22.76,47.59,nse,2026-07-26T15:38:47.358746+00:00
MAHLOG,2026-06-30,2026-07-20,59.58,4.1,14.43,40.42,nse,2026-07-26T15:38:49.123412+00:00
MAHSCOOTER,2026-06-30,2026-07-20,51.0,6.17,3.85,49.0,nse,2026-07-26T15:38:50.133441+00:00
MAHSEAMLES,2026-06-30,2026-07-07,70.28,9.72,3.84,29.72,nse,2026-07-26T15:38:50.962461+00:00
MALUPAPER,2026-06-30,2026-07-15,69.8,,,30.2,nse,2026-07-21T21:59:38.382698+00:00
MALUPAPER,2026-03-31,2026-04-20,69.8,,,30.2,nse,2026-07-21T21:59:38.382698+00:00
MALUPAPER,2025-12-31,2026-01-19,69.8,,,30.2,nse,2026-07-21T21:59:38.382698+00:00
MALUPAPER,2025-09-30,2025-10-19,69.8,,,30.2,nse,2026-07-21T21:59:38.382698+00:00
MAMATA,2026-06-30,2026-07-15,62.45,0.35,1.75,37.55,nse,2026-07-26T15:41:47.456982+00:00
MANAKSIA,2026-06-30,2026-07-08,74.93,0.95,,25.07,nse,2026-07-26T15:41:48.139225+00:00
MANAKSTEEL,2026-06-30,2026-07-08,74.75,,0.0,25.25,nse,2026-07-26T15:41:48.615008+00:00
MANALIPETC,2026-06-30,2026-07-21,44.86,0.38,0.01,55.14,nse,2026-07-26T15:41:49.635199+00:00
MANAPPURAM,2026-06-30,2026-07-21,41.66,22.3,14.85,58.34,nse,2026-07-26T15:41:50.300697+00:00
MANBA,2026-06-30,2026-07-17,74.98,0.92,,25.02,nse,2026-07-26T15:41:50.900002+00:00
MANGALAM,2026-06-30,2026-07-10,35.65,0.11,0.0,64.35,nse,2026-07-21T22:00:51.027079+00:00
MANGALAM,2026-03-31,2026-04-17,35.65,0.32,0.0,64.35,nse,2026-07-21T22:00:51.027079+00:00
MANGALAM,2025-12-31,2026-01-19,35.64,0.13,0.0,64.36,nse,2026-07-21T22:00:51.027079+00:00
MANGALAM,2025-09-30,2025-10-16,50.3,0.11,0.0,49.7,nse,2026-07-21T22:00:51.027079+00:00
MANGCHEFER,2025-09-30,2025-10-21,60.63,3.01,8.6,39.37,nse,2026-07-26T15:41:51.602800+00:00
MANGLMCEM,2026-06-30,2026-07-19,40.0,5.53,6.17,60.0,nse,2026-07-26T15:41:52.317180+00:00
MANINDS,2026-06-30,2026-07-20,43.21,2.87,1.43,56.79,nse,2026-07-26T15:41:53.119096+00:00
MANINFRA,2026-06-30,2026-07-16,62.52,1.91,1.13,37.48,nse,2026-07-26T15:41:53.577025+00:00
MANKIND,2026-06-30,2026-07-21,72.63,9.45,15.39,27.37,nse,2026-07-26T15:41:54.594167+00:00
MANOMAY,2026-06-30,2026-07-15,57.31,1.32,,42.69,nse,2026-07-26T15:41:55.299946+00:00
MANORG,2026-06-30,2026-07-17,58.65,,2.21,41.35,nse,2026-07-26T15:41:55.905414+00:00
MANUGRAPH,2026-06-30,2026-07-20,57.67,,1.62,42.33,nse,2026-07-21T22:00:52.442394+00:00
MANUGRAPH,2026-03-31,2026-04-20,57.67,,1.67,42.33,nse,2026-07-21T22:00:52.442394+00:00
MANUGRAPH,2025-12-31,2026-01-20,57.67,,1.77,42.33,nse,2026-07-21T22:00:52.442394+00:00
MANUGRAPH,2025-09-30,2025-10-21,57.67,,1.77,42.33,nse,2026-07-21T22:00:52.442394+00:00
MANYAVAR,2026-06-30,2026-07-20,74.94,7.95,13.2,25.06,nse,2026-07-26T15:41:56.705722+00:00
MAPMYINDIA,2026-06-30,2026-07-20,51.41,1.52,12.74,48.59,nse,2026-07-26T15:41:57.324274+00:00
MARALOVER,2026-06-30,2026-07-13,74.95,0.08,0.0,25.05,nse,2026-07-26T15:41:58.050541+00:00
MARATHON,2026-06-30,2026-07-21,56.42,4.68,14.7,43.58,nse,2026-07-26T15:41:58.528272+00:00
MARICO,2026-06-30,2026-07-17,58.91,23.4,13.02,40.91,nse,2026-07-26T15:41:59.184134+00:00
MARKSANS,2026-06-30,2026-07-20,43.87,17.47,6.19,56.13,nse,2026-07-26T15:41:59.645485+00:00
MARUTI,2026-06-30,2026-07-17,58.65,12.82,25.18,41.35,nse,2026-07-26T15:42:00.814728+00:00
MASFIN,2026-06-30,2026-07-18,66.65,3.68,19.69,33.35,nse,2026-07-26T15:42:01.652094+00:00
MASKINVEST,2026-06-30,2026-07-15,72.25,,,27.75,nse,2026-07-26T15:42:02.502759+00:00
MASKINVEST,2026-03-31,2026-04-08,72.25,,,27.75,nse,2026-07-21T22:00:57.157606+00:00
MASKINVEST,2025-12-31,2026-01-19,72.25,,,27.75,nse,2026-07-21T22:00:57.157606+00:00
MASKINVEST,2025-09-30,2025-10-10,72.25,,,27.75,nse,2026-07-21T22:00:57.157606+00:00
MASTEK,2026-06-30,2026-07-08,35.76,7.45,19.86,64.24,nse,2026-07-26T15:42:03.189413+00:00
MASTERTR,2026-06-30,2026-07-17,71.93,0.03,,28.07,nse,2026-07-26T15:42:03.817024+00:00
MATRIMONY,2026-06-30,2026-07-20,58.43,19.2,5.16,41.57,nse,2026-07-26T15:42:04.490625+00:00
MAWANASUG,2026-06-30,2026-07-07,63.49,0.44,0.06,36.51,nse,2026-07-26T15:46:53.671300+00:00
MAXESTATES,2026-06-30,2026-07-21,45.26,25.85,8.2,54.74,nse,2026-07-26T15:46:54.927549+00:00
MAXHEALTH,2026-06-30,2026-07-17,23.71,41.78,29.96,76.29,nse,2026-07-26T15:46:57.337930+00:00
MAXIND,2026-06-30,2026-07-17,49.77,7.06,1.66,50.23,nse,2026-07-26T15:46:58.700789+00:00
MAYURUNIQ,2026-06-30,2026-07-14,58.77,4.78,3.12,41.23,nse,2026-07-26T15:46:59.407295+00:00
MAZDA,2026-06-30,2026-07-15,48.67,0.07,0.05,51.33,nse,2026-07-26T15:47:00.109325+00:00
MAZDOCK,2026-06-30,2026-07-20,81.22,1.72,5.01,18.78,nse,2026-07-26T15:47:01.125959+00:00
MBAPL,2026-06-30,2026-07-14,74.76,0.67,0.01,25.24,nse,2026-07-26T15:47:02.018297+00:00
MBEL,2026-06-30,2026-07-18,70.61,0.85,9.64,29.39,nse,2026-07-26T15:47:03.398709+00:00
MBLINFRA,2026-06-30,2026-07-20,74.57,0.0,0.42,25.43,nse,2026-07-26T15:47:04.143402+00:00
MCLEODRUSS,2026-06-30,2026-07-20,6.25,1.49,0.54,93.75,nse,2026-07-26T15:47:04.941378+00:00
MCLOUD,2026-06-30,2026-07-17,54.04,0.21,0.02,45.96,nse,2026-07-26T15:47:05.755100+00:00
MEDANTA,2026-06-30,2026-07-21,33.0,9.46,16.89,66.91,nse,2026-07-26T15:47:06.590114+00:00
MEDIASSIST,2026-06-30,2026-07-18,4.61,25.42,47.24,95.39,nse,2026-07-26T15:47:07.356465+00:00
MEDICAMEQ,2026-06-30,2026-07-16,40.46,0.07,0.4,59.54,nse,2026-07-26T15:47:08.201815+00:00
MEDPLUS,2026-06-30,2026-07-18,40.19,14.38,29.95,59.77,nse,2026-07-26T15:47:09.037731+00:00
MEIL,2026-06-30,2026-07-11,74.79,1.28,4.3,25.21,nse,2026-07-26T15:47:10.020854+00:00
METROBRAND,2026-06-30,2026-07-17,71.8,3.73,7.68,28.2,nse,2026-07-26T15:47:10.930316+00:00
METROPOLIS,2026-06-30,2026-07-21,48.86,11.03,35.12,51.14,nse,2026-07-26T15:47:11.723163+00:00
MFML,2026-06-30,2026-07-17,64.8,0.8,0.08,35.2,nse,2026-07-26T15:47:12.525830+00:00
MFSL,2026-06-30,2026-07-10,1.25,48.06,44.34,98.75,nse,2026-07-26T15:47:13.713895+00:00
MGEL,2026-06-30,2026-07-18,72.38,0.09,,27.62,nse,2026-07-26T15:47:14.304154+00:00
MGL,2026-06-30,2026-07-20,32.5,23.21,22.53,67.5,nse,2026-07-26T15:47:15.088163+00:00
MHLXMIRU,2026-06-30,2026-07-15,64.8,0.09,0.08,35.2,nse,2026-07-26T15:47:15.802070+00:00
MHRIL,2026-06-30,2026-07-18,66.73,4.01,11.0,33.09,nse,2026-07-26T15:47:17.313977+00:00
MIDHANI,2026-06-30,2026-07-17,74.0,2.56,7.37,26.0,nse,2026-07-26T15:47:39.615229+00:00
MINDACORP,2026-06-30,2026-07-14,64.84,9.3,17.87,33.6,nse,2026-07-26T15:47:41.563886+00:00
MIRZAINT,2026-06-30,2026-07-13,72.99,0.14,0.01,27.01,nse,2026-07-26T15:47:42.286712+00:00
MITCON,2026-06-30,2026-07-15,0.0,20.08,1.72,100.0,nse,2026-07-26T15:47:43.025687+00:00
MITTAL,2026-06-30,2026-07-10,34.04,0.0,0.0,65.96,nse,2026-07-21T22:00:17.156027+00:00
MITTAL,2026-03-31,2026-04-16,34.05,0.0,0.0,65.95,nse,2026-07-21T22:00:17.156027+00:00
MITTAL,2025-12-31,2026-01-19,34.05,,,65.95,nse,2026-07-21T21:59:40.288977+00:00
MITTAL,2025-09-30,2025-10-06,34.05,,,65.95,nse,2026-07-21T21:59:40.288977+00:00
MMP,2026-06-30,2026-07-11,74.49,0.02,,25.51,nse,2026-07-26T15:47:43.712811+00:00
MMTC,2026-06-30,2026-07-06,89.93,0.16,1.78,10.07,nse,2026-07-26T15:47:44.253938+00:00
MOBIKWIK,2026-06-30,2026-07-18,25.08,4.48,3.52,74.92,nse,2026-07-26T15:47:44.990374+00:00
MOHITIND,2026-06-30,2026-07-08,54.94,,,45.06,nse,2026-07-26T15:47:45.569830+00:00
MOHITIND,2026-03-31,2026-04-08,54.94,,,45.06,nse,2026-07-21T22:00:44.863571+00:00
MOHITIND,2025-12-31,2026-01-09,54.94,,,45.06,nse,2026-07-21T22:00:44.863571+00:00
MOHITIND,2025-09-30,2025-10-13,54.94,0.0,0.0,45.06,nse,2026-07-21T22:00:44.863571+00:00
MOKSH,2026-06-30,2026-07-18,40.09,4.65,0.05,59.91,nse,2026-07-21T21:59:53.130659+00:00
MOKSH,2026-03-31,2026-04-16,40.09,4.53,0.08,59.91,nse,2026-07-21T21:59:53.130659+00:00
MOKSH,2025-12-31,2026-01-19,40.09,4.53,0.08,59.91,nse,2026-07-21T21:59:53.130659+00:00
MOKSH,2025-09-30,2025-10-16,40.09,4.53,,59.91,nse,2026-07-21T21:59:53.130659+00:00
MOL,2026-06-30,2026-07-14,48.95,0.91,0.0,51.05,nse,2026-07-26T15:47:46.317392+00:00
MOLDTECH,2026-06-30,2026-07-21,50.47,0.18,0.47,49.53,nse,2026-07-26T15:47:47.038382+00:00
MOLDTKPAC,2026-06-30,2026-07-21,33.21,8.3,21.81,66.79,nse,2026-07-26T15:47:47.756265+00:00
MONTECARLO,2026-06-30,2026-07-15,73.17,1.21,1.57,26.83,nse,2026-07-26T15:47:48.523317+00:00
MORARJEE,2025-03-31,2025-04-16,5971.0,0.0,401.0,3613.0,nse,2026-07-21T22:00:43.940560+00:00
MORARJEE,2024-12-31,2025-01-20,5971.0,0.0,401.0,3613.0,nse,2026-07-21T22:00:43.940560+00:00
MORARJEE,2024-09-30,2024-10-21,5971.0,0.0,401.0,3613.0,nse,2026-07-21T22:00:43.940560+00:00
MORARJEE,2024-06-30,2024-07-19,5971.0,0.0,401.0,3613.0,nse,2026-07-21T22:00:43.940560+00:00
MOREPENLAB,2026-06-30,2026-07-13,35.65,1.46,1.28,64.35,nse,2026-07-26T15:47:49.491258+00:00
MOSCHIP,2026-06-30,2026-07-16,39.31,0.77,0.0,60.59,nse,2026-07-26T15:47:50.481382+00:00
MOTHERSON,2026-06-30,2026-07-17,48.6,12.87,20.65,51.18,nse,2026-07-26T15:47:51.504382+00:00
MOTILALOFS,2026-06-30,2026-07-13,67.2,6.86,6.78,32.8,nse,2026-07-26T15:47:52.330873+00:00
MPHASIS,2026-06-30,2026-07-16,30.54,19.5,45.31,69.46,nse,2026-07-26T15:47:53.169817+00:00
MPSLTD,2026-06-30,2026-07-17,68.34,1.38,2.14,30.84,nse,2026-07-26T15:47:53.837438+00:00
MRF,2026-06-30,2026-07-21,27.77,17.42,12.1,72.23,nse,2026-07-26T15:47:55.209545+00:00
MRPL,2026-06-30,2026-07-07,88.58,2.17,0.39,11.42,nse,2026-07-26T15:47:55.922428+00:00
MSUMI,2026-06-30,2026-07-17,61.73,8.91,17.85,38.27,nse,2026-07-26T15:47:56.704064+00:00
MTARTECH,2026-06-30,2026-07-17,29.36,24.79,22.35,70.64,nse,2026-07-26T15:47:57.494251+00:00
MTEDUCARE,2026-06-30,2026-07-20,59.12,,,40.88,nse,2026-07-26T15:47:58.404447+00:00
MUFTI,2026-06-30,2026-07-16,54.99,0.51,3.04,45.01,nse,2026-07-26T15:47:59.138544+00:00
MUKANDLTD,2026-06-30,2026-07-18,74.7,0.25,1.03,25.3,nse,2026-07-26T15:50:23.684858+00:00
MUNJALAU,2026-06-30,2026-07-11,74.81,0.07,0.03,25.19,nse,2026-07-26T15:50:24.249056+00:00
MUNJALSHOW,2026-06-30,2026-07-06,65.02,0.11,0.01,34.98,nse,2026-07-26T15:50:24.960217+00:00
MUTHOOTFIN,2026-06-30,2026-07-18,73.35,11.61,10.76,26.65,nse,2026-07-26T15:50:26.021734+00:00
MUTHOOTMF,2026-06-30,2026-07-08,55.47,23.12,3.38,42.94,nse,2026-07-26T15:50:26.921829+00:00
MVGJL,2026-06-30,2026-07-14,74.27,0.64,1.02,25.73,nse,2026-07-26T15:50:27.676343+00:00
MWL,2026-06-30,2026-07-16,66.5,0.26,,33.5,nse,2026-07-26T15:50:28.719462+00:00
NACLIND,2026-06-30,2026-07-21,53.69,0.09,1.32,46.31,nse,2026-07-26T15:50:30.753990+00:00
NAGREEKCAP,2026-06-30,2026-07-14,53.53,0.0,0.03,46.47,nse,2026-07-26T15:50:31.526526+00:00
NAGREEKCAP,2026-03-31,2026-04-17,53.53,0.0,0.03,46.47,nse,2026-07-21T22:00:47.902828+00:00
NAGREEKCAP,2025-12-31,2026-01-20,53.53,0.0,0.03,46.47,nse,2026-07-21T22:00:47.902828+00:00
NAGREEKCAP,2025-09-30,2025-10-17,53.53,0.0,0.03,46.47,nse,2026-07-21T22:00:47.902828+00:00
NAGREEKEXP,2026-06-30,2026-07-16,57.32,,0.01,42.68,nse,2026-07-26T15:50:32.687408+00:00
NAGREEKEXP,2026-03-31,2026-04-20,57.32,,0.01,42.68,nse,2026-07-21T22:00:48.698063+00:00
NAGREEKEXP,2025-12-31,2026-01-20,57.32,,0.01,42.68,nse,2026-07-21T22:00:48.698063+00:00
NAGREEKEXP,2025-09-30,2025-10-17,57.32,,0.01,42.68,nse,2026-07-21T22:00:48.698063+00:00
NAHARCAP,2026-06-30,2026-07-09,72.53,0.31,0.37,27.47,nse,2026-07-26T15:50:33.620162+00:00
NAHARINDUS,2026-06-30,2026-07-16,71.24,0.01,0.25,28.76,nse,2026-07-26T15:50:34.730246+00:00
NAHARPOLY,2026-06-30,2026-07-10,72.51,0.03,0.01,27.49,nse,2026-07-26T15:50:35.948454+00:00
NAHARSPING,2026-06-30,2026-07-11,68.03,0.0,0.01,31.97,nse,2026-07-26T15:50:36.659466+00:00
NATCAPSUQ,2026-06-30,2026-07-16,50.92,,,49.08,nse,2026-07-26T15:50:37.507912+00:00
NATCOPHARM,2026-06-30,2026-07-09,49.42,16.99,5.62,50.58,nse,2026-07-26T15:50:38.236426+00:00
NATHBIOGEN,2026-06-30,2026-07-21,45.6,0.27,0.01,54.4,nse,2026-07-26T15:50:39.470117+00:00
NATIONALUM,2026-06-30,2026-07-09,51.28,21.99,11.22,48.72,nse,2026-07-26T15:50:39.862058+00:00
NAUKRI,2026-06-30,2026-07-21,37.47,23.72,27.82,62.44,nse,2026-07-26T15:50:40.342561+00:00
NAVA,2026-06-30,2026-07-15,50.03,10.21,0.56,49.97,nse,2026-07-26T15:50:41.555758+00:00
NAVINFLUOR,2026-06-30,2026-07-20,27.08,23.73,28.46,72.92,nse,2026-07-26T15:50:42.136243+00:00
NAVKARCORP,2026-06-30,2026-07-21,70.37,0.67,0.02,29.63,nse,2026-07-26T15:50:43.026601+00:00
NAVNETEDUL,2026-06-30,2026-07-18,63.29,3.2,13.57,36.71,nse,2026-07-26T15:50:43.740577+00:00
NAZARA,2026-06-30,2026-07-21,34.25,13.23,2.4,65.75,nse,2026-07-26T15:50:45.261185+00:00
NBCC,2026-06-30,2026-07-15,61.75,4.77,11.27,38.25,nse,2026-07-26T15:50:46.307016+00:00
NBIFIN,2026-06-30,2026-07-13,74.17,0.17,2.46,25.83,nse,2026-07-26T15:50:46.975520+00:00
NCC,2026-06-30,2026-07-13,23.08,11.29,17.89,76.92,nse,2026-07-26T15:50:48.051489+00:00
NCLIND,2026-06-30,2026-07-10,41.67,3.45,0.03,58.33,nse,2026-07-26T15:50:48.939611+00:00
NDGL,2026-06-30,2026-07-17,73.58,,0.43,26.42,nse,2026-07-26T15:50:49.722214+00:00
NDL,2026-06-30,2026-07-16,51.01,0.63,1.31,48.99,nse,2026-07-26T15:50:50.654820+00:00
NDLVENTURE,2026-06-30,2026-07-21,66.2,5.38,0.04,33.8,nse,2026-07-26T15:50:51.647217+00:00
NDRAUTO,2026-06-30,2026-07-22,73.13,0.08,0.01,26.87,nse,2026-07-26T15:50:52.481291+00:00
NDTV,2026-06-30,2026-07-10,69.02,0.0,0.0,30.98,nse,2026-07-26T15:50:53.081552+00:00
NECLIFE,2026-06-30,2026-07-13,51.84,0.5,3.74,48.16,nse,2026-07-26T15:50:53.982240+00:00
NELCAST,2026-06-30,2026-07-11,74.87,0.39,0.12,25.13,nse,2026-07-26T15:50:54.594733+00:00
NELCO,2026-06-30,2026-07-15,50.09,5.62,0.06,49.91,nse,2026-07-26T15:50:55.664050+00:00
NEOGEN,2026-06-30,2026-07-21,53.01,4.11,19.6,46.99,nse,2026-07-26T15:50:56.231839+00:00
NESCO,2026-06-30,2026-07-16,68.54,4.32,4.12,31.46,nse,2026-07-26T15:50:57.580079+00:00
NESTLEIND,2026-06-30,2026-07-21,62.76,10.29,11.9,37.24,nse,2026-07-26T15:50:58.271337+00:00
NETWEB,2026-06-30,2026-07-17,66.98,9.27,5.91,33.02,nse,2026-07-26T15:51:27.927927+00:00
NETWORK18,2026-06-30,2026-07-20,56.89,4.33,0.12,43.11,nse,2026-07-26T15:51:29.334167+00:00
NEULANDLAB,2026-06-30,2026-07-20,32.62,21.08,16.51,67.38,nse,2026-07-26T15:51:30.089687+00:00
NEXTMEDIA,2026-06-30,2026-07-20,74.99,2.45,0.0,25.01,nse,2026-07-26T15:51:30.883805+00:00
NEXTMEDIA,2026-03-31,2026-04-14,74.99,2.45,0.0,25.01,nse,2026-07-21T22:01:07.265983+00:00
NEXTMEDIA,2025-12-31,2026-01-16,74.99,2.45,,25.01,nse,2026-07-21T22:01:07.265983+00:00
NEXTMEDIA,2025-09-30,2025-10-17,74.99,2.45,,25.01,nse,2026-07-21T22:01:07.265983+00:00
NGIL,2026-06-30,2026-07-20,57.29,0.0,0.0,42.71,nse,2026-07-21T22:01:07.683185+00:00
NGIL,2026-03-31,2026-04-17,57.29,0.0,0.0,42.71,nse,2026-07-21T22:01:07.683185+00:00
NGIL,2025-12-31,2026-01-19,56.4,0.0,0.0,43.6,nse,2026-07-21T22:01:07.683185+00:00
NGIL,2025-09-30,2025-10-11,56.4,0.05,,43.6,nse,2026-07-21T22:01:07.683185+00:00
NGLFINE,2026-06-30,2026-07-21,72.49,0.05,0.02,27.51,nse,2026-07-26T15:51:31.770185+00:00
NH,2026-06-30,2026-07-14,63.27,9.4,9.06,36.11,nse,2026-07-26T15:51:32.411947+00:00
NHPC,2026-06-30,2026-07-16,61.39,12.29,14.55,38.61,nse,2026-07-26T15:51:33.012220+00:00
NIACL,2026-06-30,2026-07-08,85.44,1.02,11.18,14.56,nse,2026-07-26T15:51:33.629108+00:00
NIBL,2026-06-30,2026-07-16,74.79,,0.01,25.21,nse,2026-07-21T22:01:08.302276+00:00
NIBL,2026-03-31,2026-04-14,74.79,,0.01,25.21,nse,2026-07-21T22:01:08.302276+00:00
NIBL,2025-12-31,2026-01-14,74.49,,0.01,25.51,nse,2026-07-21T22:01:08.302276+00:00
NIBL,2025-09-30,2025-10-14,72.72,,0.01,27.28,nse,2026-07-21T22:01:08.302276+00:00
NIITLTD,2026-06-30,2026-07-10,40.87,8.06,11.15,59.13,nse,2026-07-26T15:51:34.351516+00:00
NIITMTS,2026-06-30,2026-07-14,34.25,14.44,25.38,65.75,nse,2026-07-26T15:51:34.975732+00:00
NILAINFRA,2026-06-30,2026-07-18,61.9,0.28,0.03,38.1,nse,2026-07-26T15:51:35.671922+00:00
NILASPACES,2026-06-30,2026-07-18,61.9,0.0,0.0,38.1,nse,2026-07-26T15:51:36.233178+00:00
NILKAMAL,2026-06-30,2026-07-20,64.54,0.97,12.91,35.46,nse,2026-07-26T15:51:36.924996+00:00
NIPPOBATRY,2026-06-30,2026-07-09,65.35,0.0,,34.65,nse,2026-07-26T15:51:37.468960+00:00
NITCO,2026-06-30,2026-07-20,20.17,2.27,0.62,79.83,nse,2026-07-26T15:51:38.174801+00:00
NITINSPIN,2026-06-30,2026-07-09,56.71,1.92,14.68,43.29,nse,2026-07-26T15:51:38.973302+00:00
NIVABUPA,2026-06-30,2026-07-20,55.3,12.09,16.17,44.7,nse,2026-07-26T15:51:40.432778+00:00
NKIND,2026-06-30,2026-07-20,73.27,,0.02,26.73,nse,2026-07-21T22:01:06.032140+00:00
NKIND,2026-03-31,2026-04-17,73.27,,0.02,26.73,nse,2026-07-21T22:01:06.032140+00:00
NKIND,2025-12-31,2026-01-12,73.27,,0.02,26.73,nse,2026-07-21T22:01:06.032140+00:00
NKIND,2025-09-30,2025-10-13,73.27,,0.02,26.73,nse,2026-07-21T22:01:06.032140+00:00
NMDC,2026-06-30,2026-07-18,60.79,13.59,13.81,39.21,nse,2026-07-26T15:51:40.932355+00:00
NOCIL,2026-06-30,2026-07-20,33.76,4.78,7.47,66.24,nse,2026-07-26T15:51:41.541569+00:00
NOIDATOLL,2026-06-30,2026-07-07,26.37,,0.6,73.63,nse,2026-07-26T15:51:42.114404+00:00
NOIDATOLL,2026-03-31,2026-04-24,26.37,,0.6,73.63,nse,2026-07-21T22:01:06.553643+00:00
NOIDATOLL,2025-12-31,2026-01-06,26.37,,0.6,73.63,nse,2026-07-21T22:01:06.553643+00:00
NOIDATOLL,2025-09-30,2025-10-10,26.37,,0.63,73.63,nse,2026-07-21T22:01:06.553643+00:00
NORTHARC,2026-06-30,2026-07-20,0.0,8.64,5.63,100.0,nse,2026-07-26T15:51:42.758876+00:00
NOVAAGRI,2026-06-30,2026-07-21,59.41,0.0,1.08,37.88,nse,2026-07-26T15:51:43.379788+00:00
NPST,2026-06-30,2026-07-14,60.48,0.08,10.02,39.52,nse,2026-07-26T15:51:43.973270+00:00
NRAIL,2026-06-30,2026-07-20,74.29,0.34,0.01,25.71,nse,2026-07-26T15:51:44.479027+00:00
NRBBEARING,2026-06-30,2026-07-15,44.73,18.93,13.85,55.27,nse,2026-07-26T15:51:45.043035+00:00
NRL,2026-06-30,2026-07-18,73.6,0.41,,26.4,nse,2026-07-26T15:53:52.007934+00:00
NSIL,2026-06-30,2026-07-15,55.62,6.2,0.16,44.38,nse,2026-07-26T15:53:53.299400+00:00
NSLNISP,2026-06-30,2026-07-20,60.79,5.49,15.78,39.21,nse,2026-07-26T15:53:54.003811+00:00
NTPC,2026-06-30,2026-07-14,51.1,16.3,29.44,48.9,nse,2026-07-26T15:53:55.165864+00:00
NTPCGREEN,2026-06-30,2026-07-16,89.01,1.67,5.21,10.99,nse,2026-07-26T15:53:55.829403+00:00
NUCLEUS,2026-06-30,2026-07-20,73.6,3.32,1.48,26.4,nse,2026-07-26T15:53:56.527226+00:00
NURECA,2026-06-30,2026-07-20,68.09,0.11,0.24,31.91,nse,2026-07-26T15:53:57.107612+00:00
NUVAMA,2026-06-30,2026-07-17,53.98,19.0,8.49,46.02,nse,2026-07-26T15:53:57.714739+00:00
NUVOCO,2026-06-30,2026-07-16,72.02,4.71,17.99,27.98,nse,2026-07-26T15:53:58.467193+00:00
NYKAA,2026-06-30,2026-07-20,52.08,13.73,24.08,47.92,nse,2026-07-26T15:53:58.958733+00:00
OBEROIRLTY,2026-06-30,2026-07-13,67.7,15.11,14.83,32.3,nse,2026-07-26T15:53:59.482124+00:00
OCCLLTD,2026-06-30,2026-07-16,51.76,0.27,4.75,48.24,nse,2026-07-26T15:54:00.243657+00:00
ODIGMA,2026-06-30,2026-07-15,27.45,1.27,0.0,72.55,nse,2026-07-26T15:54:00.907737+00:00
ODIGMA,2026-03-31,2026-04-13,27.45,1.27,0.0,72.55,nse,2026-07-21T22:01:12.357092+00:00
ODIGMA,2025-12-31,2026-01-20,27.45,1.27,0.0,72.55,nse,2026-07-21T22:01:12.357092+00:00
ODIGMA,2025-09-30,2025-10-15,27.43,1.31,0.0,72.57,nse,2026-07-21T22:01:12.357092+00:00
OFSS,2026-06-30,2026-07-10,72.41,9.7,8.79,27.59,nse,2026-07-26T15:54:01.426331+00:00
OIL,2026-06-30,2026-07-20,56.66,7.28,20.14,43.34,nse,2026-07-26T15:54:01.912113+00:00
OLAELEC,2026-06-30,2026-07-21,32.97,4.11,12.16,62.52,nse,2026-07-26T15:54:02.671993+00:00
OLECTRA,2026-06-30,2026-07-17,50.02,7.95,0.57,49.98,nse,2026-07-26T15:54:03.395842+00:00
OMAXE,2026-06-30,2026-07-16,74.14,5.33,1.4,25.86,nse,2026-07-26T15:54:04.060921+00:00
ONESOURCE,2026-06-30,2026-07-21,30.48,19.19,23.38,69.52,nse,2026-07-26T15:54:04.733772+00:00
ONGC,2026-06-30,2026-07-20,58.89,8.01,19.31,41.11,nse,2026-07-26T15:54:05.524370+00:00
ONWARDTEC,2026-06-30,2026-07-21,39.97,9.32,1.79,58.64,nse,2026-07-26T15:54:06.120876+00:00
OPTIEMUS,2026-06-30,2026-07-23,72.17,3.25,0.98,27.83,nse,2026-07-26T15:54:06.678878+00:00
ORBTEXP,2026-06-30,2026-07-21,66.05,,,33.95,nse,2026-07-26T15:57:43.400828+00:00
ORCHASP,2026-03-31,2026-04-11,18.48,,0.0,81.52,nse,2026-07-21T22:01:09.551402+00:00
ORCHASP,2025-12-31,2026-01-09,11.62,,0.0,88.38,nse,2026-07-21T22:01:09.551402+00:00
ORCHASP,2025-12-18,2025-12-26,18.48,,0.0,81.52,nse,2026-07-21T22:01:09.551402+00:00
ORCHASP,2025-09-30,2025-10-10,11.62,,0.0,88.38,nse,2026-07-21T22:01:09.551402+00:00
ORCHPHARMA,2026-06-30,2026-07-21,69.84,0.81,20.75,30.16,nse,2026-07-26T15:57:44.204900+00:00
ORICONENT,2026-06-30,2026-07-15,65.7,0.0,0.3,34.3,nse,2026-07-26T15:57:45.155280+00:00
ORIENTALTL,2026-06-30,2026-07-20,25.85,,,74.15,nse,2026-07-21T22:01:10.885479+00:00
ORIENTALTL,2026-03-31,2026-04-14,27.21,,,72.79,nse,2026-07-21T22:01:10.885479+00:00
ORIENTALTL,2025-12-31,2026-01-21,27.21,,,72.79,nse,2026-07-21T22:01:10.885479+00:00
ORIENTALTL,2025-09-30,2025-10-21,27.21,,,72.79,nse,2026-07-21T22:01:10.885479+00:00
ORIENTCEM,2026-06-30,2026-07-10,72.66,4.12,2.17,27.34,nse,2026-07-26T15:57:45.838523+00:00
ORIENTCER,2026-06-30,2026-07-21,63.9,13.32,0.0,36.1,nse,2026-07-26T15:57:46.471025+00:00
ORIENTELEC,2026-06-30,2026-07-21,38.31,3.28,32.49,61.69,nse,2026-07-26T15:57:47.402643+00:00
ORIENTHOT,2026-06-30,2026-07-21,68.52,0.37,1.15,31.48,nse,2026-07-26T15:57:48.814708+00:00
ORIENTLTD,2026-06-30,2026-07-16,73.68,,0.01,26.32,nse,2026-07-21T22:01:10.884064+00:00
ORIENTLTD,2026-03-31,2026-04-11,73.49,,0.01,26.51,nse,2026-07-21T22:01:10.884064+00:00
ORIENTLTD,2025-12-31,2026-01-09,73.0,,0.01,27.0,nse,2026-07-21T22:01:10.884064+00:00
ORIENTLTD,2025-09-30,2025-10-20,73.0,,0.01,27.0,nse,2026-07-21T22:01:10.884064+00:00
ORIENTPPR,2026-06-30,2026-07-20,38.74,0.18,0.28,61.26,nse,2026-07-26T15:57:49.507457+00:00
ORISSAMINE,2026-06-30,2026-07-21,50.01,0.51,10.93,49.99,nse,2026-07-26T15:57:50.234727+00:00
ORTINGLOBE,2026-06-30,2026-07-21,1.23,1.8,,98.77,nse,2026-07-26T15:57:50.886101+00:00
OSIAHYPER,2026-03-31,2026-04-14,33.86,0.47,,66.14,nse,2026-07-26T15:57:51.492174+00:00
OSIAHYPER,2025-12-31,2026-01-21,46.62,0.13,,53.38,nse,2026-07-21T22:01:11.397701+00:00
OSIAHYPER,2025-09-30,2025-10-29,47.53,0.1,,52.47,nse,2026-07-21T22:01:11.397701+00:00
OSIAHYPER,2025-06-30,2025-07-21,4753.0,52.0,,5247.0,nse,2026-07-21T22:01:11.397701+00:00
OSWALAGRO,2026-06-30,2026-07-10,51.88,0.0,0.11,48.12,nse,2026-07-26T15:57:52.052694+00:00
OSWALGREEN,2026-06-30,2026-07-10,70.65,0.01,0.02,29.35,nse,2026-07-26T15:57:52.691733+00:00
OSWALPUMPS,2026-06-30,2026-07-21,75.65,0.09,5.47,24.35,nse,2026-07-26T15:57:53.361990+00:00
OSWALSEEDS,2026-06-30,2026-07-15,66.63,,,33.37,nse,2026-07-21T22:01:05.207485+00:00
OSWALSEEDS,2026-03-31,2026-04-14,66.63,,,33.37,nse,2026-07-21T22:01:05.207485+00:00
OSWALSEEDS,2025-12-31,2026-01-10,66.63,,,33.37,nse,2026-07-21T22:01:05.207485+00:00
OSWALSEEDS,2025-09-30,2025-10-10,66.63,,,33.37,nse,2026-07-21T22:01:05.207485+00:00
PAGEIND,2026-06-30,2026-07-17,42.89,18.91,33.64,57.11,nse,2026-07-26T15:57:54.131159+00:00
PAISALO,2026-06-30,2026-07-02,46.72,6.79,6.83,53.28,nse,2026-07-26T15:57:54.823632+00:00
PAKKA,2026-06-30,2026-07-17,39.27,0.05,12.03,60.73,nse,2026-07-26T15:57:55.391417+00:00
PALASHSECU,2026-06-30,2026-07-17,72.18,,0.71,27.82,nse,2026-07-26T15:57:56.104921+00:00
PALASHSECU,2026-03-31,2026-04-21,72.18,,0.71,27.82,nse,2026-07-21T22:01:00.044913+00:00
PALASHSECU,2025-12-31,2026-01-20,72.18,,0.71,27.82,nse,2026-07-21T22:01:00.044913+00:00
PALASHSECU,2025-09-30,2025-10-17,72.18,,0.71,27.82,nse,2026-07-21T22:01:00.044913+00:00
PALREDTEC,2026-06-30,2026-07-15,30.13,,0.0,69.87,nse,2026-07-26T15:57:56.622659+00:00
PALREDTEC,2026-03-31,2026-04-11,30.13,,0.0,69.87,nse,2026-07-21T22:01:00.398730+00:00
PALREDTEC,2025-12-31,2026-01-19,30.06,0.44,0.0,69.94,nse,2026-07-21T22:01:00.398730+00:00
PALREDTEC,2025-09-30,2025-10-15,30.13,1.47,0.0,69.87,nse,2026-07-21T22:01:00.398730+00:00
PANACEABIO,2026-06-30,2026-07-21,72.48,2.31,2.25,27.52,nse,2026-07-26T15:57:57.346788+00:00
PARADEEP,2026-06-30,2026-07-15,57.86,5.1,18.08,42.14,nse,2026-07-26T15:57:58.061904+00:00
PARAGMILK,2026-06-30,2026-07-15,40.49,7.46,5.8,59.03,nse,2026-07-26T15:57:58.733374+00:00
PARASPETRO,2026-06-30,2026-07-21,40.19,,,59.81,nse,2026-07-21T21:59:49.214224+00:00
PARASPETRO,2026-03-31,2026-04-21,40.19,,,59.81,nse,2026-07-21T21:59:49.214224+00:00
PARASPETRO,2025-12-31,2026-01-21,40.19,,,59.81,nse,2026-07-21T21:59:49.214224+00:00
PARASPETRO,2025-09-30,2025-10-20,40.19,,,59.81,nse,2026-07-21T21:59:49.214224+00:00
PARKHOTELS,2026-06-30,2026-07-20,68.22,4.07,8.8,31.78,nse,2026-07-26T15:57:59.871847+00:00
PARSVNATH,2026-06-30,2026-07-21,46.68,1.22,0.02,53.32,nse,2026-07-21T22:01:01.693806+00:00
PARSVNATH,2026-03-31,2026-04-13,49.86,1.23,0.31,50.14,nse,2026-07-21T22:01:01.693806+00:00
PARSVNATH,2025-12-31,2026-01-10,50.09,1.47,0.71,49.91,nse,2026-07-21T22:01:01.693806+00:00
PARSVNATH,2025-09-30,2025-10-08,50.09,1.42,0.47,49.91,nse,2026-07-21T22:01:01.693806+00:00
PASHUPATI,2026-06-30,2026-07-21,65.99,12.93,0.19,34.01,nse,2026-07-26T15:58:00.717571+00:00
PATANJALI,2026-06-30,2026-07-10,68.25,8.53,11.05,31.75,nse,2026-07-26T15:59:03.840425+00:00
PATELENG,2026-06-30,2026-07-17,31.48,3.28,4.77,64.78,nse,2026-07-26T15:59:04.495435+00:00
PAYTM,2026-06-30,2026-07-15,0.0,48.08,24.87,100.0,nse,2026-07-26T15:59:04.953185+00:00
PCBL,2026-06-30,2026-07-21,53.38,5.79,11.27,46.62,nse,2026-07-26T15:59:05.622034+00:00
PCJEWELLER,2026-06-30,2026-07-10,38.49,12.15,4.32,61.51,nse,2026-07-26T15:59:06.285385+00:00
PDMJEPAPER,2026-06-30,2026-07-15,71.55,0.91,0.02,28.45,nse,2026-07-26T15:59:06.853996+00:00
PDSL,2026-06-30,2026-07-18,61.37,3.78,5.19,38.47,nse,2026-07-26T15:59:07.414114+00:00
PEARLPOLY,2026-06-30,2026-07-16,55.58,0.05,0.03,44.42,nse,2026-07-21T22:00:58.594829+00:00
PEARLPOLY,2026-03-31,2026-04-15,55.58,0.05,0.03,44.42,nse,2026-07-21T22:00:58.594829+00:00
PEARLPOLY,2025-12-31,2026-01-08,55.58,0.05,0.03,44.42,nse,2026-07-21T22:00:58.594829+00:00
PEARLPOLY,2025-09-30,2025-10-17,55.58,0.05,0.03,44.42,nse,2026-07-21T22:00:58.594829+00:00
PEL,2025-06-30,2025-07-21,4616.0,1523.0,1519.0,5320.0,nse,2026-07-26T15:59:08.582420+00:00
PENIND,2026-06-30,2026-07-14,39.67,3.99,5.9,60.33,nse,2026-07-26T15:59:09.330664+00:00
PENINLAND,2026-06-30,2026-07-17,67.71,0.03,0.34,32.29,nse,2026-07-26T15:59:10.054700+00:00
PERSISTENT,2026-06-30,2026-07-17,30.29,20.79,30.24,69.04,nse,2026-07-26T15:59:10.776777+00:00
PETRONET,2026-06-30,2026-07-21,50.0,26.27,13.68,50.0,nse,2026-07-26T15:59:11.337458+00:00
PFC,2026-06-30,2026-07-22,55.99,20.54,14.51,44.01,nse,2026-07-26T15:59:11.993882+00:00
PFIZER,2026-06-30,2026-07-16,63.92,1.65,17.8,36.08,nse,2026-07-26T15:59:12.670210+00:00
PFOCUS,2026-06-30,2026-07-17,60.73,3.41,1.07,39.27,nse,2026-07-26T15:59:13.255505+00:00
PFS,2026-06-30,2026-07-08,64.99,2.03,5.05,35.01,nse,2026-07-26T15:59:13.833997+00:00
PGEL,2026-06-30,2026-07-09,43.37,9.95,23.89,56.54,nse,2026-07-26T15:59:14.532239+00:00
PGHH,2026-06-30,2026-07-17,70.64,0.98,15.59,29.36,nse,2026-07-26T15:59:17.793335+00:00
PGHL,2026-06-30,2026-07-03,51.82,6.33,12.44,48.18,nse,2026-07-26T15:59:21.724773+00:00
PGIL,2026-06-30,2026-07-14,61.11,6.82,19.17,38.89,nse,2026-07-26T15:59:22.331863+00:00
PHOENIXLTD,2026-06-30,2026-07-13,47.25,31.73,17.39,52.75,nse,2026-07-26T15:59:23.412739+00:00
PIDILITIND,2026-06-30,2026-07-20,69.24,11.69,9.88,30.76,nse,2026-07-26T15:59:24.835496+00:00
PIIND,2026-06-30,2026-07-21,46.09,14.83,31.64,53.91,nse,2026-07-26T15:59:25.525847+00:00
PILANIINVS,2026-06-30,2026-07-14,58.68,0.42,1.41,41.32,nse,2026-07-26T15:59:26.313269+00:00
PILITA,2026-06-30,2026-07-11,50.09,,0.83,49.91,nse,2026-07-26T16:01:02.296645+00:00
PIONEEREMB,2026-06-30,2026-07-20,32.71,0.27,6.49,67.29,nse,2026-07-21T22:01:03.541617+00:00
PIONEEREMB,2026-03-31,2026-04-14,32.71,0.27,6.49,67.29,nse,2026-07-21T22:01:03.541617+00:00
PIONEEREMB,2025-12-31,2026-01-21,32.71,,6.49,67.29,nse,2026-07-21T22:01:03.541617+00:00
PIONEEREMB,2025-09-30,2025-10-17,32.71,,6.49,67.29,nse,2026-07-21T22:01:03.541617+00:00
PITTIENG,2026-06-30,2026-07-17,54.18,1.55,20.1,43.86,nse,2026-07-26T16:01:02.855834+00:00
PLATIND,2026-06-30,2026-07-17,70.03,0.35,3.68,29.97,nse,2026-07-26T16:01:03.479003+00:00
PLAZACABLE,2026-06-30,2026-07-15,69.83,,,30.17,nse,2026-07-26T16:01:03.971139+00:00
PNB,2026-06-30,2026-07-18,70.08,5.93,16.07,29.92,nse,2026-07-26T16:01:04.812141+00:00
PNBGILTS,2026-06-30,2026-07-14,74.07,0.07,0.0,25.93,nse,2026-07-26T16:01:05.442500+00:00
PNBHOUSING,2026-06-30,2026-07-20,28.03,16.81,45.71,71.97,nse,2026-07-26T16:01:06.159009+00:00
PNC,2026-06-30,2026-07-16,59.72,,,40.28,nse,2026-07-26T16:01:06.739176+00:00
PNC,2026-03-31,2026-04-13,59.72,,,40.28,nse,2026-07-21T22:01:04.672362+00:00
PNC,2025-12-31,2026-01-12,59.72,,,40.28,nse,2026-07-21T22:01:04.672362+00:00
PNC,2025-09-30,2025-10-13,59.72,,0.48,40.28,nse,2026-07-21T22:01:04.672362+00:00
PNCINFRA,2026-06-30,2026-07-16,56.07,7.28,23.83,43.93,nse,2026-07-26T16:01:07.691247+00:00
PNGJL,2026-06-30,2026-07-08,83.11,0.49,4.76,16.89,nse,2026-07-26T16:01:08.445327+00:00
PODDARMENT,2026-06-30,2026-07-16,62.43,,0.23,37.57,nse,2026-07-26T16:01:09.041508+00:00
POKARNA,2026-06-30,2026-07-17,56.66,6.91,15.64,43.34,nse,2026-07-26T16:01:09.596743+00:00
POLICYBZR,2026-06-30,2026-07-20,0.0,37.3,40.42,99.86,nse,2026-07-26T16:01:10.271226+00:00
POLYCAB,2026-06-30,2026-07-20,61.46,19.0,7.62,38.54,nse,2026-07-26T16:01:11.044833+00:00
POLYMED,2026-06-30,2026-07-21,62.42,5.57,16.08,37.58,nse,2026-07-26T16:01:11.821995+00:00
POLYPLEX,2026-06-30,2026-07-20,26.73,10.22,2.85,73.27,nse,2026-07-26T16:01:12.802009+00:00
PONNIERODE,2026-06-30,2026-07-15,47.34,9.46,0.05,52.66,nse,2026-07-26T16:01:13.320584+00:00
POONAWALLA,2026-06-30,2026-07-10,59.02,10.96,16.74,40.45,nse,2026-07-26T16:01:14.070449+00:00
POWERINDIA,2026-06-30,2026-07-15,71.31,12.44,6.33,28.69,nse,2026-07-26T16:01:14.540852+00:00
POWERMECH,2026-06-30,2026-07-17,58.42,6.54,20.6,41.58,nse,2026-07-26T16:01:15.157538+00:00
PPAP,2026-06-30,2026-07-21,64.3,5.84,,35.7,nse,2026-07-26T12:59:52.158675+00:00
PPL,2026-06-30,2026-07-17,44.5,0.86,0.03,55.5,nse,2026-07-26T16:01:16.025491+00:00
PPLPHARMA,2026-06-30,2026-07-20,34.8,12.52,14.57,64.72,nse,2026-07-26T16:01:16.964406+00:00
PRABHA,2026-06-30,2026-07-20,74.94,1.82,0.07,25.06,nse,2026-07-26T16:01:17.676566+00:00
PRAJIND,2026-06-30,2026-07-15,32.81,17.75,14.1,67.19,nse,2026-07-26T16:01:18.303197+00:00
PRAKASH,2026-06-30,2026-07-08,44.38,3.71,0.03,55.62,nse,2026-07-26T16:01:19.058633+00:00
PRAKASHSTL,2026-06-30,2026-07-16,33.56,,,66.44,nse,2026-07-26T16:01:19.706294+00:00
PRAKASHSTL,2026-03-31,2026-04-14,33.56,,,66.44,nse,2026-07-21T22:01:02.672691+00:00
PRAKASHSTL,2025-12-31,2026-01-19,33.56,,,66.44,nse,2026-07-21T22:01:02.672691+00:00
PRAKASHSTL,2025-09-30,2025-10-20,33.56,,,66.44,nse,2026-07-21T22:01:02.672691+00:00
PRAXIS,2026-06-30,2026-07-18,7.23,1.37,0.26,92.77,nse,2026-07-26T16:01:20.387370+00:00
PRECAM,2026-06-30,2026-07-21,65.37,0.26,,34.63,nse,2026-07-26T16:01:21.005837+00:00
PRECOT,2026-06-30,2026-07-11,61.51,,0.0,38.5,nse,2026-07-26T16:01:21.835502+00:00
PREMEXPLN,2026-06-30,2026-07-17,41.33,1.67,9.37,58.67,nse,2026-07-26T16:01:22.508228+00:00
PREMIER,2026-06-30,2026-07-21,27.37,0.0,5.74,72.63,nse,2026-07-26T16:01:23.231667+00:00
PREMIERENE,2026-06-30,2026-07-18,58.49,7.92,17.97,40.96,nse,2026-07-26T16:01:24.346411+00:00
PRICOLLTD,2026-06-30,2026-07-03,38.51,13.95,11.79,61.49,nse,2026-07-26T16:01:25.231033+00:00
PRIMESECU,2026-06-30,2026-07-21,0.0,4.97,5.08,100.0,nse,2026-07-26T16:01:26.307952+00:00
PRIMO,2026-06-30,2026-07-20,32.4,0.32,1.92,67.6,nse,2026-07-26T16:01:27.557880+00:00
PRINCEPIPE,2026-06-30,2026-07-15,60.95,3.05,15.33,39.05,nse,2026-07-26T16:01:28.754248+00:00
PRITI,2026-06-30,2026-07-17,64.6,0.0,0.0,35.4,nse,2026-07-21T22:02:12.493640+00:00
PRITI,2026-03-31,2026-04-20,64.6,0.0,0.0,35.4,nse,2026-07-21T22:02:12.493640+00:00
PRITI,2025-12-31,2026-01-19,64.6,0.0,0.0,35.4,nse,2026-07-21T22:02:12.493640+00:00
PRITI,2025-09-30,2025-10-17,64.6,,,35.4,nse,2026-07-21T22:02:12.493640+00:00
PRITIKAUTO,2026-06-30,2026-07-08,57.6,0.0,0.0,42.4,nse,2026-07-26T16:01:29.311706+00:00
PRIVISCL,2026-06-30,2026-07-15,60.6,1.94,10.08,39.4,nse,2026-07-26T16:01:29.898586+00:00
PROTEAN,2026-06-30,2026-07-21,0.0,6.01,21.15,100.0,nse,2026-07-26T16:01:30.739402+00:00
PROZONER,2026-06-30,2026-07-15,53.63,3.01,0.0,46.37,nse,2026-07-26T16:01:31.268402+00:00
PRSMJOHNSN,2026-06-30,2026-07-17,74.87,2.74,6.45,25.13,nse,2026-07-26T16:01:31.872550+00:00
PRUDENT,2026-06-30,2026-07-14,55.31,14.29,23.95,44.69,nse,2026-07-26T16:01:32.488158+00:00
PRUDMOULI,2026-06-30,2026-07-20,56.24,,1.06,43.76,nse,2026-07-21T22:02:11.698589+00:00
PRUDMOULI,2026-03-31,2026-04-21,56.55,,1.06,43.45,nse,2026-07-21T22:02:11.698589+00:00
PRUDMOULI,2025-12-31,2026-01-21,56.55,,1.06,43.45,nse,2026-07-21T22:02:11.698589+00:00
PRUDMOULI,2025-09-30,2025-10-17,56.55,,1.06,43.45,nse,2026-07-21T22:02:11.698589+00:00
PSB,2026-06-30,2026-07-17,93.85,0.14,3.81,6.15,nse,2026-07-26T16:01:33.544685+00:00
PSPPROJECT,2026-06-30,2026-07-13,68.82,2.1,2.91,31.18,nse,2026-07-26T16:01:34.286101+00:00
PTC,2026-06-30,2026-07-15,16.22,28.88,8.95,83.78,nse,2026-07-26T16:01:34.945921+00:00
PTL,2026-06-30,2026-07-17,69.82,,0.91,30.18,nse,2026-07-26T16:01:36.024057+00:00
PUNJABCHEM,2026-06-30,2026-07-13,39.24,5.86,0.63,60.76,nse,2026-07-26T16:01:36.673673+00:00
PURVA,2026-06-30,2026-07-15,75.0,16.62,0.58,25.0,nse,2026-07-26T16:01:37.122699+00:00
PVRINOX,2026-06-30,2026-07-21,27.53,18.08,35.72,72.47,nse,2026-07-26T16:01:37.658221+00:00
PVSL,2026-06-30,2026-07-15,61.38,10.28,9.85,38.62,nse,2026-07-26T16:01:38.361867+00:00
QPOWER,2026-06-30,2026-07-11,73.91,3.36,6.45,26.09,nse,2026-07-26T16:01:39.364704+00:00
QUESS,2026-06-30,2026-07-16,56.82,8.58,11.87,42.19,nse,2026-07-26T16:01:40.279705+00:00
QUICKHEAL,2026-06-30,2026-07-17,71.48,0.46,0.0,28.52,nse,2026-07-26T16:01:40.756107+00:00
RADHIKAJWE,2026-06-30,2026-07-22,57.68,0.03,0.01,42.32,nse,2026-07-26T16:01:41.572270+00:00
RADIOCITY,2026-06-30,2026-07-18,74.05,0.0,3.75,25.95,nse,2026-07-26T16:01:42.564435+00:00
RAIN,2026-06-30,2026-07-07,41.35,8.02,2.67,58.65,nse,2026-07-26T16:01:43.452474+00:00
RAINBOW,2026-06-30,2026-07-14,49.84,16.03,22.56,49.98,nse,2026-07-26T16:01:44.037360+00:00
RAJMET,2026-06-30,2026-07-17,31.61,,,68.39,nse,2026-07-21T22:02:14.883126+00:00
RAJMET,2026-03-31,2026-04-08,31.61,,,68.39,nse,2026-07-21T22:02:14.883126+00:00
RAJMET,2025-12-31,2026-01-12,31.61,,,68.39,nse,2026-07-21T22:02:14.883126+00:00
RAJMET,2025-09-30,2025-10-07,31.61,,,68.39,nse,2026-07-21T22:02:14.883126+00:00
RAJOOENG,2026-06-30,2026-07-11,60.7,1.22,0.53,39.3,nse,2026-07-26T16:01:44.739360+00:00
RAJRATAN,2026-06-30,2026-07-21,65.2,0.83,8.34,34.8,nse,2026-07-26T16:01:45.480649+00:00
RAJSREESUG,2026-06-30,2026-07-14,40.72,,2.88,59.28,nse,2026-07-26T16:01:46.248939+00:00
RAJTV,2026-06-30,2026-07-07,70.96,0.02,,29.04,nse,2026-07-21T22:02:15.625075+00:00
RAJTV,2026-03-31,2026-04-10,70.91,0.02,,29.09,nse,2026-07-21T22:02:15.625075+00:00
RAJTV,2025-12-31,2026-01-19,70.88,0.02,,29.12,nse,2026-07-21T22:02:15.625075+00:00
RAJTV,2025-09-30,2025-10-15,70.88,0.02,,29.12,nse,2026-07-21T22:02:15.625075+00:00
RALLIS,2026-06-30,2026-07-21,55.08,9.12,11.72,44.92,nse,2026-07-26T16:01:46.814354+00:00
RAMANEWS,2026-06-30,2026-07-21,74.76,0.43,1.57,25.24,nse,2026-07-26T16:01:47.529834+00:00
RAMCOCEM,2026-06-30,2026-07-13,42.56,7.52,29.5,57.44,nse,2026-07-26T16:01:48.156020+00:00
RAMCOIND,2026-06-30,2026-07-17,54.83,1.0,3.34,45.17,nse,2026-07-26T16:01:48.831776+00:00
RAMCOSYS,2026-06-30,2026-07-17,55.51,11.48,1.76,44.49,nse,2026-07-26T16:01:49.900583+00:00
RAMRAT,2026-06-30,2026-07-21,69.3,0.47,0.62,30.7,nse,2026-07-26T16:01:51.057685+00:00
RANEHOLDIN,2026-06-30,2026-07-13,46.63,0.93,3.39,53.37,nse,2026-07-26T16:01:51.732231+00:00
RATNAMANI,2026-06-30,2026-07-14,59.77,10.72,19.13,40.23,nse,2026-07-26T16:01:52.450996+00:00
RAYMOND,2026-06-30,2026-07-20,48.87,7.89,3.81,51.1,nse,2026-07-26T16:01:53.076437+00:00
RAYMONDLSL,2026-06-30,2026-07-21,59.62,7.33,5.73,40.36,nse,2026-07-26T16:01:53.636458+00:00
RAYMONDREL,2026-06-30,2026-07-20,50.93,5.85,2.89,49.04,nse,2026-07-26T16:01:54.190348+00:00
RBA,2026-06-30,2026-07-15,9.22,9.25,39.62,90.78,nse,2026-07-26T16:01:54.732594+00:00
RBLBANK,2026-06-30,2026-07-08,60.0,8.77,17.05,40.0,nse,2026-07-26T16:01:55.459278+00:00
RBZJEWEL,2026-06-30,2026-07-13,75.0,0.03,0.01,25.0,nse,2026-07-26T16:01:56.053018+00:00
RECLTD,2026-06-30,2026-07-15,52.63,15.76,16.98,47.37,nse,2026-07-26T16:01:56.889707+00:00
REDINGTON,2026-06-30,2026-07-10,0.0,61.96,16.37,100.0,nse,2026-07-26T16:01:57.468299+00:00
REDTAPE,2026-06-30,2026-07-20,71.83,3.21,11.74,28.17,nse,2026-07-26T16:01:58.081996+00:00
REGAAL,2026-06-30,2026-07-17,71.32,0.31,2.58,28.68,nse,2026-07-26T16:01:58.708542+00:00
REGENCERAM,2026-06-30,2026-07-16,60.43,,1.91,39.57,nse,2026-07-21T22:02:05.578090+00:00
REGENCERAM,2026-03-31,2026-04-07,60.43,,1.91,39.57,nse,2026-07-21T22:02:05.578090+00:00
REGENCERAM,2025-12-31,2026-01-08,60.43,,1.91,39.57,nse,2026-07-21T22:02:05.578090+00:00
REGENCERAM,2025-09-30,2025-10-15,60.59,,1.59,39.41,nse,2026-07-21T22:02:05.578090+00:00
RELAXO,2026-06-30,2026-07-15,71.27,3.11,9.67,28.73,nse,2026-07-26T16:01:59.225657+00:00
RELCHEMQ,2026-06-30,2026-07-08,67.68,,,32.32,nse,2026-07-21T21:59:34.025195+00:00
RELCHEMQ,2026-03-31,2026-04-20,67.68,,,32.32,nse,2026-07-21T21:59:34.025195+00:00
RELCHEMQ,2025-12-31,2026-01-16,67.68,,,32.32,nse,2026-07-21T21:59:34.025195+00:00
RELCHEMQ,2025-09-30,2025-10-14,67.68,,,32.32,nse,2026-07-21T21:59:34.025195+00:00
RELIABLE,2026-06-30,2026-07-06,67.79,0.33,,32.21,nse,2026-07-26T16:01:59.904895+00:00
RELIANCE,2026-06-30,2026-07-16,50.48,17.2,21.19,49.52,nse,2026-07-26T16:02:01.254316+00:00
RELIGARE,2026-06-30,2026-07-21,30.56,9.64,9.33,69.44,nse,2026-07-26T16:02:02.766785+00:00
RELTD,2026-06-30,2026-07-16,58.26,3.27,2.99,41.74,nse,2026-07-26T16:02:03.673718+00:00
REMSONSIND,2026-06-30,2026-07-17,62.83,2.79,1.08,37.17,nse,2026-07-26T16:02:04.408430+00:00
RENUKA,2026-06-30,2026-07-17,62.48,2.16,9.16,37.52,nse,2026-07-26T16:02:05.580735+00:00
REPRO,2026-06-30,2026-07-21,46.71,9.07,0.26,53.29,nse,2026-07-26T16:02:06.357119+00:00
RESPONIND,2026-06-30,2026-07-18,59.14,7.48,3.22,40.86,nse,2026-07-26T16:02:07.005938+00:00
RETAIL,2026-06-30,2026-07-10,44.52,,,55.48,nse,2026-07-26T16:02:07.688664+00:00
RGL,2026-06-30,2026-07-21,61.95,4.15,0.14,38.05,nse,2026-07-26T16:02:08.345753+00:00
RHFL,2025-03-31,2025-06-03,74.0,1.0,155.0,9926.0,nse,2026-07-26T16:02:09.039286+00:00
RHFL,2024-12-31,2025-01-21,74.0,1.0,155.0,9926.0,nse,2026-07-21T22:02:07.736342+00:00
RHFL,2024-09-30,2024-12-13,74.0,1.0,156.0,9926.0,nse,2026-07-21T22:02:07.736342+00:00
RHFL,2024-06-30,2024-07-24,74.0,1.0,156.0,9926.0,nse,2026-07-21T22:02:07.736342+00:00
RHL,2026-06-30,2026-07-17,65.63,0.0,0.22,34.37,nse,2026-07-26T16:02:09.839832+00:00
RICOAUTO,2026-06-30,2026-07-13,50.33,3.58,0.24,49.67,nse,2026-07-26T16:02:10.561700+00:00
RIIL,2026-06-30,2026-07-20,45.43,0.65,0.01,54.57,nse,2026-07-26T16:02:11.098701+00:00
RITCO,2026-06-30,2026-07-21,62.68,0.03,2.73,36.78,nse,2026-07-26T16:02:11.800084+00:00
RKDL,2026-06-30,2026-07-21,23.62,,0.0,76.38,nse,2026-07-21T21:59:35.137981+00:00
RKDL,2026-03-31,2026-04-14,23.62,,0.0,76.38,nse,2026-07-21T21:59:35.137981+00:00
RKDL,2025-12-31,2026-01-10,23.59,,0.0,76.41,nse,2026-07-21T21:59:35.137981+00:00
RKDL,2025-09-30,2025-10-21,23.59,,0.0,76.41,nse,2026-07-21T21:59:35.137981+00:00
RKEC,2026-06-30,2026-07-24,57.74,0.1,3.97,42.26,nse,2026-07-26T16:02:12.396853+00:00
RKEC,2026-03-31,2026-04-22,66.51,0.13,,33.49,nse,2026-07-21T22:02:03.681957+00:00
RKEC,2025-12-31,2026-01-21,66.8,0.11,,33.2,nse,2026-07-21T22:02:03.681957+00:00
RKEC,2025-09-30,2025-10-20,66.8,0.11,,33.2,nse,2026-07-21T22:02:03.681957+00:00
RKEC,2025-07-08,2025-07-25,6680.0,17.0,,3320.0,nse,2026-07-21T22:02:03.681957+00:00
RKFORGE,2026-06-30,2026-07-17,43.39,20.43,5.09,56.41,nse,2026-07-26T16:02:13.028296+00:00
RKSWAMY,2026-06-30,2026-07-15,69.61,0.24,2.55,30.39,nse,2026-07-26T16:02:13.784353+00:00
RML,2026-06-30,2026-07-12,70.45,0.33,0.79,29.55,nse,2026-07-26T16:02:14.325457+00:00
RNBDENIMS,2026-06-30,2026-07-17,57.39,3.85,0.15,42.61,nse,2026-07-26T16:02:15.525376+00:00
ROHLTD,2026-06-30,2026-07-09,64.06,8.57,0.91,35.94,nse,2026-07-26T16:02:16.540719+00:00
ROLEXRINGS,2026-06-30,2026-07-09,52.24,5.4,28.75,47.76,nse,2026-07-26T16:02:17.156013+00:00
ROLLT,2026-06-30,2026-07-13,50.96,,0.48,49.04,nse,2026-07-21T22:02:04.349297+00:00
ROLLT,2026-03-31,2026-04-07,50.96,,0.0,49.04,nse,2026-07-21T22:02:04.349297+00:00
ROLLT,2025-12-31,2026-01-18,50.96,,0.0,49.04,nse,2026-07-21T22:02:04.349297+00:00
ROLLT,2025-09-30,2025-10-17,50.96,,0.0,49.04,nse,2026-07-21T22:02:04.349297+00:00
ROLTA,2025-09-30,2025-10-20,2.31,0.0,1.88,97.69,nse,2026-07-26T16:02:17.932513+00:00
ROML,2026-06-30,2026-07-10,75.0,,0.0,25.0,nse,2026-07-21T22:02:04.978894+00:00
ROML,2026-03-31,2026-04-13,75.0,,0.0,25.0,nse,2026-07-21T22:02:04.978894+00:00
ROML,2025-12-31,2026-01-15,75.0,,0.0,25.0,nse,2026-07-21T22:02:04.978894+00:00
ROML,2025-09-30,2025-10-16,75.0,,0.0,25.0,nse,2026-07-21T22:02:04.978894+00:00
ROSSARI,2026-06-30,2026-07-21,68.14,2.02,14.64,31.86,nse,2026-07-26T16:02:18.662764+00:00
ROSSELLIND,2026-06-30,2026-07-18,74.8,,2.66,25.2,nse,2026-07-26T16:02:19.208557+00:00
ROSSTECH,2026-06-30,2026-07-21,74.8,1.68,0.78,25.2,nse,2026-07-26T16:02:19.750755+00:00
ROTO,2026-06-30,2026-07-20,66.8,0.19,0.11,33.2,nse,2026-07-26T16:02:20.394229+00:00
ROUTE,2026-06-30,2026-07-14,74.85,2.4,3.46,25.15,nse,2026-07-26T16:02:20.989805+00:00
RPEL,2026-06-30,2026-07-07,62.89,0.81,0.01,37.11,nse,2026-07-26T16:02:21.654132+00:00
RPGLIFE,2026-06-30,2026-07-20,72.95,0.95,8.67,27.05,nse,2026-07-26T16:02:22.528732+00:00
RPOWER,2026-06-30,2026-07-17,24.98,13.64,2.79,75.02,nse,2026-07-26T16:02:23.255326+00:00
RPSGVENT,2026-06-30,2026-07-13,63.51,4.01,1.99,36.49,nse,2026-07-26T16:02:24.312444+00:00
RPTECH,2026-06-30,2026-07-16,64.03,3.27,12.67,35.97,nse,2026-07-26T16:02:25.287343+00:00
RRKABEL,2026-06-30,2026-07-19,61.38,10.67,11.87,38.62,nse,2026-07-26T16:02:26.267047+00:00
RSSOFTWARE,2026-06-30,2026-07-14,40.88,0.78,0.05,59.12,nse,2026-07-21T22:02:10.306356+00:00
RSSOFTWARE,2026-03-31,2026-04-13,40.88,0.96,0.05,59.12,nse,2026-07-21T22:02:10.306356+00:00
RSSOFTWARE,2025-12-31,2026-01-08,40.88,0.83,0.05,59.12,nse,2026-07-21T22:02:10.306356+00:00
RSSOFTWARE,2025-09-30,2025-10-15,40.88,0.78,0.05,59.12,nse,2026-07-21T22:02:10.306356+00:00
RSWM,2026-06-30,2026-07-16,55.69,0.97,0.52,44.31,nse,2026-07-26T16:02:27.002885+00:00
RSYSTEMS,2026-06-30,2026-07-18,51.85,3.82,6.53,48.15,nse,2026-07-26T16:02:28.174392+00:00
RTNINDIA,2026-06-30,2026-07-17,74.87,5.39,0.07,25.03,nse,2026-07-26T16:02:28.793333+00:00
RTNPOWER,2026-06-30,2026-07-16,44.06,5.26,6.58,55.94,nse,2026-07-26T16:02:29.439988+00:00
RUBFILA,2026-06-30,2026-07-13,58.47,0.01,,41.53,nse,2026-07-26T16:02:30.111426+00:00
RUBYMILLS,2026-06-30,2026-07-21,74.9,0.02,0.1,25.1,nse,2026-07-26T16:02:30.865094+00:00
RUCHINFRA,2026-06-30,2026-07-21,53.7,8.6,,46.3,nse,2026-07-26T16:02:31.780204+00:00
RUPA,2026-06-30,2026-07-21,73.28,0.12,3.49,26.72,nse,2026-07-26T16:02:33.231855+00:00
RUSHIL,2026-06-30,2026-07-07,55.1,1.13,0.06,44.9,nse,2026-07-26T16:02:33.835501+00:00
RUSTOMJEE,2026-06-30,2026-07-20,74.59,2.36,16.38,25.41,nse,2026-07-26T16:02:34.584758+00:00
RVNL,2026-06-30,2026-07-20,72.84,2.41,6.6,27.16,nse,2026-07-26T16:02:35.435450+00:00
RVTH,2026-06-30,2026-07-20,63.91,,0.06,36.09,nse,2026-07-26T16:02:36.103990+00:00
S&SPOWER,2026-06-30,2026-07-20,74.97,0.03,0.25,25.03,nse,2026-07-26T16:02:37.168014+00:00
SABEVENTS,2026-06-30,2026-07-20,26.43,0.0,2.91,73.57,nse,2026-07-26T16:02:38.027622+00:00
SADBHAV,2026-06-30,2026-07-18,25.52,0.2,,74.48,nse,2026-07-26T16:02:38.762916+00:00
SADBHIN,2026-06-30,2026-07-20,70.25,0.0,,29.75,nse,2026-07-26T16:02:39.448939+00:00
SADBHIN,2026-03-31,2026-04-15,70.25,0.0,,29.75,nse,2026-07-21T22:02:09.664345+00:00
SADBHIN,2025-12-31,2026-01-21,70.25,0.0,0.12,29.75,nse,2026-07-21T22:02:09.664345+00:00
SADBHIN,2025-09-30,2025-10-14,70.25,0.0,0.35,29.75,nse,2026-07-21T22:02:09.664345+00:00
SADHNANIQ,2026-06-30,2026-07-15,60.9,0.04,0.04,39.1,nse,2026-07-26T16:02:40.241550+00:00
SAFARI,2026-06-30,2026-07-21,44.7,10.56,28.26,55.3,nse,2026-07-26T16:02:40.786149+00:00
SAGARDEEP,2026-06-30,2026-07-07,72.69,,,27.31,nse,2026-07-21T22:02:09.146033+00:00
SAGARDEEP,2026-03-31,2026-04-21,72.69,,,27.31,nse,2026-07-21T22:02:09.146033+00:00
SAGARDEEP,2025-12-31,2026-01-10,73.56,,,26.44,nse,2026-07-21T22:02:09.146033+00:00
SAGARDEEP,2025-09-30,2025-10-09,74.24,,,25.76,nse,2026-07-21T22:02:09.146033+00:00
SAGCEM,2026-06-30,2026-07-13,48.33,1.61,18.39,51.67,nse,2026-07-26T16:02:41.450807+00:00
SAGILITY,2026-06-30,2026-07-17,50.95,9.99,21.42,49.05,nse,2026-07-26T16:02:42.304401+00:00
SAIL,2026-06-30,2026-07-17,65.0,7.09,16.86,35.0,nse,2026-07-26T16:02:43.177898+00:00
SAILIFE,2026-06-30,2026-07-20,34.53,19.65,32.71,65.47,nse,2026-07-26T16:02:44.270822+00:00
SAKAR,2026-06-30,2026-07-17,52.52,12.13,11.37,47.48,nse,2026-07-26T16:02:44.947635+00:00
SAKSOFT,2026-06-30,2026-07-17,66.72,2.17,0.01,30.25,nse,2026-07-26T16:02:45.682420+00:00
SALASAR,2026-06-30,2026-07-17,44.5,5.9,,55.5,nse,2026-07-26T16:02:46.325814+00:00
SALSTEEL,2026-06-30,2026-07-13,70.98,0.0,0.0,29.02,nse,2026-07-26T16:02:46.825353+00:00
SALZERELEC,2026-06-30,2026-07-17,37.48,4.51,0.1,62.52,nse,2026-07-26T16:02:47.477191+00:00
SAMBANDAM,2014-09-30,,0.0,,,0.0,nse,2026-07-21T22:00:01.020891+00:00
SAMBANDAM,2014-06-30,,0.0,,,0.0,nse,2026-07-21T22:00:01.020891+00:00
SAMBANDAM,2014-03-31,,0.0,,,0.0,nse,2026-07-21T22:00:01.020891+00:00
SAMBANDAM,2013-12-31,,0.0,,,0.0,nse,2026-07-21T22:00:01.020891+00:00
SAMBHAAV,2026-06-30,2026-07-14,62.93,0.25,,37.07,nse,2026-07-26T16:02:48.637016+00:00
SAMHI,2026-06-30,2026-07-15,0.0,44.62,17.35,100.0,nse,2026-07-26T16:02:49.254382+00:00
SAMMAANCAP,2026-06-30,2026-07-20,28.34,19.6,7.99,70.3,nse,2026-07-26T16:02:50.319584+00:00
SAMPANN,2026-06-30,2026-07-18,40.66,15.33,,59.34,nse,2026-07-26T16:02:50.910419+00:00
SANATHAN,2026-06-30,2026-07-09,78.58,1.47,12.72,21.42,nse,2026-07-26T16:02:51.771851+00:00
SANDESH,2026-06-30,2026-07-17,74.81,0.09,,25.19,nse,2026-07-26T16:02:52.518861+00:00
SANDHAR,2026-06-30,2026-07-14,70.38,2.09,14.82,29.62,nse,2026-07-26T16:02:53.096802+00:00
SANDUMA,2026-06-30,2026-07-17,74.22,1.74,0.58,25.78,nse,2026-07-26T16:02:53.692466+00:00
SANGAMIND,2026-06-30,2026-07-20,70.52,2.5,0.09,27.63,nse,2026-07-26T16:02:54.296431+00:00
SANGHIIND,2025-12-31,2026-01-21,75.0,1.35,0.66,25.0,nse,2026-07-26T16:02:55.059044+00:00
SANGHVIMOV,2026-06-30,2026-07-16,47.25,1.81,1.4,52.75,nse,2026-07-26T16:02:55.603558+00:00
SANOFI,2026-06-30,2026-07-20,60.4,5.69,19.87,39.6,nse,2026-07-26T16:02:56.302104+00:00
SANOFICONR,2026-06-30,2026-07-21,71.27,2.6,17.86,28.73,nse,2026-07-26T16:02:56.940097+00:00
SANSERA,2026-06-30,2026-07-10,29.21,21.52,31.04,70.79,nse,2026-07-26T16:02:57.731127+00:00
SANWARIA,2026-06-30,2026-07-16,12.42,,0.0,87.58,nse,2026-07-21T22:02:24.022703+00:00
SANWARIA,2026-03-31,2026-04-21,12.42,,0.0,87.58,nse,2026-07-21T22:02:24.022703+00:00
SANWARIA,2025-12-31,2026-01-21,12.42,,0.0,87.58,nse,2026-07-21T22:02:24.022703+00:00
SANWARIA,2025-09-30,2025-10-18,12.42,,0.0,87.58,nse,2026-07-21T22:02:24.022703+00:00
SAPPHIRE,2026-06-30,2026-07-21,26.07,25.25,41.92,73.93,nse,2026-07-26T16:02:58.477373+00:00
SARDAEN,2026-06-30,2026-07-07,73.16,3.52,3.47,26.84,nse,2026-07-26T16:02:59.154369+00:00
SAREGAMA,2026-06-30,2026-07-15,60.84,11.5,8.6,38.72,nse,2026-07-26T16:02:59.771447+00:00
SARLAPOLY,2026-06-30,2026-07-14,59.98,0.64,0.69,40.02,nse,2026-07-26T16:03:00.961198+00:00
SASKEN,2026-06-30,2026-07-17,42.95,19.11,1.39,57.05,nse,2026-07-26T16:03:01.856436+00:00
SATIA,2026-06-30,2026-07-14,52.46,0.53,0.07,47.54,nse,2026-07-26T16:03:02.805826+00:00
SATIN,2026-06-30,2026-07-09,36.17,4.88,6.32,63.44,nse,2026-07-26T16:03:03.854378+00:00
SAURASHCEM,2026-06-30,2026-07-14,66.62,0.08,0.12,33.38,nse,2026-07-26T16:03:04.964011+00:00
SBFC,2026-06-30,2026-07-20,52.31,7.22,20.71,47.63,nse,2026-07-26T16:03:05.960091+00:00
SBICARD,2026-06-30,2026-07-20,68.86,8.99,18.13,31.14,nse,2026-07-26T16:03:06.743762+00:00
SBILIFE,2026-06-30,2026-07-17,55.32,20.95,19.66,44.68,nse,2026-07-26T16:03:07.708332+00:00
SBIN,2026-06-30,2026-07-15,55.47,10.81,26.64,44.53,nse,2026-07-26T16:03:08.244175+00:00
SCHAEFFLER,2026-06-30,2026-07-14,74.13,4.36,16.22,25.87,nse,2026-07-26T16:03:08.845356+00:00
SCHAND,2026-06-30,2026-07-17,46.99,4.54,1.26,53.01,nse,2026-07-26T16:03:09.479037+00:00
SCHNEIDER,2026-06-30,2026-07-17,75.0,3.42,4.67,25.0,nse,2026-07-26T16:03:10.041842+00:00
SCI,2026-06-30,2026-07-17,63.75,8.97,2.08,36.25,nse,2026-07-26T16:03:10.756735+00:00
SCILAL,2026-06-30,2026-07-07,63.75,1.04,6.15,36.25,nse,2026-07-26T16:03:11.381242+00:00
SDBL,2026-06-30,2026-07-20,39.44,0.18,0.0,60.56,nse,2026-07-26T16:03:12.116761+00:00
SEAMECLTD,2026-06-30,2026-07-13,72.72,5.93,4.38,27.28,nse,2026-07-26T16:03:13.063687+00:00
SECURKLOUD,2026-06-30,2026-07-15,43.35,0.02,,56.65,nse,2026-07-26T16:03:13.571182+00:00
SECURKLOUD,2026-03-31,2026-04-16,43.52,0.02,,56.48,nse,2026-07-21T22:02:27.283110+00:00
SECURKLOUD,2025-12-31,2026-01-14,43.52,0.02,,56.48,nse,2026-07-21T22:02:27.283110+00:00
SECURKLOUD,2025-09-30,2025-10-14,43.52,0.02,,56.48,nse,2026-07-21T22:02:27.283110+00:00
SEJALLTD,2026-06-30,2026-07-20,69.96,0.19,4.54,30.04,nse,2026-07-26T16:03:14.226178+00:00
SELMC,2026-03-31,2026-04-21,75.0,0.08,10.81,25.0,nse,2026-07-21T22:02:28.736124+00:00
SELMC,2025-12-31,2026-04-21,75.0,0.08,11.19,25.0,nse,2026-07-21T22:02:28.736124+00:00
SELMC,2025-09-30,2025-10-20,75.0,0.13,11.54,25.0,nse,2026-07-21T22:02:28.736124+00:00
SELMC,2025-06-30,2025-08-12,7500.0,13.0,1172.0,2500.0,nse,2026-07-21T22:02:28.736124+00:00
SEMAC,2026-06-30,2026-07-16,62.85,0.04,0.0,37.15,nse,2026-07-26T16:03:14.947675+00:00
SEMAC,2026-03-31,2026-04-16,62.85,0.04,0.0,37.15,nse,2026-07-21T22:02:29.788157+00:00
SEMAC,2025-12-31,2026-01-16,62.85,0.04,0.0,37.15,nse,2026-07-21T22:02:29.788157+00:00
SEMAC,2025-09-30,2025-10-19,62.85,0.04,0.0,37.15,nse,2026-07-21T22:02:29.788157+00:00
SENORES,2026-06-30,2026-07-20,45.82,6.62,9.77,54.18,nse,2026-07-26T16:03:17.221047+00:00
SEPC,2026-06-30,2026-07-21,11.67,1.04,13.91,88.33,nse,2026-07-26T16:03:18.962312+00:00
SERVOTECH,2026-06-30,2026-07-13,58.61,0.05,0.0,41.39,nse,2026-07-26T16:03:20.313803+00:00
SESHAPAPER,2026-06-30,2026-07-13,43.27,12.6,0.09,56.73,nse,2026-07-26T16:03:22.186787+00:00
SEYAIND,2026-06-30,2026-07-20,64.5,,0.99,35.5,nse,2026-07-21T22:02:30.863922+00:00
SEYAIND,2026-03-31,2026-04-24,64.5,,0.99,35.5,nse,2026-07-21T22:02:30.863922+00:00
SEYAIND,2025-12-31,2026-01-21,64.5,,0.82,35.5,nse,2026-07-21T22:02:30.863922+00:00
SEYAIND,2025-09-30,2025-10-21,64.5,,0.82,35.5,nse,2026-07-21T22:02:30.863922+00:00
SFL,2026-06-30,2026-07-20,65.39,4.17,18.52,34.61,nse,2026-07-26T16:03:23.612235+00:00
SGFIN,2026-06-30,2026-07-10,56.95,0.54,2.17,43.05,nse,2026-07-26T16:03:25.119014+00:00
SGIL,2026-06-30,2026-07-18,69.5,0.23,1.73,30.45,nse,2026-07-26T16:03:26.410326+00:00
SGL,2026-06-30,2026-07-18,65.76,,,34.24,nse,2026-07-21T22:02:27.202562+00:00
SGL,2026-03-31,2026-04-20,65.76,,,34.24,nse,2026-07-21T22:02:27.202562+00:00
SGL,2025-12-31,2026-01-19,65.76,,,34.24,nse,2026-07-21T22:02:27.202562+00:00
SGL,2025-09-30,2025-10-18,65.76,,,34.24,nse,2026-07-21T22:02:27.202562+00:00
SGMART,2026-06-30,2026-07-01,57.9,1.9,4.11,42.1,nse,2026-07-26T16:03:27.667460+00:00
SHAHALLOYS,2026-06-30,2026-07-13,53.75,,,46.25,nse,2026-07-26T16:03:29.094389+00:00
SHAILY,2026-06-30,2026-07-20,41.09,18.18,14.84,58.91,nse,2026-07-26T16:03:31.073140+00:00
SHALBY,2026-03-31,2026-04-13,74.33,4.36,0.25,25.02,nse,2026-07-26T16:03:33.318939+00:00
SHALPAINTS,2026-06-30,2026-07-13,74.96,0.04,0.03,25.04,nse,2026-07-26T16:03:36.176715+00:00
SHANTIGEAR,2026-06-30,2026-07-17,70.47,3.13,0.22,29.53,nse,2026-07-26T16:03:41.069975+00:00
SHARDACROP,2026-06-30,2026-07-03,74.82,3.11,9.18,25.18,nse,2026-07-26T16:03:43.027480+00:00
SHARDAMOTR,2026-06-30,2026-07-16,64.31,1.73,11.98,35.69,nse,2026-07-26T16:03:43.695366+00:00
SHAREINDIA,2026-06-30,2026-07-20,48.62,1.88,0.48,51.38,nse,2026-07-26T16:03:44.724643+00:00
SHEKHAWATI,2026-06-30,2026-07-17,64.08,,,35.92,nse,2026-07-26T16:03:46.304433+00:00
SHEKHAWATI,2026-03-31,2026-04-13,64.12,,,35.88,nse,2026-07-21T22:02:26.347610+00:00
SHEKHAWATI,2025-12-31,2026-01-19,64.12,,,35.88,nse,2026-07-21T22:02:26.347610+00:00
SHEKHAWATI,2025-09-30,2025-10-17,64.12,,,35.88,nse,2026-07-21T22:02:26.347610+00:00
SHILPAMED,2026-06-30,2026-07-13,40.13,11.38,8.05,59.87,nse,2026-07-26T16:03:47.099371+00:00
SHIVALIK,2026-06-30,2026-07-13,47.37,1.19,0.02,52.63,nse,2026-07-26T16:03:47.819105+00:00
SHIVAMAUTO,2026-06-30,2026-07-21,69.52,,7.07,30.48,nse,2026-07-26T16:03:48.543719+00:00
SHIVAMILLS,2026-06-30,2026-07-16,74.94,0.32,0.01,25.06,nse,2026-07-26T16:03:49.280265+00:00
SHIVAMILLS,2026-03-31,2026-04-14,74.94,0.32,0.01,25.06,nse,2026-07-21T22:02:24.829835+00:00
SHIVAMILLS,2025-12-31,2026-01-12,74.94,0.32,0.01,25.06,nse,2026-07-21T22:02:24.829835+00:00
SHIVAMILLS,2025-09-30,2025-10-18,74.94,0.32,0.01,25.06,nse,2026-07-21T22:02:24.829835+00:00
SHIVATEX,2026-06-30,2026-07-17,74.04,,0.01,25.96,nse,2026-07-26T16:03:49.987606+00:00
SHK,2026-06-30,2026-07-10,54.87,5.92,6.01,45.13,nse,2026-07-26T16:03:51.203343+00:00
SHOPERSTOP,2026-06-30,2026-07-10,66.06,1.91,25.7,33.94,nse,2026-07-26T16:03:52.977572+00:00
SHRADHA,2026-06-30,2026-07-18,74.98,,,25.02,nse,2026-07-26T16:03:53.692857+00:00
SHREDIGCEM,2026-06-30,2026-07-20,63.71,0.5,1.43,36.29,nse,2026-07-26T16:03:54.290389+00:00
SHREECEM,2026-06-30,2026-07-13,62.55,8.22,16.67,37.45,nse,2026-07-26T16:03:55.051559+00:00
SHREEPUSHK,2026-06-30,2026-07-16,69.36,0.51,0.0,30.64,nse,2026-07-26T16:03:55.773730+00:00
SHREERAMA,2026-06-30,2026-07-16,61.57,0.0,0.0,38.43,nse,2026-07-26T16:03:56.376091+00:00
SHRENIK,2026-03-31,2026-04-21,24.53,,,75.48,nse,2026-07-21T21:59:46.710417+00:00
SHRENIK,2025-12-31,2026-04-01,24.53,,,75.48,nse,2026-07-21T21:59:46.710417+00:00
SHRENIK,2025-09-30,2026-04-01,24.53,,,75.48,nse,2026-07-21T21:59:46.710417+00:00
SHRENIK,2025-06-30,2025-07-19,24.99,,,75.01,nse,2026-07-21T21:59:46.710417+00:00
SHRINGARMS,2026-06-30,2026-07-08,74.8,2.93,2.73,25.2,nse,2026-07-26T16:03:57.017236+00:00
SHRIPISTON,2026-06-30,2026-07-21,43.75,8.21,12.17,56.25,nse,2026-07-26T16:03:57.714153+00:00
SHRIRAMFIN,2026-06-30,2026-07-21,20.3,54.77,19.9,79.7,nse,2026-07-26T16:03:58.779118+00:00
SHRIRAMPPS,2026-06-30,2026-07-15,27.89,6.85,1.43,72.11,nse,2026-07-26T16:03:59.394012+00:00
SHYAMCENT,2026-06-30,2026-07-20,49.65,0.0,,50.35,nse,2026-07-26T16:04:00.094229+00:00
SHYAMMETL,2026-06-30,2026-07-09,74.59,2.97,13.75,25.14,nse,2026-07-26T16:04:01.018557+00:00
SIEMENS,2026-06-30,2026-07-21,75.0,6.47,9.09,25.0,nse,2026-07-26T16:04:01.813855+00:00
SIGIND,2026-06-30,2026-07-20,73.41,,,26.59,nse,2026-07-26T16:04:02.485037+00:00
SIGNPOST,2026-06-30,2026-07-09,60.38,0.24,0.02,39.62,nse,2026-07-26T16:04:03.180699+00:00
SIL,2026-06-30,2026-07-21,20.31,38.86,3.97,79.69,nse,2026-07-26T16:04:03.804724+00:00
SILINV,2026-06-30,2026-07-20,63.79,0.09,0.02,36.21,nse,2026-07-26T16:04:04.422573+00:00
SIMBHALS,2026-06-30,2026-07-21,53.33,0.0,0.01,46.67,nse,2026-07-21T22:02:17.074927+00:00
SIMBHALS,2026-03-31,2026-04-21,53.33,0.0,0.01,46.67,nse,2026-07-21T22:02:17.074927+00:00
SIMBHALS,2025-12-31,2026-01-16,53.33,0.0,0.01,46.67,nse,2026-07-21T22:02:17.074927+00:00
SIMBHALS,2025-09-30,2025-10-16,53.33,0.0,0.01,46.67,nse,2026-07-21T22:02:17.074927+00:00
SIMPLEXINF,2026-06-30,2026-07-16,35.99,0.39,6.6,64.01,nse,2026-07-26T16:04:05.167270+00:00
SINCLAIR,2026-06-30,2026-07-10,64.01,0.03,0.17,35.99,nse,2026-07-26T16:04:05.862541+00:00
SIS,2026-06-30,2026-07-21,71.86,13.27,6.25,28.14,nse,2026-07-26T16:04:06.577619+00:00
SITINET,2026-03-31,2026-04-20,6.1,2.05,2.43,93.9,nse,2026-07-26T16:04:07.321077+00:00
SITINET,2025-12-31,2026-01-21,6.1,2.05,2.43,93.9,nse,2026-07-21T22:02:19.556580+00:00
SITINET,2025-09-30,2025-10-17,6.1,2.05,2.43,93.9,nse,2026-07-21T22:02:19.556580+00:00
SITINET,2025-06-30,2025-07-24,6.1,2.05,2.43,93.9,nse,2026-07-21T22:02:19.556580+00:00
SIYSIL,2026-06-30,2026-07-15,67.44,1.96,2.51,32.56,nse,2026-07-26T16:04:08.150489+00:00
SJS,2026-06-30,2026-07-17,20.15,14.67,34.04,79.85,nse,2026-07-26T16:04:08.763430+00:00
SJVN,2026-06-30,2026-07-09,81.85,2.79,3.74,18.15,nse,2026-07-26T16:04:09.400243+00:00
SKFINDIA,2026-06-30,2026-07-20,52.58,6.89,27.17,47.42,nse,2026-07-26T16:04:10.094036+00:00
SKIL,2023-09-30,2023-10-11,5280.0,666.0,0.0,4374.0,nse,2026-07-26T16:04:10.921539+00:00
SKIPPER,2026-06-30,2026-07-16,66.5,4.11,1.92,33.5,nse,2026-07-26T16:04:11.838888+00:00
SKYGOLD,2026-06-30,2026-07-18,51.74,2.79,14.21,48.26,nse,2026-07-26T16:04:12.586991+00:00
SMARTLINK,2026-06-30,2026-07-18,72.85,0.0,0.0,27.15,nse,2026-07-26T16:04:13.352416+00:00
SMCGLOBAL,2026-06-30,2026-07-16,66.71,2.14,0.0,33.29,nse,2026-07-26T16:04:14.168575+00:00
SMLT,2026-06-30,2026-07-08,68.81,0.14,,31.19,nse,2026-07-21T22:02:22.339997+00:00
SMLT,2026-03-31,2026-04-08,68.81,0.14,,31.19,nse,2026-07-21T22:02:22.339997+00:00
SMLT,2025-12-31,2026-01-07,68.81,0.14,,31.19,nse,2026-07-21T22:02:22.339997+00:00
SMLT,2025-09-30,2025-10-14,68.81,0.14,,31.19,nse,2026-07-21T22:02:22.339997+00:00
SMSPHARMA,2026-06-30,2026-07-10,68.07,0.65,2.83,31.93,nse,2026-07-26T16:04:14.770700+00:00
SNOWMAN,2026-06-30,2026-07-15,50.01,2.96,0.84,49.99,nse,2026-07-26T16:04:15.355047+00:00
SOBHA,2026-06-30,2026-07-10,52.88,6.12,25.99,47.12,nse,2026-07-26T16:04:16.228069+00:00
SOLARA,2026-06-30,2026-07-20,41.93,11.52,3.74,58.07,nse,2026-07-26T16:04:17.447703+00:00
SOLARINDS,2026-06-30,2026-07-16,73.15,6.4,13.36,26.85,nse,2026-07-26T16:04:18.188864+00:00
SOMANYCERA,2026-06-30,2026-07-20,55.2,1.38,19.43,44.8,nse,2026-07-26T16:04:18.888410+00:00
SONACOMS,2026-06-30,2026-07-20,28.01,23.61,41.61,71.99,nse,2026-07-26T16:04:19.624257+00:00
SONATSOFTW,2026-06-30,2026-07-10,28.17,9.17,24.67,70.54,nse,2026-07-26T16:04:20.339692+00:00
SOTL,2026-06-30,2026-07-17,68.93,1.02,13.18,31.07,nse,2026-07-26T16:04:21.144967+00:00
SOUTHBANK,2026-06-30,2026-07-15,0.0,25.39,14.25,100.0,nse,2026-07-26T16:04:21.930115+00:00
SOUTHWEST,2026-07-10,2026-07-20,65.94,0.41,,34.06,nse,2026-07-26T16:04:22.951918+00:00
SPAL,2026-06-30,2026-07-18,61.81,1.49,16.15,38.19,nse,2026-07-26T16:04:23.704757+00:00
SPANDANA,2026-06-30,2026-07-21,48.16,19.29,5.69,51.84,nse,2026-07-26T16:04:24.420831+00:00
SPARC,2026-06-30,2026-07-20,65.67,3.9,0.09,34.33,nse,2026-07-26T16:04:25.261371+00:00
SPCENET,2026-06-30,2026-07-16,15.52,1.65,,84.48,nse,2026-07-26T16:04:26.150279+00:00
SPECIALITY,2026-06-30,2026-07-17,50.71,0.46,0.0,49.29,nse,2026-07-26T16:04:26.917127+00:00
SPENCERS,2026-06-30,2026-07-16,58.81,6.5,2.0,41.05,nse,2026-07-26T16:04:27.800698+00:00
SPIC,2026-06-30,2026-07-21,53.38,4.8,0.14,46.62,nse,2026-07-26T16:04:28.792340+00:00
SPLIL,2026-06-30,2026-07-20,74.85,0.13,,25.15,nse,2026-07-21T22:02:21.548997+00:00
SPLIL,2026-03-31,2026-04-21,74.85,0.13,,25.15,nse,2026-07-21T22:02:21.548997+00:00
SPLIL,2025-12-31,2026-01-20,74.88,0.13,,25.12,nse,2026-07-21T22:02:21.548997+00:00
SPLIL,2025-09-30,2025-10-16,74.97,0.13,,25.03,nse,2026-07-21T22:02:21.548997+00:00
SPLPETRO,2026-06-30,2026-07-20,64.24,3.8,4.14,35.76,nse,2026-07-26T16:04:29.516677+00:00
SPMLINFRA,2026-06-30,2026-07-20,40.85,0.33,14.34,59.15,nse,2026-07-26T16:04:30.387371+00:00
SPORTKING,2026-06-30,2026-07-16,74.36,0.35,0.0,25.64,nse,2026-07-26T16:04:31.267437+00:00
SRD,2026-06-30,2026-07-20,73.61,0.04,0.0,26.39,nse,2026-07-26T16:04:32.094438+00:00
SRF,2026-06-30,2026-07-14,50.26,15.45,22.44,49.73,nse,2026-07-26T16:04:32.885935+00:00
STAR,2026-06-30,2026-07-20,27.91,28.39,15.41,72.09,nse,2026-07-26T16:04:34.094151+00:00
STARCEMENT,2026-06-30,2026-07-20,58.1,2.29,2.38,41.9,nse,2026-07-26T16:04:34.958528+00:00
STARHEALTH,2026-06-30,2026-07-21,58.01,16.04,19.41,41.99,nse,2026-07-26T16:04:37.324759+00:00
STARPAPER,2026-06-30,2026-07-11,44.93,1.64,0.01,55.07,nse,2026-07-26T16:04:38.000858+00:00
STARTECK,2026-06-30,2026-07-16,73.3,0.0,,26.7,nse,2026-07-26T16:04:38.793344+00:00
STCINDIA,2026-06-30,2026-07-15,90.0,0.04,0.47,10.0,nse,2026-07-26T16:04:39.476178+00:00
STEELCAS,2026-06-30,2026-07-13,45.0,0.29,2.55,55.0,nse,2026-07-26T16:04:40.277254+00:00
STEELXIND,2026-06-30,2026-07-21,49.67,0.7,1.95,50.33,nse,2026-07-26T16:04:41.257607+00:00
STEL,2026-06-30,2026-07-21,72.06,0.01,0.07,27.94,nse,2026-07-26T16:04:42.206877+00:00
STERTOOLS,2026-06-30,2026-07-11,64.86,0.09,0.09,35.14,nse,2026-07-26T16:04:43.148419+00:00
STLNETWORK,2026-06-30,2026-07-17,44.14,1.12,3.27,55.86,nse,2026-07-26T16:04:44.091250+00:00
STLTECH,2026-07-01,2026-07-10,42.29,19.71,13.27,57.71,nse,2026-07-26T16:04:45.027050+00:00
STOVEKRAFT,2026-06-30,2026-07-14,55.79,1.22,7.1,44.21,nse,2026-07-26T16:04:45.910311+00:00
STYLEBAAZA,2026-06-30,2026-07-21,44.81,1.69,5.95,55.19,nse,2026-07-26T16:04:48.091806+00:00
STYRENIX,2026-06-30,2026-07-20,46.24,0.86,17.44,53.76,nse,2026-07-26T16:04:48.865934+00:00
SUBEXLTD,2026-06-30,2026-07-15,0.0,0.59,0.0,98.73,nse,2026-07-26T16:04:49.567511+00:00
SUBROS,2026-06-30,2026-07-16,36.79,32.69,10.7,63.21,nse,2026-07-26T16:04:50.315182+00:00
SUDARSCHEM,2026-06-30,2026-07-20,8.19,8.47,26.42,91.81,nse,2026-07-26T16:04:51.237769+00:00
SUKHJITS,2026-06-30,2026-07-18,66.15,,,33.85,nse,2026-07-26T16:04:51.936206+00:00
SULA,2026-06-30,2026-07-17,24.62,0.68,16.22,75.38,nse,2026-07-26T16:04:52.533113+00:00
SUMICHEM,2026-06-30,2026-07-10,75.0,3.02,9.33,25.0,nse,2026-07-26T16:04:54.355285+00:00
SUMIT,2026-06-30,2026-07-21,60.85,0.02,,39.15,nse,2026-07-26T16:04:55.198584+00:00
SUMMITSEC,2026-06-30,2026-07-17,74.65,0.04,0.45,25.35,nse,2026-07-26T16:04:56.240968+00:00
SUNCLAY,2026-06-30,2026-07-14,59.09,0.88,20.71,40.91,nse,2026-07-26T16:04:57.001157+00:00
SUNDARAM,2026-06-30,2026-07-17,31.11,,0.05,68.89,nse,2026-07-21T22:01:47.841294+00:00
SUNDARAM,2026-03-31,2026-04-15,31.11,,0.05,68.89,nse,2026-07-21T22:01:47.841294+00:00
SUNDARAM,2025-12-31,2026-01-19,31.11,,0.05,68.89,nse,2026-07-21T22:01:47.841294+00:00
SUNDARAM,2025-09-30,2025-10-15,31.11,,0.05,68.89,nse,2026-07-21T22:01:47.841294+00:00
SUNDARMFIN,2026-06-30,2026-07-17,37.21,18.58,8.0,62.01,nse,2026-07-26T16:04:58.653749+00:00
SUNDRMBRAK,2026-06-30,2026-07-10,63.94,,,36.06,nse,2026-07-26T16:04:59.527242+00:00
SUNDRMFAST,2026-06-30,2026-07-15,46.95,11.4,22.31,53.05,nse,2026-07-26T16:05:00.264223+00:00
SUNDROP,2026-06-30,2026-07-08,43.9,0.2,5.79,56.1,nse,2026-07-26T16:05:01.172182+00:00
SUNPHARMA,2026-06-30,2026-07-17,54.48,14.53,22.18,45.52,nse,2026-07-26T16:05:02.052200+00:00
SUNTECK,2026-06-30,2026-07-10,63.15,18.11,5.3,36.85,nse,2026-07-26T16:05:03.006560+00:00
SUPERSPIN,2026-06-30,2026-07-21,43.46,0.0,0.0,56.54,nse,2026-07-26T16:05:03.742203+00:00
SUPERSPIN,2026-03-31,2026-04-21,42.8,0.0,0.0,57.2,nse,2026-07-21T22:01:51.073601+00:00
SUPERSPIN,2025-12-31,2026-01-21,42.8,0.0,0.0,57.2,nse,2026-07-21T22:01:51.073601+00:00
SUPERSPIN,2025-09-30,2025-10-21,42.8,0.0,0.0,57.2,nse,2026-07-21T22:01:51.073601+00:00
SUPRAJIT,2026-06-30,2026-07-15,45.27,6.54,17.01,54.73,nse,2026-07-26T16:05:04.407316+00:00
SUPREME,2026-06-30,2026-07-20,58.17,0.39,,41.83,nse,2026-07-26T16:05:05.184390+00:00
SUPREMEENG,2026-03-31,2026-04-20,41.27,,,58.73,nse,2026-07-21T22:01:51.491544+00:00
SUPREMEENG,2025-12-31,2026-01-20,41.27,,,58.73,nse,2026-07-21T22:01:51.491544+00:00
SUPREMEENG,2025-09-30,2025-10-28,41.27,,,58.73,nse,2026-07-21T22:01:51.491544+00:00
SUPREMEENG,2025-06-30,2025-07-19,4127.0,,,5873.0,nse,2026-07-21T22:01:51.491544+00:00
SUPREMEIND,2026-06-30,2026-07-17,48.96,17.08,19.08,51.04,nse,2026-07-26T16:05:06.032918+00:00
SUPRIYA,2026-06-30,2026-07-18,68.3,6.19,5.3,31.7,nse,2026-07-26T16:05:06.699621+00:00
SURAJEST,2026-06-30,2026-07-16,69.8,1.31,1.03,30.2,nse,2026-07-26T16:05:07.403973+00:00
SURAKSHA,2026-06-30,2026-07-22,49.1,13.47,23.23,50.9,nse,2026-07-26T16:05:08.550561+00:00
SURANASOL,2026-06-30,2026-07-20,45.75,0.15,0.04,54.25,nse,2026-07-26T16:05:09.300167+00:00
SURANAT&P,2026-06-30,2026-07-16,72.05,,0.05,27.95,nse,2026-07-26T16:05:09.880242+00:00
SURYAROSNI,2026-06-30,2026-07-13,63.02,3.81,1.9,36.98,nse,2026-07-26T16:05:11.377537+00:00
SURYODAY,2026-06-30,2026-07-20,22.48,5.35,5.47,77.52,nse,2026-07-26T16:05:11.998051+00:00
SUTLEJTEX,2026-06-30,2026-07-21,63.96,0.94,0.02,36.04,nse,2026-07-26T16:05:12.963964+00:00
SUVEN,2026-07-08,2026-07-20,65.47,0.48,2.73,34.53,nse,2026-07-26T16:05:13.741992+00:00
SUVIDHAA,2026-06-30,2026-07-21,38.33,3.16,,61.67,nse,2026-07-21T22:01:51.648722+00:00
SUVIDHAA,2026-03-31,2026-04-20,38.33,3.16,,61.67,nse,2026-07-21T22:01:51.648722+00:00
SUVIDHAA,2025-12-31,2026-01-21,38.33,3.16,0.0,61.67,nse,2026-07-21T22:01:51.648722+00:00
SUVIDHAA,2025-09-30,2025-10-17,38.33,3.16,,61.67,nse,2026-07-21T22:01:51.648722+00:00
SUZLON,2026-06-30,2026-07-14,11.71,24.15,11.11,88.29,nse,2026-07-26T16:05:14.517793+00:00
SVLL,2026-06-30,2026-07-21,73.67,,,26.33,nse,2026-07-26T16:05:15.153262+00:00
SVPGLOB,2026-06-30,2026-07-16,52.75,,,47.25,nse,2026-07-26T16:05:15.747977+00:00
SVPGLOB,2026-03-31,2026-05-15,52.75,,,47.25,nse,2026-07-21T22:01:49.788056+00:00
SVPGLOB,2025-12-31,2026-01-21,52.75,,,47.25,nse,2026-07-21T22:01:49.788056+00:00
SVPGLOB,2025-09-30,2025-10-17,52.75,,,47.25,nse,2026-07-21T22:01:49.788056+00:00
SWANCORP,2026-06-30,2026-07-15,53.96,10.36,12.9,46.04,nse,2026-07-26T16:05:16.581386+00:00
SWANDEF,2026-06-30,2026-07-17,89.9,0.68,1.93,10.1,nse,2026-07-26T16:05:17.086208+00:00
SWARAJENG,2026-06-30,2026-07-21,52.11,2.43,8.78,47.89,nse,2026-07-26T16:05:19.261972+00:00
SWIGGY,2026-06-30,2026-07-18,0.0,13.96,27.38,94.92,nse,2026-07-26T16:05:19.888393+00:00
SWSOLAR,2026-06-30,2026-07-21,45.72,5.06,4.8,54.28,nse,2026-07-26T16:05:20.585629+00:00
SYMPHONY,2026-06-30,2026-07-07,73.43,2.44,8.48,26.57,nse,2026-07-26T16:05:21.249351+00:00
SYNGENE,2026-06-30,2026-07-17,52.59,11.82,28.02,46.98,nse,2026-07-26T16:05:22.153295+00:00
SYRMA,2026-06-30,2026-07-16,42.28,7.52,15.9,57.6,nse,2026-07-26T16:05:23.078630+00:00
TAINWALCHM,2026-06-30,2026-07-20,68.12,0.04,0.22,31.88,nse,2026-07-26T16:05:23.648591+00:00
TAJGVK,2026-06-30,2026-07-07,71.0,0.42,4.08,29.0,nse,2026-07-26T16:05:24.273477+00:00
TAKE,2026-06-30,2026-07-20,0.0,0.21,,100.0,nse,2026-07-26T16:05:24.927900+00:00
TALBROAUTO,2026-06-30,2026-07-15,58.43,1.26,0.19,41.57,nse,2026-07-26T16:05:25.935118+00:00
TANLA,2026-06-30,2026-07-10,46.17,7.63,0.39,53.36,nse,2026-07-26T16:05:26.672440+00:00
TARAPUR,2026-06-30,2026-07-18,21.95,0.0,0.0,78.05,nse,2026-07-21T21:59:40.700476+00:00
TARAPUR,2026-03-31,2026-04-16,21.95,,,78.05,nse,2026-07-21T21:59:40.700476+00:00
TARAPUR,2025-12-31,2026-01-20,21.95,,,78.05,nse,2026-07-21T21:59:40.700476+00:00
TARAPUR,2025-09-30,2025-10-18,21.95,,,78.05,nse,2026-07-21T21:59:40.700476+00:00
TARC,2026-06-30,2026-07-14,65.12,0.99,6.44,34.88,nse,2026-07-26T16:05:27.362523+00:00
TARIL,2026-06-30,2026-07-15,64.36,7.8,1.53,35.64,nse,2026-07-26T16:05:28.201819+00:00
TARSONS,2026-06-30,2026-07-20,47.3,0.16,0.1,52.7,nse,2026-07-26T16:05:28.747791+00:00
TASTYBITE,2026-06-30,2026-07-21,74.23,3.73,0.0,25.77,nse,2026-07-26T16:05:29.565962+00:00
TATACHEM,2026-06-30,2026-07-20,37.98,12.07,21.12,62.02,nse,2026-07-26T16:05:34.852976+00:00
TATACOMM,2026-06-30,2026-07-21,58.86,13.75,19.86,41.14,nse,2026-07-26T16:05:38.607817+00:00
TATACONSUM,2026-06-30,2026-07-17,33.83,20.08,25.01,66.17,nse,2026-07-26T16:05:43.634812+00:00
TATAELXSI,2026-06-30,2026-07-20,43.9,9.85,11.04,56.1,nse,2026-07-26T16:05:48.856432+00:00
TATAINVEST,2026-06-30,2026-07-21,73.38,2.67,0.57,26.62,nse,2026-07-26T16:05:49.772212+00:00
TATAPOWER,2026-06-30,2026-07-21,46.86,10.03,18.43,53.14,nse,2026-07-26T16:05:54.821316+00:00
TATASTEEL,2026-06-30,2026-07-20,32.94,19.37,26.62,67.06,nse,2026-07-26T16:06:00.231964+00:00
TATATECH,2026-06-30,2026-07-15,55.17,6.3,4.48,44.83,nse,2026-07-26T16:06:01.673914+00:00
TBOTEK,2026-06-30,2026-07-21,44.41,28.93,21.09,54.06,nse,2026-07-26T16:06:02.980479+00:00
TBZ,2026-06-30,2026-07-08,74.12,1.47,0.0,25.88,nse,2026-07-26T16:06:03.499989+00:00
TCI,2026-06-30,2026-07-20,68.66,3.04,12.7,31.34,nse,2026-07-26T16:06:04.709863+00:00
TCIEXP,2026-06-30,2026-07-20,69.46,0.79,8.86,30.54,nse,2026-07-26T16:06:05.391907+00:00
TCIFINANCE,2026-06-30,2026-07-13,24.72,,,75.28,nse,2026-07-26T16:06:06.065269+00:00
TCPLPACK,2026-06-30,2026-07-15,55.74,1.02,13.69,44.06,nse,2026-07-26T16:06:06.792163+00:00
TCS,2026-06-30,2026-07-21,71.77,9.06,13.47,28.23,nse,2026-07-26T16:06:10.202669+00:00
TDPOWERSYS,2026-06-30,2026-07-10,26.87,26.18,23.88,73.13,nse,2026-07-26T16:06:11.025458+00:00
TEAMGTY,2026-06-30,2026-07-14,74.92,2.08,0.05,25.08,nse,2026-07-26T16:06:11.798467+00:00
TEAMLEASE,2026-06-30,2026-07-15,31.11,6.95,47.8,68.86,nse,2026-07-26T16:06:12.417445+00:00
TECHM,2026-06-30,2026-07-21,34.97,18.66,36.92,65.03,nse,2026-07-26T16:06:14.211007+00:00
TECHNOE,2026-06-30,2026-07-17,56.92,8.08,21.6,43.08,nse,2026-07-26T16:06:14.897088+00:00
TEGA,2026-06-30,2026-07-20,67.5,2.8,18.68,32.5,nse,2026-07-26T16:06:15.859674+00:00
TEJASNET,2026-06-30,2026-07-21,53.33,5.82,4.04,46.56,nse,2026-07-26T16:06:17.060297+00:00
TEMBO,2026-07-22,2026-07-24,39.04,8.25,1.56,60.96,nse,2026-07-26T16:06:17.626180+00:00
TERASOFT,2026-06-30,2026-07-15,47.53,0.0,0.0,52.47,nse,2026-07-26T16:06:18.156199+00:00
TESTIE,2026-03-31,,59.0,0.0,1.5,39.5,test,2026-07-26T10:23:24.676119+00:00
TESTIE,2025-12-31,,60.0,0.0,0.0,40.0,test,2026-07-26T10:23:24.676119+00:00
TEXINFRA,2026-06-30,2026-07-15,66.55,1.71,2.26,33.45,nse,2026-07-26T16:06:18.704352+00:00
TEXRAIL,2026-06-30,2026-07-19,48.34,5.01,5.13,51.66,nse,2026-07-26T16:06:19.357541+00:00
TFCILTD,2026-06-30,2026-07-10,3.85,5.46,0.0,96.15,nse,2026-07-26T16:06:19.936386+00:00
TFL,2026-06-30,2026-07-18,53.99,,,46.01,nse,2026-07-21T22:01:40.469432+00:00
TFL,2026-03-31,2026-04-20,53.99,,,46.01,nse,2026-07-21T22:01:40.469432+00:00
TFL,2025-12-31,2026-01-21,54.84,,,45.16,nse,2026-07-21T22:01:40.469432+00:00
TFL,2025-09-30,2025-10-17,56.0,,,44.0,nse,2026-07-21T22:01:40.469432+00:00
TGBHOTELS,2026-06-30,2026-07-13,31.23,,,68.77,nse,2026-07-26T16:06:20.506206+00:00
TGBHOTELS,2026-03-31,2026-04-10,31.23,,,68.77,nse,2026-07-21T22:01:40.238711+00:00
TGBHOTELS,2025-12-31,2026-01-17,31.23,,,68.77,nse,2026-07-21T22:01:40.238711+00:00
TGBHOTELS,2025-09-30,2025-10-09,31.23,,,68.77,nse,2026-07-21T22:01:40.238711+00:00
THEINVEST,2026-06-30,2026-07-20,72.12,6.55,,27.88,nse,2026-07-26T16:06:21.201219+00:00
THEJO,2026-06-30,2026-07-15,53.61,0.85,3.38,46.39,nse,2026-07-26T16:06:21.770537+00:00
THELEELA,2026-06-30,2026-07-17,75.91,7.87,11.52,24.09,nse,2026-07-26T16:06:22.290054+00:00
THEMISMED,2026-06-30,2026-07-21,67.11,0.01,0.01,32.89,nse,2026-07-26T16:06:22.872687+00:00
THERMAX,2026-06-30,2026-07-16,61.98,11.46,15.22,32.56,nse,2026-07-26T16:06:24.388630+00:00
THOMASCOOK,2026-06-30,2026-07-16,64.77,6.18,6.53,34.29,nse,2026-07-26T16:06:25.087918+00:00
THOMASCOTT,2026-06-30,2026-07-18,52.32,0.04,2.45,47.68,nse,2026-07-26T16:06:25.725948+00:00
THYROCARE,2026-06-30,2026-07-14,60.92,5.44,20.92,39.08,nse,2026-07-26T16:06:26.242508+00:00
TI,2026-06-30,2026-07-21,31.68,16.88,6.27,68.32,nse,2026-07-26T16:06:26.816560+00:00
TICL,2026-06-30,2026-07-14,83.05,0.1,,16.95,nse,2026-07-26T16:06:27.500077+00:00
TIIL,2026-06-30,2026-07-08,74.75,0.4,7.19,25.25,nse,2026-07-26T16:06:28.300732+00:00
TIINDIA,2026-06-30,2026-07-21,43.93,22.34,21.02,56.07,nse,2026-07-26T16:06:30.906836+00:00
TIL,2026-07-09,2026-07-23,61.3,2.65,3.82,38.7,nse,2026-07-26T16:06:31.562901+00:00
TIMETECHNO,2026-06-30,2026-07-21,47.56,8.53,17.57,52.44,nse,2026-07-26T16:06:32.194301+00:00
TIPSFILMS,2026-06-30,2026-07-09,74.98,0.05,,25.02,nse,2026-07-26T16:06:32.894579+00:00
TIPSMUSIC,2026-06-30,2026-07-09,64.15,7.99,5.36,35.85,nse,2026-07-26T16:06:33.545185+00:00
TIRUMALCHM,2026-06-30,2026-07-21,37.13,1.46,10.07,62.87,nse,2026-07-26T16:06:34.153407+00:00
TITAGARH,2026-06-30,2026-07-09,40.46,10.87,15.39,59.54,nse,2026-07-26T16:06:34.759209+00:00
TITAN,2026-06-30,2026-07-16,52.9,15.38,15.34,47.05,nse,2026-07-26T16:06:40.230518+00:00
TNPETRO,2026-06-30,2026-07-20,34.54,11.11,0.0,65.46,nse,2026-07-26T16:06:40.765072+00:00
TNPL,2026-06-30,2026-07-13,35.32,5.01,9.54,64.68,nse,2026-07-26T12:59:52.796105+00:00
TNTELE,2026-06-30,2026-07-21,63.63,,11.42,36.37,nse,2026-07-26T16:06:41.386449+00:00
TNTELE,2026-03-31,2026-04-21,63.63,,11.42,36.37,nse,2026-07-21T21:59:40.526900+00:00
TNTELE,2025-12-31,2026-01-21,63.65,,11.42,36.35,nse,2026-07-21T21:59:40.526900+00:00
TNTELE,2025-09-30,2025-10-21,63.63,,11.86,36.37,nse,2026-07-21T21:59:40.526900+00:00
TOKYOPLAST,2026-06-30,2026-07-18,68.89,,,31.11,nse,2026-07-21T22:01:45.774890+00:00
TOKYOPLAST,2026-03-31,2026-04-14,68.82,,,31.18,nse,2026-07-21T22:01:45.774890+00:00
TOKYOPLAST,2025-12-31,2026-01-19,68.8,,,31.2,nse,2026-07-21T22:01:45.774890+00:00
TOKYOPLAST,2025-09-30,2025-10-17,68.18,,,31.82,nse,2026-07-21T22:01:45.774890+00:00
TORNTPHARM,2026-07-20,2026-07-20,60.78,17.97,12.87,39.22,nse,2026-07-26T16:06:42.497289+00:00
TORNTPOWER,2026-06-30,2026-07-21,51.09,8.52,22.68,48.91,nse,2026-07-26T16:06:43.232323+00:00
TOTAL,2026-06-30,2026-07-17,49.74,,,50.26,nse,2026-07-21T22:01:45.775363+00:00
TOTAL,2026-03-31,2026-04-17,49.74,,,50.26,nse,2026-07-21T22:01:45.775363+00:00
TOTAL,2025-12-31,2026-01-20,48.23,,,51.77,nse,2026-07-21T22:01:45.775363+00:00
TOTAL,2025-09-30,2025-10-17,48.23,,,51.77,nse,2026-07-21T22:01:45.775363+00:00
TOUCHWOOD,2026-06-30,2026-07-14,62.89,,2.38,37.11,nse,2026-07-21T22:01:43.244745+00:00
TOUCHWOOD,2026-03-31,2026-04-14,62.89,,2.38,37.11,nse,2026-07-21T22:01:43.244745+00:00
TOUCHWOOD,2025-12-31,2026-01-13,62.89,,1.99,37.11,nse,2026-07-21T22:01:43.244745+00:00
TOUCHWOOD,2025-09-30,2025-10-14,62.89,,1.33,37.11,nse,2026-07-21T22:01:43.244745+00:00
TPHQ,2026-06-30,2026-07-15,26.48,,0.0,73.52,nse,2026-07-26T16:06:43.818620+00:00
TPHQ,2026-03-31,2026-04-21,26.48,,0.0,73.52,nse,2026-07-21T22:01:42.564650+00:00
TPHQ,2025-12-31,2026-01-13,26.48,,0.0,73.52,nse,2026-07-21T22:01:42.564650+00:00
TPHQ,2025-09-30,2025-10-17,26.48,,0.0,73.52,nse,2026-07-21T22:01:42.564650+00:00
TPLPLASTEH,2026-06-30,2026-07-18,74.86,0.47,0.04,25.14,nse,2026-07-26T16:06:44.532616+00:00
TRANSRAILL,2026-06-30,2026-07-20,71.12,2.49,6.52,28.88,nse,2026-07-26T16:06:45.209520+00:00
TRANSWORLD,2026-06-30,2026-07-17,70.44,,,29.56,nse,2026-07-26T16:06:45.803602+00:00
TRAVELFOOD,2026-06-30,2026-07-21,86.19,1.64,10.02,13.81,nse,2026-07-26T16:06:49.347971+00:00
TREEHOUSE,2026-06-30,2026-07-21,24.56,7.14,,75.44,nse,2026-07-26T16:06:49.937866+00:00
TREEHOUSE,2026-03-31,2026-04-14,24.56,7.14,0.0,75.44,nse,2026-07-21T22:01:41.388381+00:00
TREEHOUSE,2025-12-31,2026-01-13,23.54,7.14,,76.46,nse,2026-07-21T22:01:41.388381+00:00
TREEHOUSE,2025-09-30,2025-10-17,22.29,7.14,,77.71,nse,2026-07-21T22:01:41.388381+00:00
TREJHARA,2026-06-30,2026-07-15,33.87,0.01,,66.13,nse,2026-07-26T16:06:50.650896+00:00
TREL,2026-06-30,2026-07-21,71.36,5.85,1.34,28.64,nse,2026-07-26T16:06:51.518452+00:00
TRENT,2026-06-30,2026-07-14,37.01,15.14,23.27,62.99,nse,2026-07-26T16:06:56.812004+00:00
TRF,2026-06-30,2026-07-21,34.12,0.3,0.02,65.88,nse,2026-07-26T16:06:58.304544+00:00
TRIDENT,2026-06-30,2026-07-17,73.68,3.17,0.25,26.32,nse,2026-07-26T16:06:58.995613+00:00
TRIGYN,2026-06-30,2026-07-20,44.51,0.12,0.01,55.49,nse,2026-07-26T16:07:00.028866+00:00
TRITURBINE,2026-06-30,2026-07-16,55.84,20.58,15.98,44.16,nse,2026-07-26T16:07:00.993456+00:00
TRIVENI,2026-06-30,2026-07-21,60.58,7.69,7.64,39.42,nse,2026-07-26T12:59:53.212886+00:00
TRU,2026-06-30,2026-07-14,30.96,5.02,0.99,69.04,nse,2026-07-26T16:07:01.707044+00:00
TRU,2026-03-31,2026-04-17,30.96,5.19,0.99,69.04,nse,2026-07-21T22:01:42.208898+00:00
TRU,2025-12-31,2026-01-16,30.96,5.19,0.99,69.04,nse,2026-07-21T22:01:42.208898+00:00
TRU,2025-09-30,2025-10-17,30.96,5.22,0.99,69.04,nse,2026-07-21T22:01:42.208898+00:00
TTKHLTCARE,2026-06-30,2026-07-20,74.56,1.86,2.19,25.44,nse,2026-07-26T16:07:03.123233+00:00
TTKPRESTIG,2026-06-30,2026-07-13,70.52,7.85,14.7,29.48,nse,2026-07-26T16:07:03.787762+00:00
TTL,2026-06-30,2026-07-16,51.11,,0.0,48.89,nse,2026-07-26T16:07:04.701043+00:00
TTML,2026-06-30,2026-07-21,74.36,2.52,0.18,25.64,nse,2026-07-26T16:07:09.431297+00:00
TVSELECT,2026-06-30,2026-07-20,59.77,0.35,0.03,40.23,nse,2026-07-26T16:07:10.320203+00:00
TVSHLTD,2026-06-30,2026-07-18,74.45,3.25,9.78,25.55,nse,2026-07-26T16:07:11.346519+00:00
TVSMOTOR,2026-06-30,2026-07-20,50.27,20.45,21.13,49.71,nse,2026-07-26T16:07:12.161427+00:00
TVSSCS,2026-06-30,2026-07-20,43.03,2.38,2.17,56.97,nse,2026-07-26T16:07:13.010668+00:00
TVSSRICHAK,2026-06-30,2026-07-10,45.7,0.92,6.18,54.3,nse,2026-07-26T16:07:13.704260+00:00
TVVISION,2026-06-30,2026-07-17,32.2,0.0,5.95,67.8,nse,2026-07-26T16:07:14.813963+00:00
UBL,2026-06-30,2026-07-17,70.83,4.88,17.78,29.17,nse,2026-07-26T16:07:15.657050+00:00
UCAL,2026-06-30,2026-07-15,70.28,,0.01,29.72,nse,2026-07-26T16:07:16.426857+00:00
UCOBANK,2026-06-30,2026-07-08,90.95,0.06,4.31,9.05,nse,2026-07-26T16:07:17.025164+00:00
UDS,2026-06-30,2026-07-16,59.09,3.51,9.41,40.91,nse,2026-07-26T16:07:17.668440+00:00
UFLEX,2026-06-30,2026-07-17,44.58,10.03,0.6,55.42,nse,2026-07-26T16:07:18.652484+00:00
UFO,2026-06-30,2026-07-15,16.46,0.93,24.21,83.54,nse,2026-07-26T16:07:19.507919+00:00
UGARSUGAR,2026-06-30,2026-07-16,44.54,0.09,,55.46,nse,2026-07-26T16:07:20.413483+00:00
UGROCAP,2026-06-30,2026-07-10,2.88,5.45,1.85,95.52,nse,2026-07-26T16:07:21.664556+00:00
UJJIVANSFB,2026-06-30,2026-07-09,0.0,16.81,33.45,100.0,nse,2026-07-26T16:07:22.286858+00:00
ULTRACEMCO,2026-06-30,2026-07-15,59.33,12.86,19.69,40.5,nse,2026-07-26T16:07:23.350240+00:00
UMAEXPORTS,2026-06-30,2026-07-13,70.9,,,29.1,nse,2026-07-21T22:01:59.232668+00:00
UMAEXPORTS,2026-03-31,2026-04-10,72.51,,,27.49,nse,2026-07-21T22:01:59.232668+00:00
UMAEXPORTS,2025-12-31,2026-01-09,72.51,,,27.49,nse,2026-07-21T22:01:59.232668+00:00
UMAEXPORTS,2025-09-30,2025-10-17,72.51,0.02,,27.49,nse,2026-07-21T22:01:59.232668+00:00
UNICHEMLAB,2026-06-30,2026-07-14,70.22,0.9,10.46,29.78,nse,2026-07-26T16:07:24.034409+00:00
UNIECOM,2026-06-30,2026-07-21,36.02,0.02,2.38,63.98,nse,2026-07-26T16:07:24.842625+00:00
UNIENTER,2026-06-30,2026-07-20,73.79,15.82,0.0,26.21,nse,2026-07-26T16:07:26.033298+00:00
UNIONBANK,2026-06-30,2026-07-20,74.76,8.63,11.98,25.24,nse,2026-07-26T16:07:26.563488+00:00
UNIPARTS,2026-06-30,2026-07-21,65.88,3.38,4.94,34.04,nse,2026-07-26T16:07:27.483678+00:00
UNITDSPR,2026-06-30,2026-07-17,56.67,12.89,17.15,43.33,nse,2026-07-26T16:07:28.219980+00:00
UNITECH,2026-06-30,2026-07-17,5.13,0.47,0.75,94.87,nse,2026-07-26T16:07:29.071449+00:00
UNITEDTEA,2026-06-30,2026-07-18,49.86,0.0,3.58,50.14,nse,2026-07-26T16:07:29.772053+00:00
UNIVCABLES,2026-06-30,2026-07-17,61.89,1.11,3.31,38.11,nse,2026-07-26T16:07:30.652684+00:00
UNIVPHOTO,2026-06-30,2026-07-18,74.55,,0.0,25.45,nse,2026-07-26T16:07:31.372779+00:00
UNOMINDA,2026-06-30,2026-07-18,68.36,8.15,17.53,31.64,nse,2026-07-26T16:07:32.670660+00:00
UPL,2026-06-30,2026-07-20,33.51,43.71,14.32,66.49,nse,2026-07-26T16:07:34.027356+00:00
URBANCO,2026-06-30,2026-07-21,19.02,55.29,11.43,76.46,nse,2026-07-26T16:07:35.323005+00:00
URJA,2026-06-30,2026-07-17,17.37,0.02,0.0,82.63,nse,2026-07-26T16:07:35.974642+00:00
USHAMART,2026-06-30,2026-07-20,40.28,15.1,15.26,59.6,nse,2026-07-26T16:07:36.978257+00:00
UTIAMC,2026-06-30,2026-07-17,0.0,6.89,59.61,100.0,nse,2026-07-26T16:07:37.555284+00:00
UTKARSHBNK,2026-06-30,2026-07-18,42.67,11.9,9.55,57.33,nse,2026-07-26T16:07:38.157563+00:00
UTTAMSUGAR,2026-06-30,2026-07-15,74.71,0.04,,25.29,nse,2026-07-26T16:07:38.922382+00:00
V2RETAIL,2026-06-30,2026-07-17,51.43,3.11,10.65,48.57,nse,2026-07-26T16:07:39.564914+00:00
VADILALIND,2026-06-30,2026-07-14,64.73,1.02,1.26,35.27,nse,2026-07-26T16:07:40.320350+00:00
VAIBHAVGBL,2026-06-30,2026-07-20,57.33,16.65,2.22,42.64,nse,2026-07-26T16:07:41.027282+00:00
VALIANTLAB,2026-06-30,2026-07-17,74.94,0.0,0.0,25.06,nse,2026-07-26T16:07:41.643651+00:00
VALIANTORG,2026-06-30,2026-07-18,37.87,0.21,,62.13,nse,2026-07-26T16:07:42.388006+00:00
VARDHACRLC,2026-06-30,2026-07-09,74.97,0.03,,25.03,nse,2026-07-26T16:07:42.945462+00:00
VARROC,2026-06-30,2026-07-08,75.0,4.29,11.18,25.0,nse,2026-07-26T16:07:43.679769+00:00
VASCONEQ,2026-06-30,2026-07-21,30.38,0.33,,69.62,nse,2026-07-26T16:07:44.365273+00:00
VBL,2026-06-30,2026-07-13,59.43,19.03,15.21,40.57,nse,2026-07-26T16:07:45.643863+00:00
VEDL,2026-06-30,2026-07-20,54.72,15.77,10.83,45.12,nse,2026-07-26T16:07:46.438621+00:00
VEEDOL,2026-06-30,2026-07-08,64.58,1.02,1.16,32.95,nse,2026-07-26T16:07:47.350060+00:00
VENTIVE,2026-06-30,2026-07-21,88.98,1.21,5.21,11.02,nse,2026-07-26T16:07:48.691961+00:00
VENUSPIPES,2026-06-30,2026-07-20,48.41,2.63,17.81,51.59,nse,2026-07-26T16:07:49.538265+00:00
VERANDA,2026-06-30,2026-07-20,33.75,2.83,0.56,66.25,nse,2026-07-26T16:07:50.474454+00:00
VESUVIUS,2026-06-30,2026-07-20,55.57,4.56,22.03,44.43,nse,2026-07-26T16:07:51.157362+00:00
VGUARD,2026-06-30,2026-07-16,53.22,12.01,23.24,46.78,nse,2026-07-26T16:07:51.791351+00:00
VHL,2026-06-30,2026-07-09,74.9,0.05,0.07,25.1,nse,2026-07-26T16:07:52.543737+00:00
VHLTD,2026-06-30,2026-07-17,84.11,,0.04,15.89,nse,2026-07-26T16:07:53.295289+00:00
VIJAYA,2026-06-30,2026-07-17,52.47,11.65,31.58,47.53,nse,2026-07-26T16:07:54.039262+00:00
VIJIFIN,2026-07-10,2026-07-15,35.49,,0.19,64.51,nse,2026-07-26T16:07:54.602126+00:00
VIKASECO,2026-03-31,2026-04-11,10.65,0.0,0.0,89.35,nse,2026-07-26T16:07:55.222671+00:00
VIKASLIFE,2026-03-31,2026-04-11,14.2,0.26,0.0,85.8,nse,2026-07-26T16:07:55.953431+00:00
VIKRAMSOLR,2026-06-30,2026-07-16,63.01,3.37,4.03,36.99,nse,2026-07-26T16:07:57.055902+00:00
VIKRAN,2026-06-30,2026-07-21,56.27,1.27,5.74,43.73,nse,2026-07-26T16:07:57.759901+00:00
VIMTALABS,2026-06-30,2026-07-20,35.67,4.42,0.37,64.33,nse,2026-07-26T16:07:58.426830+00:00
VINATIORGA,2026-06-30,2026-07-15,74.28,3.65,9.2,25.72,nse,2026-07-26T16:07:58.996747+00:00
VINCOFE,2026-06-30,2026-07-18,34.65,5.38,9.59,65.35,nse,2026-07-26T16:07:59.543040+00:00
VINDHYATEL,2026-06-30,2026-07-16,43.54,1.4,8.31,56.46,nse,2026-07-26T16:08:00.412477+00:00
VINEETLAB,2026-03-31,2026-04-21,5.98,0.36,,94.02,nse,2026-07-21T21:59:50.011338+00:00
VINEETLAB,2026-02-02,2026-02-02,5.98,,,94.02,nse,2026-07-21T21:59:50.011338+00:00
VINEETLAB,2025-12-31,2026-01-16,12.46,,,87.54,nse,2026-07-21T21:59:50.011338+00:00
VINEETLAB,2025-09-30,2025-10-18,15.89,,,84.11,nse,2026-07-21T21:59:50.011338+00:00
VINNY,2026-06-30,2026-07-17,39.66,,,60.34,nse,2026-07-21T22:01:52.521273+00:00
VINNY,2026-03-31,2026-04-10,39.27,,,60.73,nse,2026-07-21T22:01:52.521273+00:00
VINNY,2025-12-31,2026-01-20,38.27,,,61.73,nse,2026-07-21T22:01:52.521273+00:00
VINNY,2025-09-30,2025-10-14,36.89,,,63.11,nse,2026-07-21T22:01:52.521273+00:00
VINYLINDIA,2026-06-30,2026-07-20,50.41,0.0,0.05,49.59,nse,2026-07-26T16:08:01.022752+00:00
VIPIND,2026-06-30,2026-07-18,42.35,5.17,16.63,57.65,nse,2026-07-26T16:08:01.556122+00:00
VISAKAIND,2026-06-30,2026-07-17,53.4,0.03,0.15,46.6,nse,2026-07-26T16:08:02.093118+00:00
VISHNU,2026-06-30,2026-07-10,69.21,2.51,5.94,30.79,nse,2026-07-26T16:08:02.633560+00:00
VLSFINANCE,2026-06-30,2026-07-17,56.38,1.26,0.03,43.62,nse,2026-07-26T16:08:03.616866+00:00
VMART,2026-06-30,2026-07-20,44.15,16.47,30.9,55.85,nse,2026-07-26T16:08:04.854712+00:00
VMM,2026-06-30,2026-07-09,40.09,20.43,34.8,59.91,nse,2026-07-26T16:08:05.525570+00:00
VOLTAMP,2026-06-30,2026-07-15,30.0,21.53,33.85,70.0,nse,2026-07-26T16:08:06.090448+00:00
VOLTAS,2026-06-30,2026-07-21,30.3,16.94,39.05,69.7,nse,2026-07-26T16:08:11.127026+00:00
VSSL,2026-06-30,2026-07-09,51.06,0.55,3.27,48.94,nse,2026-07-26T16:08:11.779739+00:00
VSTIND,2026-06-30,2026-07-09,32.16,1.79,6.03,67.65,nse,2026-07-26T16:08:12.470449+00:00
VSTL,2026-06-30,2026-07-03,74.74,0.15,,25.26,nse,2026-07-26T16:08:13.032648+00:00
VSTTILLERS,2026-06-30,2026-07-20,55.55,1.21,19.96,44.45,nse,2026-07-26T16:08:13.719231+00:00
VTL,2026-06-30,2026-07-09,65.08,6.07,14.69,34.92,nse,2026-07-26T16:08:14.373433+00:00
WAAREEENER,2026-06-30,2026-07-08,64.12,8.57,4.08,35.88,nse,2026-07-26T16:08:15.452462+00:00
WAAREEINDO,2026-06-30,2026-07-21,74.93,0.55,0.06,25.07,nse,2026-07-26T16:08:15.998907+00:00
WAAREERTL,2026-06-30,2026-07-21,74.32,1.98,0.09,25.68,nse,2026-07-26T16:08:16.856104+00:00
WABAG,2026-06-30,2026-07-21,19.08,18.26,6.33,80.92,nse,2026-07-26T16:08:17.422957+00:00
WALCHANNAG,2026-06-30,2026-07-21,31.59,2.38,0.5,68.41,nse,2026-07-26T16:08:18.140001+00:00
WCIL,2026-06-30,2026-07-17,73.03,0.0,4.75,26.97,nse,2026-07-26T16:08:19.052544+00:00
WEBELSOLAR,2026-06-30,2026-07-15,29.72,3.74,0.43,70.28,nse,2026-07-26T16:08:19.689629+00:00
WEIZMANIND,2026-06-30,2026-07-15,68.34,,,31.66,nse,2026-07-26T16:08:20.581918+00:00
WEL,2026-06-30,2026-07-15,71.79,10.98,,28.21,nse,2026-07-26T16:08:21.238952+00:00
WELCORP,2026-06-30,2026-07-20,49.73,14.61,19.95,50.24,nse,2026-07-26T16:08:23.139158+00:00
WELENT,2026-06-30,2026-07-20,56.13,3.91,9.25,41.85,nse,2026-07-26T16:08:25.295593+00:00
WELINV,2026-06-30,2026-07-21,74.58,,0.1,25.42,nse,2026-07-26T16:08:27.340792+00:00
WELSPUNLIV,2026-06-30,2026-07-21,66.36,5.21,11.38,33.29,nse,2026-07-26T16:08:29.326865+00:00
WENDT,2026-06-30,2026-07-21,37.5,1.16,11.97,62.5,nse,2026-07-26T16:08:30.027359+00:00
WESTLIFE,2026-06-30,2026-07-20,56.4,6.93,28.31,43.08,nse,2026-07-26T16:08:30.853325+00:00
WEWIN,2026-06-30,2026-07-15,70.96,,,29.04,nse,2026-07-21T22:01:56.600333+00:00
WEWIN,2026-03-31,2026-04-13,70.96,,,29.04,nse,2026-07-21T22:01:56.600333+00:00
WEWIN,2025-12-31,2026-01-15,70.9,,,29.1,nse,2026-07-21T22:01:56.600333+00:00
WEWIN,2025-09-30,2025-10-13,70.9,,,29.1,nse,2026-07-21T22:01:56.600333+00:00
WHEELS,2026-06-30,2026-07-15,58.31,1.98,6.39,41.69,nse,2026-07-26T16:08:31.602891+00:00
WHIRLPOOL,2026-06-30,2026-07-21,39.76,12.48,34.18,60.24,nse,2026-07-26T16:08:32.313380+00:00
WILLAMAGOR,2026-06-30,2026-07-20,62.01,,0.06,37.99,nse,2026-07-21T22:01:57.043084+00:00
WILLAMAGOR,2026-03-31,2026-04-16,62.01,,0.06,37.99,nse,2026-07-21T22:01:57.043084+00:00
WILLAMAGOR,2025-12-31,2026-01-12,62.01,,0.06,37.99,nse,2026-07-21T22:01:57.043084+00:00
WILLAMAGOR,2025-09-30,2025-10-21,62.01,,0.06,37.99,nse,2026-07-21T22:01:57.043084+00:00
WINDMACHIN,2026-06-30,2026-07-07,42.95,2.31,0.73,57.05,nse,2026-07-26T16:08:33.035230+00:00
WIPL,2026-06-30,2026-07-15,37.88,,2.67,62.12,nse,2026-07-26T16:08:33.890685+00:00
WIPRO,2026-06-30,2026-07-14,72.59,11.14,5.22,27.29,nse,2026-07-26T16:08:34.499162+00:00
WOCKPHARMA,2026-06-30,2026-07-21,49.08,7.22,9.24,50.92,nse,2026-07-26T16:08:35.263164+00:00
WONDERLA,2026-06-30,2026-07-08,62.22,4.2,11.27,37.78,nse,2026-07-26T16:08:35.978291+00:00
WSI,2026-06-30,2026-07-15,51.67,13.53,0.09,48.33,nse,2026-07-26T16:08:36.854002+00:00
WSTCSTPAPR,2026-06-30,2026-07-14,56.58,2.58,13.63,43.42,nse,2026-07-26T16:08:37.564710+00:00
XCHANGING,2026-06-30,2026-07-21,75.0,0.03,0.18,25.0,nse,2026-07-26T16:08:38.116938+00:00
XPROINDIA,2026-06-30,2026-07-15,40.31,13.81,2.94,59.69,nse,2026-07-26T16:08:39.462407+00:00
YASHO,2026-06-30,2026-07-13,67.94,5.74,2.21,32.06,nse,2026-07-26T16:08:40.296734+00:00
YATRA,2026-06-30,2026-07-17,62.66,4.95,11.29,37.34,nse,2026-07-26T16:08:41.003534+00:00
YESBANK,2026-06-30,2026-07-21,0.0,46.12,24.05,100.0,nse,2026-07-26T16:08:41.599666+00:00
ZAGGLE,2026-06-30,2026-07-21,44.3,2.31,5.43,55.7,nse,2026-07-26T16:08:42.338113+00:00
ZEEL,2026-06-30,2026-07-20,3.99,20.12,7.92,96.01,nse,2026-07-26T16:08:43.468096+00:00
ZEELEARN,2026-06-30,2026-07-20,14.98,6.51,0.3,85.02,nse,2026-07-26T16:08:44.268208+00:00
ZEEMEDIA,2026-06-30,2026-07-20,9.04,19.75,4.12,90.96,nse,2026-07-26T16:08:45.285225+00:00
ZENITHSTL,2026-06-30,2026-07-18,15.64,,0.02,84.36,nse,2026-07-21T22:01:56.058436+00:00
ZENITHSTL,2026-03-31,2026-04-16,15.64,,0.02,84.36,nse,2026-07-21T22:01:56.058436+00:00
ZENITHSTL,2025-12-31,2026-01-21,15.64,,0.02,84.36,nse,2026-07-21T22:01:56.058436+00:00
ZENITHSTL,2025-09-30,2025-10-28,15.64,,0.02,84.36,nse,2026-07-21T22:01:56.058436+00:00
ZENSARTECH,2026-06-30,2026-07-16,48.99,10.73,21.99,50.66,nse,2026-07-26T16:08:46.077459+00:00
ZENTEC,2026-06-30,2026-07-16,48.51,6.46,10.41,51.1,nse,2026-07-26T16:08:46.667020+00:00
ZFCVINDIA,2026-06-30,2026-07-20,60.0,5.93,25.45,40.0,nse,2026-07-26T16:08:47.352487+00:00
ZIMLAB,2026-06-30,2026-07-17,30.36,0.03,1.33,69.64,nse,2026-07-26T16:08:48.023216+00:00
ZODIAC,2026-06-30,2026-07-20,69.97,0.14,0.2,30.03,nse,2026-07-26T16:08:48.834201+00:00
ZODIACLOTH,2026-06-30,2026-07-08,72.93,,,27.07,nse,2026-07-26T16:08:49.508278+00:00
ZUARI,2026-06-30,2026-07-10,65.21,2.34,0.1,34.79,nse,2026-07-26T16:08:50.117009+00:00
ZUARIIND,2026-06-30,2026-07-17,56.71,1.1,1.21,43.29,nse,2026-07-26T16:08:50.879087+00:00
ZYDUSLIFE,2026-06-30,2026-07-11,75.01,6.88,11.27,24.99,nse,2026-07-26T16:08:51.644541+00:00
ZYDUSWELL,2026-06-30,2026-07-16,69.64,3.32,19.14,30.36,nse,2026-07-26T16:08:53.081547+00:00
