ticker,quarter_end,holder_name,holder_pct,category,fetched_at
20MICRONS,2026-06-30,RAMESHBHAI BALDEVBHAI PATEL,2.1,Individual,2026-07-26T12:32:24.833924+00:00
20MICRONS,2026-06-30,BASAVA SANKARARAO KOLLI,1.76,Individual,2026-07-26T12:32:24.833924+00:00
20MICRONS,2026-06-30,RISHABH PANT,1.08,Individual,2026-07-26T12:32:24.833924+00:00
20MICRONS,2026-06-30,SHRUTI LODHA,1.02,Individual,2026-07-26T12:32:24.833924+00:00
21STCENMGM,2026-06-30,PANNA LAL BHANSALI,1.01,Individual,2026-07-26T12:32:25.518604+00:00
360ONE,2026-06-30,Nirmal Bhanwarlal Jain,3.85,Individual,2026-07-26T12:32:26.845075+00:00
3PLAND,2026-06-30,MANJU GAGGAR,4.52,Individual,2026-07-26T12:32:28.943423+00:00
63MOONS,2026-06-30,RAVI KANAIYALAL SHETH,7.19,Individual,2026-07-26T12:32:30.403453+00:00
63MOONS,2026-06-30,NIRJA BHARAT SHETH,2.74,Individual,2026-07-26T12:32:30.403453+00:00
63MOONS,2026-06-30,CHANDRIKABEN MAGANLAL PANDYA,1.19,Individual,2026-07-26T12:32:30.403453+00:00
63MOONS,2026-06-30,RAVI K SHETH,1.15,Individual,2026-07-26T12:32:30.403453+00:00
A2ZINFRA,2026-06-30,JANE SEQUEIRA PINTO,4.03,Individual,2026-07-26T12:32:31.265767+00:00
A2ZINFRA,2026-06-30,RANVEER KUMAR BADSHAH,3.29,Individual,2026-07-26T12:32:31.265767+00:00
AARTIPHARM,2026-06-30,Nishant Pradip Shah,1.1,Individual,2026-07-26T12:32:35.397735+00:00
AARTISURF,2026-06-30,Nishant Pradip Shah,1.21,Individual,2026-07-26T12:32:36.225708+00:00
AARTISURF,2026-06-30,Pradeep Kumar Sonthalia,1.11,Individual,2026-07-26T12:32:36.225708+00:00
AARVI,2026-06-30,JAIDEEP SAMPAT,1.45,Individual,2026-07-26T12:32:37.054429+00:00
ABCOTS,2026-06-30,Govind Aggarwal,3.4,Individual,2026-07-26T12:32:41.399876+00:00
ABCOTS,2026-06-30,Shyam Lal Mittal,3.4,Individual,2026-07-26T12:32:41.399876+00:00
ABCOTS,2026-06-30,Krishan Kumar,3.29,Individual,2026-07-26T12:32:41.399876+00:00
ABCOTS,2026-06-30,Ishwar Chand,3.27,Individual,2026-07-26T12:32:41.399876+00:00
ABCOTS,2026-06-30,Tarun Aggarwal,2.99,Individual,2026-07-26T12:32:41.399876+00:00
ABCOTS,2026-06-30,Mukesh Mittal,2.8,Individual,2026-07-26T12:32:41.399876+00:00
ABCOTS,2026-06-30,Mrinaal Mittal,1.74,Individual,2026-07-26T12:32:41.399876+00:00
ABCOTS,2026-06-30,Vasu Garg,1.13,Individual,2026-07-26T12:32:41.399876+00:00
ABFRL,2026-06-30,Sachin Bansal,1.4,Individual,2026-07-26T12:31:21.620677+00:00
ABINFRA,2026-06-30,HITESH NATWARLAL KAWA,6.16,Individual,2026-07-26T12:32:43.077075+00:00
ABINFRA,2026-06-30,HARSHAD RASIKLAL SHETH,3.99,Individual,2026-07-26T12:32:43.077075+00:00
ABINFRA,2026-06-30,YOGESHKUMAR RASIKLAL SANGHAVI,3.95,Individual,2026-07-26T12:32:43.077075+00:00
ABINFRA,2026-06-30,SADASHIV KANYANA SHETTY,2.45,Individual,2026-07-26T12:32:43.077075+00:00
ABINFRA,2026-06-30,BIJAL KAUSHIK GANDHI,2.25,Individual,2026-07-26T12:32:43.077075+00:00
ABINFRA,2026-06-30,KAUSHIK HASMUKHLAL GANDHI,2.19,Individual,2026-07-26T12:32:43.077075+00:00
ABINFRA,2026-06-30,CHIRAG JITENDRA SHAH,2.15,Individual,2026-07-26T12:32:43.077075+00:00
ABINFRA,2026-06-30,NIMESH SAHADEO SINGH,2.05,Individual,2026-07-26T12:32:43.077075+00:00
ABINFRA,2026-06-30,AMIT RAJENDRA PRASAD AGARWAL,1.83,Individual,2026-07-26T12:32:43.077075+00:00
ABINFRA,2026-06-30,DARSHANA YOGESH SANGHAVI,1.25,Individual,2026-07-26T12:32:43.077075+00:00
ABINFRA,2026-06-30,HATIM HUSSAIN SAKERWALA,1.16,Individual,2026-07-26T12:32:43.077075+00:00
ABREL,2026-06-30,Hitesh Satishchandra Doshi,1.52,Individual,2026-07-26T12:32:44.574669+00:00
ACE,2026-06-30,CHANDER BHATIA,1.26,Individual,2026-07-26T12:37:13.886702+00:00
ACL,2026-06-30,VENKATARAMANA REDDY MALLELA,2.82,Individual,2026-07-26T12:37:15.504760+00:00
ACL,2026-06-30,RAVINDER REDDY KOTHA,1.3,Individual,2026-07-26T12:37:15.504760+00:00
ACL,2026-06-30,KRISHNA REDDY SAMMIDI,1.08,Individual,2026-07-26T12:37:15.504760+00:00
ACLGATI,2025-09-30,Mukul Mahavir Agrawal,4.76,Individual,2026-07-26T12:37:16.368817+00:00
ACUTAAS,2026-06-30,Dhwani Girishkumar Chovatia,3.35,Individual,2026-07-26T12:37:18.408676+00:00
ACUTAAS,2026-06-30,Vanaja Sundar Iyer,1.14,Individual,2026-07-26T12:37:18.408676+00:00
ADFFOODS,2026-06-30,Ashwin Kedia,1.14,Individual,2026-07-26T12:37:23.279843+00:00
ADL,2026-06-30,CHIRANJEEVI CHOWDARY YANAMADALA,3.72,Individual,2026-07-26T12:37:24.283625+00:00
ADL,2026-06-30,DUSHYANTH CHOWDARY YANAMADALA,3.69,Individual,2026-07-26T12:37:24.283625+00:00
ADL,2026-06-30,RAJESWARA RAO YANAMADALA,2.14,Individual,2026-07-26T12:37:24.283625+00:00
ADL,2026-06-30,MAHENDRA GIRDHARILAL WADHWANI,1.07,Individual,2026-07-26T12:37:24.283625+00:00
ADVANIHOTR,2026-06-30,RADHAKISHAN S DAMANI,4.18,Individual,2026-07-26T12:37:26.589830+00:00
ADVANIHOTR,2026-06-30,KAMAL SHYAMSUNDER KABRA,1.01,Individual,2026-07-26T12:37:26.589830+00:00
AEROENTER,2026-06-30,Yusuf M Kagzi,4.49,Individual,2026-07-26T12:37:30.982422+00:00
AEROENTER,2026-06-30,Lalit Jankilal Kabra,1.33,Individual,2026-07-26T12:37:30.982422+00:00
AEROENTER,2026-06-30,Jagdish N Master,1.24,Individual,2026-07-26T12:37:30.982422+00:00
AEROFLEX,2026-06-30,Ashish Kacholia,2.27,Individual,2026-07-26T12:37:31.768707+00:00
AERONEU,2026-06-30,Harsh Jasmin Ajmera,1.59,Individual,2026-07-26T12:37:32.549764+00:00
AERONEU,2026-06-30,Minal Manish Ajmera,1.16,Individual,2026-07-26T12:37:32.549764+00:00
AERONEU,2026-06-30,Rahul Gorwara,1.05,Individual,2026-07-26T12:37:32.549764+00:00
AFFORDABLE,2026-06-30,Vijay Kishanlal Kedia,7.01,Individual,2026-07-26T12:37:39.657999+00:00
AFFORDABLE,2026-06-30,Uttara Ravi Shah,1.06,Individual,2026-07-26T12:37:39.657999+00:00
AFIL,2026-06-30,SUBHASH PHOOTARMAL RATHOD,7.98,Individual,2026-07-26T12:37:40.516392+00:00
AFIL,2026-06-30,MANGALA SUBHASH RATHOD,2.06,Individual,2026-07-26T12:37:40.516392+00:00
AGI,2026-06-30,ASHISH DHAWAN,4.79,Individual,2026-07-26T12:37:44.047592+00:00
AGI,2026-06-30,SANJEEV VINODCHANDRA PAREKH,1.51,Individual,2026-07-26T12:37:44.047592+00:00
AGRITECH,2026-06-30,LUXMI KANT GUPTA,1.69,Individual,2026-07-26T12:37:44.794253+00:00
AGRITECH,2026-06-30,RAMESHKUMAR RAMVALLABH FOFALIA,1.36,Individual,2026-07-26T12:37:44.794253+00:00
AGRITECH,2026-06-30,BALKISHAN SHRIKISAN BALDAWA,1.21,Individual,2026-07-26T12:37:44.794253+00:00
AGRITECH,2026-06-30,MAHENDRA GIRDHARILAL WADHWANI,1.0,Individual,2026-07-26T12:37:44.794253+00:00
AHLADA,2026-06-30,SHARAD KANAYALAL SHAH,1.44,Individual,2026-07-26T12:37:45.630941+00:00
AHLADA,2026-06-30,BADDIGAM VENKATA REDDY,1.35,Individual,2026-07-26T12:37:45.630941+00:00
AHLADA,2026-06-30,MAHENDRA GIRDHARILAL WADHWANI,1.04,Individual,2026-07-26T12:37:45.630941+00:00
AHLEAST,2026-06-30,KAPIL AHUJA,1.32,Individual,2026-07-26T12:37:46.334447+00:00
AHLEAST,2026-06-30,SURENDER KUMAR GUPTA,1.28,Individual,2026-07-26T12:37:46.334447+00:00
AIIL,2026-06-30,VIVEK PRITHVIRAJ KOTHARI,1.59,Individual,2026-07-26T12:37:47.722646+00:00
AJMERA,2026-06-30,MUKUL MAHAVIR AGRAWAL,1.93,Individual,2026-07-26T12:39:55.313757+00:00
AKG,2026-06-30,SATINDER SINGH MANMOHAN SING OBEROI,2.52,Individual,2026-07-26T12:39:56.067392+00:00
AKG,2026-06-30,SONAL CHAUHAN,1.66,Individual,2026-07-26T12:39:56.067392+00:00
AKSHARCHEM,2026-06-30,Pravinaben Vora,1.55,Individual,2026-07-26T12:39:57.307856+00:00
ALKEM,2026-06-30,Kishor Kumar Singh,2.49,Individual,2026-07-26T12:40:04.200488+00:00
ALKEM,2026-06-30,Alok Kumar,2.31,Individual,2026-07-26T12:40:04.200488+00:00
ALKEM,2026-06-30,Ashok Kumar,2.25,Individual,2026-07-26T12:40:04.200488+00:00
ALKEM,2026-06-30,Deepak Kumar Singh,2.01,Individual,2026-07-26T12:40:04.200488+00:00
ALKEM,2026-06-30,Rajesh Kumar,1.41,Individual,2026-07-26T12:40:04.200488+00:00
ALKEM,2026-06-30,Rajeev Ranjan,1.24,Individual,2026-07-26T12:40:04.200488+00:00
ALLCARGO,2026-06-30,Mukul Mahavir Agrawal,2.94,Individual,2026-07-26T12:40:07.970282+00:00
ALLDIGI,2026-06-30,DHIRAJ O SACHDEV,1.5,Individual,2026-07-26T12:40:09.158533+00:00
ALMONDZ,2026-06-30,Santhana Rajagopalan Nandakumar,4.86,Individual,2026-07-26T12:40:11.769367+00:00
ALMONDZ,2026-06-30,Anil Vishanji Dedhia,2.29,Individual,2026-07-26T12:40:11.769367+00:00
ALMONDZ,2026-06-30,Subhash Phootarmal Rathod,1.95,Individual,2026-07-26T12:40:11.769367+00:00
ALMONDZ,2026-06-30,Dilipkumar Lakhi,1.75,Individual,2026-07-26T12:40:11.769367+00:00
AMBER,2026-06-30,AKASH BHANSHALI,1.15,Individual,2026-07-26T12:40:14.905999+00:00
AMDIND,2026-06-30,SANGEETHA S,4.49,Individual,2026-07-26T12:40:16.425292+00:00
AMDIND,2026-06-30,MORLIWALA DHARMESH DINESHBHAI,1.73,Individual,2026-07-26T12:40:16.425292+00:00
AMDIND,2026-06-30,ROOPABEN DHARMESHKUMAR MORLIWALA,1.32,Individual,2026-07-26T12:40:16.425292+00:00
AMDIND,2026-06-30,DIVYESH VIJAYKUMAR MORLIWALA,1.01,Individual,2026-07-26T12:40:16.425292+00:00
AMJLAND,2026-06-30,MANJU GAGGAR,2.87,Individual,2026-07-26T12:40:17.181590+00:00
AMJLAND,2026-06-30,GAURAV MANOCHA,1.28,Individual,2026-07-26T12:40:17.181590+00:00
ANGELONE,2026-06-30,Mukesh Ramanlal Gandhi,5.02,Individual,2026-07-26T12:40:21.306183+00:00
ANGELONE,2026-06-30,Deepak Tarachand Thakkar,2.86,Individual,2026-07-26T12:40:21.306183+00:00
ANGELONE,2026-06-30,Lalit Tarachand Thakkar,2.44,Individual,2026-07-26T12:40:21.306183+00:00
ANGELONE,2026-06-30,Anuradha Lalit Thakkar,2.3,Individual,2026-07-26T12:40:21.306183+00:00
ANGELONE,2026-06-30,Rahul Lalit Thakkar,2.18,Individual,2026-07-26T12:40:21.306183+00:00
ANGELONE,2026-06-30,Bela Mukesh Gandhi,2.11,Individual,2026-07-26T12:40:21.306183+00:00
ANGELONE,2026-06-30,Bharat C Shah,1.89,Individual,2026-07-26T12:40:21.306183+00:00
ANGELONE,2026-06-30,Nishith Jitendra Shah,1.66,Individual,2026-07-26T12:40:21.306183+00:00
ANSALAPI,2026-06-30,Ashok Kumar Gupta,1.99,Individual,2026-07-26T12:40:22.890490+00:00
ANSALAPI,2026-06-30,Satish Kumar,1.43,Individual,2026-07-26T12:40:22.890490+00:00
ANTHEM,2026-06-30,MALAY JIBAN BARUA,2.26,Individual,2026-07-26T12:40:23.744259+00:00
ANTHEM,2026-06-30,SATISH S SHARMA,2.26,Individual,2026-07-26T12:40:23.744259+00:00
ANTHEM,2026-06-30,RUPESH NARHARRAO KINEKAR,2.21,Individual,2026-07-26T12:40:23.744259+00:00
ANUP,2026-06-30,Bhupendra M Shah,2.34,Individual,2026-07-26T12:40:25.588082+00:00
ANUP,2026-06-30,Chetan Jayantilal Shah,2.0,Individual,2026-07-26T12:40:25.588082+00:00
ANUP,2026-06-30,Gokul Mrugesh Jaykrishna,1.72,Individual,2026-07-26T12:40:25.588082+00:00
APCOTEXIND,2026-06-30,Mita Dipak Shah,1.12,Individual,2026-07-26T12:40:26.314381+00:00
APCOTEXIND,2026-06-30,Farokh D Pandole,1.07,Individual,2026-07-26T12:40:26.314381+00:00
APOLLOPIPE,2026-06-30,MUKUL MAHAVIR AGRAWAL,3.41,Individual,2026-07-26T12:42:21.188800+00:00
APOLLOPIPE,2026-06-30,SANJEEV SINGHAL,2.62,Individual,2026-07-26T12:42:21.188800+00:00
APOLLOPIPE,2026-06-30,ARUN AGARWAL,1.14,Individual,2026-07-26T12:42:21.188800+00:00
APOLLOPIPE,2026-06-30,RAJIV KUMAR,1.14,Individual,2026-07-26T12:42:21.188800+00:00
APOLLOPIPE,2026-06-30,SAHIL GUPTA,1.14,Individual,2026-07-26T12:42:21.188800+00:00
APTECHT,2026-06-30,MADHUSUDAN MURLIDHAR KELA,1.06,Individual,2026-07-26T12:42:24.023446+00:00
APTUS,2026-06-30,AKASH BHANSHALI,1.52,Individual,2026-07-26T12:42:24.907943+00:00
ARIHANTCAP,2026-06-30,ANUJ ANANTRAI SHETH,3.7,Individual,2026-07-26T12:42:26.230782+00:00
ARMANFIN,2026-06-30,MUKUL MAHAVIR AGRAWAL,3.8,Individual,2026-07-26T12:42:27.633397+00:00
ARMANFIN,2026-06-30,ABHISHEK PRADEEPKUMAR BANSAL,1.1,Individual,2026-07-26T12:42:27.633397+00:00
ARROWGREEN,2026-06-30,Dipak Kanayalal Shah,1.23,Individual,2026-07-26T12:42:28.449778+00:00
ARVEE,2026-06-30,GITABEN DINEHSBHAI PATEL,9.98,Individual,2026-07-26T12:42:29.897938+00:00
ARVEE,2026-06-30,DEVAL PRANAV PATEL,5.19,Individual,2026-07-26T12:42:29.897938+00:00
ARVEE,2026-06-30,JASHBHAI PATEL,4.79,Individual,2026-07-26T12:42:29.897938+00:00
ARVEE,2026-06-30,MADHUBEN JASHBHAI PATEL,3.7,Individual,2026-07-26T12:42:29.897938+00:00
ARVINDFASN,2026-06-30,Bhupendra M Shah,1.83,Individual,2026-07-26T12:42:32.033355+00:00
ARVSMART,2026-06-30,Ketan Ratilal Patel,5.7,Individual,2026-07-26T12:42:32.907727+00:00
ARVSMART,2026-06-30,Pirojsha Adi Godrej,1.9,Individual,2026-07-26T12:42:32.907727+00:00
ARVSMART,2026-06-30,Shah Aadarsh Utkarsh,1.05,Individual,2026-07-26T12:42:32.907727+00:00
ASAHIINDIA,2026-06-30,Hiten Anantrai Sheth,2.35,Individual,2026-07-26T12:42:33.782661+00:00
ASAHIINDIA,2026-06-30,Anuj A Sheth,1.37,Individual,2026-07-26T12:42:33.782661+00:00
ASAHIINDIA,2026-06-30,Nemish S Shah,1.32,Individual,2026-07-26T12:42:33.782661+00:00
ASALCBR,2026-06-30,NISHID BABULAL SHAH,1.2,Individual,2026-07-26T12:42:35.815693+00:00
ASIANENE,2026-06-30,Ashish Kacholia,1.18,Individual,2026-07-26T12:42:40.675518+00:00
ASIANENE,2026-06-30,Everest Finance & Investment Company (Ashish Agrawal & Navneet Agrawal),1.18,Individual,2026-07-26T12:42:40.675518+00:00
ASIANENE,2026-06-30,Meenakshi Mohit Agrawal,1.03,Individual,2026-07-26T12:42:40.675518+00:00
ASIANHOTNR,2026-06-30,SHYAM M JATIA,1.52,Individual,2026-07-26T12:42:41.252462+00:00
ASIANTILES,2026-06-30,Hiren Pranjivanbhai Patel,2.24,Individual,2026-07-26T12:42:45.225727+00:00
ASIANTILES,2026-06-30,Vansjaliya Sarthak Jayantibhai,1.57,Individual,2026-07-26T12:42:45.225727+00:00
ASIANTILES,2026-06-30,Jayantibhai Madhabhai Patel,1.5,Individual,2026-07-26T12:42:45.225727+00:00
ASIANTILES,2026-06-30,Ranjanben Pranjivanbhai Bavarava,1.41,Individual,2026-07-26T12:42:45.225727+00:00
ASIANTILES,2026-06-30,Patel Bhupendrakumar Ramjibhai,1.05,Individual,2026-07-26T12:42:45.225727+00:00
ASPINWALL,2026-06-30,Mahendra Girdharilal,1.88,Individual,2026-07-26T12:42:46.727647+00:00
ASPINWALL,2026-06-30,Sharad kanayalal Shah,1.18,Individual,2026-07-26T12:42:46.727647+00:00
ASTEC,2026-06-30,AJAY KUMAR AGGARWAL,1.05,Individual,2026-07-26T12:42:47.824173+00:00
ASTERDM,2026-07-13,M I Sahadulla,1.21,Individual,2026-07-26T12:42:48.560018+00:00
ASTRAZEN,2026-06-30,TEJAS BHALCHANDRA TRIVEDI,2.68,Individual,2026-07-26T12:42:50.985949+00:00
ASTRAZEN,2026-06-30,SHIVANI TEJAS TRIVEDI,2.33,Individual,2026-07-26T12:42:50.985949+00:00
ASTRAZEN,2026-06-30,PRASHANT JAIN,1.1,Individual,2026-07-26T12:42:50.985949+00:00
ATAM,2026-06-30,RITESH JAIN,1.49,Individual,2026-07-26T12:34:40.010797+00:00
ATAM,2026-06-30,DINESH JAIN,1.44,Individual,2026-07-26T12:34:40.010797+00:00
ATHERENERG,2026-06-30,Kamath Associates,1.32,Individual,2026-07-26T12:42:52.209361+00:00
ATHERENERG,2026-06-30,Nksquared,1.3,Individual,2026-07-26T12:42:52.209361+00:00
ATL,2026-06-30,Divya Jigar Sanghvi,1.46,Individual,2026-07-26T12:42:53.247794+00:00
AUBANK,2026-06-30,Uttam Tibrewal,1.79,Individual,2026-07-26T12:42:55.088635+00:00
AURIONPRO,2026-06-30,SUNDAR IYER,3.81,Individual,2026-07-26T12:44:06.123349+00:00
AURIONPRO,2026-06-30,KARTHIK SUNDAR IYER,1.81,Individual,2026-07-26T12:44:06.123349+00:00
AURIONPRO,2026-06-30,DAGA SANDEEP RAMDAS,1.26,Individual,2026-07-26T12:44:06.123349+00:00
AURUM,2026-06-30,AJAY KUMAR AGGARWAL,2.83,Individual,2026-07-26T12:44:07.956328+00:00
AURUM,2026-06-30,PORINJU VELIYATH,2.1,Individual,2026-07-26T12:44:07.956328+00:00
AURUM,2026-06-30,SANJIV DHIRESHBHAI SHAH,1.22,Individual,2026-07-26T12:44:07.956328+00:00
AUTOIND,2026-06-30,Utpal H Sheth,2.09,Individual,2026-07-26T12:44:09.546090+00:00
AVADHSUGAR,2026-06-30,Anil Kumar Goel,5.44,Individual,2026-07-26T12:44:10.517529+00:00
AVADHSUGAR,2026-06-30,Seema Goel,1.35,Individual,2026-07-26T12:44:10.517529+00:00
AVANTEL,2026-06-30,K.SWAPNA,2.4,Individual,2026-07-26T12:44:12.298664+00:00
AVANTEL,2026-06-30,NAGENDRA BABU NAGABHYRAVA,1.16,Individual,2026-07-26T12:44:12.298664+00:00
AVANTEL,2026-06-30,SHALU AGGARWAL,1.06,Individual,2026-07-26T12:44:12.298664+00:00
AVL,2026-06-30,RINU SINHA,3.35,Individual,2026-07-26T12:44:13.721047+00:00
AVL,2026-06-30,ANGAD KUMAR,3.25,Individual,2026-07-26T12:44:13.721047+00:00
AVL,2026-06-30,VANDANA SINHA,1.39,Individual,2026-07-26T12:44:13.721047+00:00
AVONMORE,2026-06-30,SUBHASH PHOOTARMAL RATHOD,3.87,Individual,2026-07-26T12:44:14.399259+00:00
AVONMORE,2026-06-30,DILIPKUMAR LAKHI,2.4,Individual,2026-07-26T12:44:14.399259+00:00
AVONMORE,2026-06-30,GIRDHARILAL V LAKHI,1.77,Individual,2026-07-26T12:44:14.399259+00:00
AVONMORE,2026-06-30,MAHENDRA GIRDHARILAL WADHWANI,1.11,Individual,2026-07-26T12:44:14.399259+00:00
AVROIND,2026-06-30,NKSQUARED,5.02,Individual,2026-07-26T12:44:15.073642+00:00
AVROIND,2026-06-30,VANDANA POORNIMA PAI,1.45,Individual,2026-07-26T12:44:15.073642+00:00
AVROIND,2026-06-30,BHAVIN YASHODHAN MEHTA,1.17,Individual,2026-07-26T12:44:15.073642+00:00
AXISCADES,2026-06-30,SANJAY KATKAR,1.56,Individual,2026-07-26T12:44:19.667980+00:00
AXITA,2026-06-30,Abhay Bharatbhai Shah,1.0,Individual,2026-07-26T12:44:20.348033+00:00
AYMSYNTEX,2026-06-30,Mukul Mahavir Agrawal,3.92,Individual,2026-07-26T12:44:21.174088+00:00
AYMSYNTEX,2026-06-30,Sadhna Mehrotra,2.17,Individual,2026-07-26T12:44:21.174088+00:00
AYMSYNTEX,2026-06-30,Nisarg Vakharia,1.91,Individual,2026-07-26T12:44:21.174088+00:00
AYMSYNTEX,2026-06-30,Nimit Jateen Tanna,1.07,Individual,2026-07-26T12:44:21.174088+00:00
AYMSYNTEX,2026-06-30,Utpal Hemendra Sheth,1.0,Individual,2026-07-26T12:44:21.174088+00:00
BAFNAPH,2026-06-30,ALPANA MUNDRA,2.73,Individual,2026-07-26T12:44:21.792394+00:00
BAFNAPH,2026-06-30,GUTTIKONDA VARA LAKSHMI,1.29,Individual,2026-07-26T12:44:21.792394+00:00
BAJAJCON,2026-06-30,DEEPAK BHAGNANI,1.02,Individual,2026-07-26T12:44:22.409975+00:00
BAJAJHCARE,2026-06-30,DEEPAK RAMANLAL JOSHI,2.32,Individual,2026-07-26T12:44:25.181175+00:00
BAJAJINDEF,2026-06-30,DEVAJ RAVI JHUNJHUNWALA,3.26,Individual,2026-07-26T12:44:29.646854+00:00
BALAJITELE,2026-06-30,SANJIV DHIRESHBHAI SHAH,4.31,Individual,2026-07-26T12:44:33.377995+00:00
BALAMINES,2026-06-30,VIJAYA NALLA,2.13,Individual,2026-07-26T12:59:48.414141+00:00
BALAMINES,2026-06-30,VINEEL REDDY NALLA,2.12,Individual,2026-07-26T12:59:48.414141+00:00
BALAMINES,2026-06-30,KISHAN REDDY NALLA,2.1,Individual,2026-07-26T12:59:48.414141+00:00
BALAMINES,2026-06-30,VINITHA NALLA,1.91,Individual,2026-07-26T12:59:48.414141+00:00
BALAMINES,2026-06-30,MANOHAR DEVABHAKTUNI,1.85,NRI,2026-07-26T12:59:48.414141+00:00
BALAMINES,2026-06-30,VEERA REDDY YANNAM SRINIVAS REDDY YANNAM,1.5,Individual,2026-07-26T12:59:48.414141+00:00
BALAMINES,2026-06-30,VIJAYALAXMI YANNAM VEERA REDDY YANNAM SRINIVAS REDDY YANNAM,1.25,Individual,2026-07-26T12:59:48.414141+00:00
BALAXI,2026-06-30,P P ZIBI JOSE,1.29,Individual,2026-07-26T12:44:34.547941+00:00
BALUFORGE,2026-06-30,ASHISH KACHOLIA,1.58,Individual,2026-07-26T12:44:36.481544+00:00
BALUFORGE,2026-06-30,HITESH NATWARLAL KAWA,1.27,Individual,2026-07-26T12:44:36.481544+00:00
BANKA,2026-06-30,PRATIMA SURESH SHAH,5.03,Individual,2026-07-26T12:46:05.683024+00:00
BANKA,2026-06-30,SURESH RAMNIKLAL SHAH,4.56,Individual,2026-07-26T12:46:05.683024+00:00
BANKA,2026-06-30,HIMANSHU SURESH SHAH,4.18,Individual,2026-07-26T12:46:05.683024+00:00
BANKA,2026-06-30,ABHISHEK RAJNIKANT SHETH,1.86,Individual,2026-07-26T12:46:05.683024+00:00
BANKA,2026-06-30,KETAN DHIRAJ KAPASI,1.05,Individual,2026-07-26T12:46:05.683024+00:00
BANSWRAS,2026-06-30,Hitesh Satishchandra Doshi,1.62,Individual,2026-07-26T12:46:07.796856+00:00
BANSWRAS,2026-06-30,Nirbhay Mahawar,1.39,Individual,2026-07-26T12:46:07.796856+00:00
BBL,2026-06-30,MINAL BHARAT PATEL,1.82,Individual,2026-07-26T12:46:11.311354+00:00
BBOX,2026-06-30,SUBODH MASKARA,2.47,Individual,2026-07-26T12:46:11.936932+00:00
BCONCEPTS,2026-06-30,ABHINAV KUMAR,8.06,Individual,2026-07-26T12:46:13.546078+00:00
BCONCEPTS,2026-06-30,JATINDER AGARWAL,3.61,Individual,2026-07-26T12:46:13.546078+00:00
BCONCEPTS,2026-06-30,AMAR KIRTI AMBANI,2.69,Individual,2026-07-26T12:46:13.546078+00:00
BCONCEPTS,2026-06-30,LAXMI CHANDRAKANT SHAH,2.34,Individual,2026-07-26T12:46:13.546078+00:00
BCONCEPTS,2026-06-30,RAHUL BHATIA,1.24,Individual,2026-07-26T12:46:13.546078+00:00
BCONCEPTS,2026-06-30,SUGANDHI JATINDER AGARWAL,1.2,Individual,2026-07-26T12:46:13.546078+00:00
BCONCEPTS,2026-06-30,SURENDRA KUMAR JAIN,1.09,Individual,2026-07-26T12:46:13.546078+00:00
BEARDSELL,2026-06-30,MAHENDRA GIRDHARILAL,3.15,Individual,2026-07-26T12:46:14.671603+00:00
BEARDSELL,2026-06-30,SUNITHA VEMULAPALLI,2.15,Individual,2026-07-26T12:46:14.671603+00:00
BEARDSELL,2026-06-30,ASHISH CHUGH,1.25,Individual,2026-07-26T12:46:14.671603+00:00
BEARDSELL,2026-06-30,GAURAV PALIWAL,1.06,Individual,2026-07-26T12:46:14.671603+00:00
BECTORFOOD,2026-06-30,Kamal Shyamsunder Kabra,1.16,Individual,2026-07-26T12:46:15.321213+00:00
BELLACASA,2026-06-30,MUKUL MAHAVIR AGRAWAL,6.85,Individual,2026-07-26T12:46:16.457264+00:00
BELLACASA,2026-06-30,CHARANDEEP SINGH,2.98,Individual,2026-07-26T12:46:16.457264+00:00
BELLACASA,2026-06-30,NIRMALA VINODKUMAR DAGA,2.76,Individual,2026-07-26T12:46:16.457264+00:00
BELLACASA,2026-06-30,KAUSHIK DAGA,1.28,Individual,2026-07-26T12:46:16.457264+00:00
BELLACASA,2026-06-30,SUSHILA PARASKUMAR DAGA,1.24,Individual,2026-07-26T12:46:16.457264+00:00
BELLACASA,2026-06-30,SACHIN KUMAR BHARTIYA,1.01,Individual,2026-07-26T12:46:16.457264+00:00
BELRISE,2026-07-17,Rajiv Kumar,1.05,Individual,2026-07-26T12:46:17.554223+00:00
BESTAGRO,2026-06-30,RAJ KUMAR,7.67,Individual,2026-07-26T12:46:19.306996+00:00
BESTAGRO,2026-06-30,SUMAN RANI,2.39,Individual,2026-07-26T12:46:19.306996+00:00
BFINVEST,2026-06-30,Vijay Balkrishna Pusalkar,2.67,Individual,2026-07-26T12:46:19.998083+00:00
BFUTILITIE,2026-06-30,Radhakishan Shivkishan Damani,1.01,Individual,2026-07-26T12:46:20.802141+00:00
BHAGCHEM,2026-06-30,R VENKATA NARAYANA,4.27,Individual,2026-07-26T12:46:21.458540+00:00
BHAGCHEM,2026-06-30,AAYUSHMAN RAJESH NUWAL,3.07,Individual,2026-07-26T12:46:21.458540+00:00
BHAGCHEM,2026-06-30,DIPESH K SHROFF,2.29,Individual,2026-07-26T12:46:21.458540+00:00
BHAGCHEM,2026-06-30,NARAIN PRASAD DALMIA,1.86,Individual,2026-07-26T12:46:21.458540+00:00
BHAGCHEM,2026-06-30,MEHUL MOHANKA,1.27,Individual,2026-07-26T12:46:21.458540+00:00
BHAGYANGR,2026-06-30,SAMBHAV MUNOTH,1.69,Individual,2026-07-26T12:46:22.877987+00:00
BHAGYANGR,2026-06-30,DUNDOO AJIT KUMAR,1.57,Individual,2026-07-26T12:46:22.877987+00:00
BHARATSE,2026-06-30,SUNITA SANTOSH GOENKA,1.02,Individual,2026-07-26T12:46:24.204538+00:00
BHARATWIRE,2026-06-30,ALPANA S DANGI,4.99,Individual,2026-07-26T12:46:24.961189+00:00
BIL,2026-06-30,SRINIVAS B S,1.32,Individual,2026-07-26T12:46:31.797316+00:00
BILVYAPAR,2026-06-30,Zztransit*,22.9,Individual,2026-07-26T12:46:32.786689+00:00
BILVYAPAR,2026-06-30,Krishnakant N. Shah,2.0,Individual,2026-07-26T12:46:32.786689+00:00
BIRLACORPN,2026-06-30,SACHIN BANSAL,1.09,Individual,2026-07-26T12:46:35.219400+00:00
BIRLANU,2026-06-30,ASIF ALLADIN AAMIR ALLADIN,1.09,Individual,2026-07-26T13:01:37.359382+00:00
BLISSGVS,2026-06-30,ARJUN GAUTAM ASHRA,4.76,Individual,2026-07-26T13:01:40.553798+00:00
BLISSGVS,2026-06-30,GAUTAM RASIKLAL ASHRA,2.81,Individual,2026-07-26T13:01:40.553798+00:00
BLUESTONE,2026-06-30,SUNIL KANT MUNJAL,3.65,Individual,2026-07-26T13:01:49.351334+00:00
BLUESTONE,2026-06-30,KAMATH ASSOCIATES,1.09,Individual,2026-07-26T13:01:49.351334+00:00
BLUESTONE,2026-06-30,NKSQUARED,1.09,Individual,2026-07-26T13:01:49.351334+00:00
BLUESTONE,2026-06-30,GANESH KRISHNAN,1.06,Individual,2026-07-26T13:01:49.351334+00:00
BLUSPRING,2026-06-30,ASHISH DHAWAN,6.42,Individual,2026-07-26T13:01:50.140796+00:00
BLUSPRING,2026-06-30,ZAKI ABBAS NASSER,1.63,Individual,2026-07-26T13:01:50.140796+00:00
BODALCHEM,2026-06-30,Ashokkumar Giriraj Bansal,4.23,Individual,2026-07-26T13:01:50.782041+00:00
BOHRAIND,2026-03-31,DEEPAK VIJAYWARGI,5.36,Individual,2026-07-26T13:01:51.389037+00:00
BOHRAIND,2026-03-31,KRISHNA AGARWAL,4.96,Individual,2026-07-26T13:01:51.389037+00:00
BOHRAIND,2026-03-31,RAMASWAMYREDDY PEDINEKALUVA,2.76,Individual,2026-07-26T13:01:51.389037+00:00
BOHRAIND,2026-03-31,DEEP YESHWANT PENDHARKAR,1.63,Individual,2026-07-26T13:01:51.389037+00:00
BOHRAIND,2026-03-31,PRAVALLIKA KANCHI,1.42,Individual,2026-07-26T13:01:51.389037+00:00
BOHRAIND,2026-03-31,NARAYAN SULTANIA,1.25,Individual,2026-07-26T13:01:51.389037+00:00
BOMDYEING,2026-06-30,Madhuri Madhusudan Kela,1.52,Individual,2026-07-26T13:01:52.926914+00:00
BORANA,2026-06-30,DEVEN M SHAH,1.21,Individual,2026-07-26T13:01:53.587785+00:00
BORANA,2026-06-30,SNEHIL HEMANT BORANA,1.09,Individual,2026-07-26T13:01:53.587785+00:00
BORANA,2026-06-30,SONU SNEHIL BORANA,1.09,Individual,2026-07-26T13:01:53.587785+00:00
BORANA,2026-06-30,PURNIMA ASHWIN DESAI,1.08,Individual,2026-07-26T13:01:53.587785+00:00
BORANA,2026-06-30,SHALU AGGARWAL,1.03,Individual,2026-07-26T13:01:53.587785+00:00
BOROLTD,2026-06-30,DIPAK KANAYALAL SHAH,1.04,Individual,2026-07-26T13:01:54.392920+00:00
BOROSCI,2026-06-30,DIPAK KANAYALAL SHAH,1.08,Individual,2026-07-26T13:01:56.013273+00:00
BRIGADE,2026-06-30,M K MANJULA,2.75,Individual,2026-07-26T13:01:58.335897+00:00
BRIGADE,2026-06-30,M G SURAJ,1.52,Individual,2026-07-26T13:01:58.335897+00:00
BSL,2026-06-30,SANGEETHA S,3.99,Individual,2026-07-26T13:02:02.097765+00:00
BSL,2026-06-30,REKHA CHOUDHARY,1.67,Individual,2026-07-26T13:02:02.097765+00:00
BTML,2026-06-30,NARINDER BAJAJ,2.42,Individual,2026-07-26T13:02:03.600559+00:00
BTML,2026-06-30,PRIYANKA JAIN,1.18,Individual,2026-07-26T13:02:03.600559+00:00
BTML,2026-06-30,MANISHA SHARMA,1.04,Individual,2026-07-26T13:02:03.600559+00:00
BTML,2026-06-30,PANKAJ AGARWAL,1.03,Individual,2026-07-26T13:02:03.600559+00:00
BTML,2026-06-30,PRANAY KOCHAR,1.01,Individual,2026-07-26T13:02:03.600559+00:00
BUTTERFLY,2026-06-30,V. M. L. SHENBAGA LAKSHMI,1.22,Individual,2026-07-26T13:02:04.185363+00:00
BUTTERFLY,2026-06-30,V. M. G. SIVAKAMI,1.09,Individual,2026-07-26T13:02:04.185363+00:00
BUTTERFLY,2026-06-30,VISWANATHAN MURUGESACHETTIAR SESHADRI,1.08,Individual,2026-07-26T13:02:04.185363+00:00
BUTTERFLY,2026-06-30,V. M. B. UNNAMALAI,1.04,Individual,2026-07-26T13:02:04.185363+00:00
BYKE,2026-06-30,RITESH DALMIA,1.15,Individual,2026-07-26T13:02:05.049990+00:00
CAMLINFINE,2026-06-30,Ajay Upadhyaya,1.3,Individual,2026-07-26T13:02:06.873306+00:00
CAMLINFINE,2026-06-30,Jagdish N Master,1.01,Individual,2026-07-26T13:02:06.873306+00:00
CANBK,2026-06-30,REKHA JHUNJHUNWALA,1.42,Individual,2026-07-26T13:02:09.189347+00:00
CAPACITE,2026-06-30,MUKUL MAHAVIR AGRAWAL,6.62,Individual,2026-07-26T13:02:10.970198+00:00
CAPACITE,2026-06-30,VIKAS VIJAYKUMAR KHEMANI,1.74,Individual,2026-07-26T13:02:10.970198+00:00
CAPITALSFB,2026-06-30,Santokh Singh Chhokar,3.87,NRI,2026-07-26T13:02:12.089100+00:00
CAPITALSFB,2026-06-30,Balbir Singh,1.39,Individual,2026-07-26T13:02:12.089100+00:00
CAPITALSFB,2026-06-30,Rashpal Singh,1.37,NRI,2026-07-26T13:02:12.089100+00:00
CAPTRUST,2026-06-30,KAILASHBEN ASHOKKUMAR PATEL,2.79,Individual,2026-07-26T13:34:43.108746+00:00
CAPTRUST,2026-06-30,MABLE RAJESH,1.18,Individual,2026-07-26T13:34:43.108746+00:00
CARERATING,2026-06-30,SEKHAR SHYAM,1.07,Individual,2026-07-26T13:34:46.079903+00:00
CARYSIL,2026-06-30,ASHISH KACHOLIA,3.52,Individual,2026-07-26T13:34:48.304292+00:00
CCHHL,2026-06-30,SUDHIR GHANSHYAMDAS KHANDELWAL,1.22,Individual,2026-07-26T13:34:50.127479+00:00
CCHHL,2026-06-30,SEEMA SANJAY PARMAR,1.08,Individual,2026-07-26T13:34:50.127479+00:00
CELEBRITY,2026-06-30,Ravi Chawla,2.37,Individual,2026-07-26T13:34:53.810699+00:00
CELEBRITY,2026-06-30,Manoj Mohanka,1.88,Individual,2026-07-26T13:34:53.810699+00:00
CELEBRITY,2026-06-30,Tripty Doshi,1.1,Individual,2026-07-26T13:34:53.810699+00:00
CEMPRO,2026-06-30,HITESH RAMJI JAVERI,1.78,Individual,2026-07-26T13:34:54.494618+00:00
CENTENKA,2026-06-30,Hitesh Ramji Javeri,3.39,Individual,2026-07-26T13:34:55.632160+00:00
CENTENKA,2026-06-30,Harsha Hitesh Javeri,2.52,Individual,2026-07-26T13:34:55.632160+00:00
CENTENKA,2026-06-30,Ramesh Chimanlal Shah,1.28,Individual,2026-07-26T13:34:55.632160+00:00
CENTRUM,2026-06-30,Praveen Kumar Arora,2.88,Individual,2026-07-26T13:34:57.791509+00:00
CENTRUM,2026-06-30,Raj Kumar Arora,2.88,Individual,2026-07-26T13:34:57.791509+00:00
CENTRUM,2026-06-30,Som Arora,2.67,Individual,2026-07-26T13:34:57.791509+00:00
CENTUM,2026-06-30,MINAL BHARAT PATEL,1.37,Individual,2026-07-26T13:34:58.345040+00:00
CERA,2026-06-30,SAJAN KUMAR PASARI,1.73,Individual,2026-07-26T13:34:59.999735+00:00
CEWATER,2026-06-30,Jignesh Vijay Shah,1.91,Individual,2026-07-26T13:35:01.546526+00:00
CHEMBOND,2026-06-30,Ajay Chinubhai Laloo,2.03,Individual,2026-07-26T13:35:08.004508+00:00
CHEMBOND,2026-06-30,Zaki Abbas Nasser,1.82,Individual,2026-07-26T13:35:08.004508+00:00
CHEMBONDCH,2026-06-30,Ajay Chinubhai Laloo,2.04,Individual,2026-07-26T13:35:08.884062+00:00
CHEMFAB,2026-06-30,V. M. SRINIVASAN,1.8,Individual,2026-07-26T13:35:09.700887+00:00
CHENNPETRO,2026-06-30,DOLLY KHANNA,1.28,Individual,2026-07-26T13:35:11.209582+00:00
CHOICEIN,2026-06-30,Madhusudan Murlidhar Kela,7.21,Individual,2026-07-26T13:35:12.948360+00:00
CLEDUCATE,2026-06-30,ADITYA DEORAH,3.96,Individual,2026-07-26T13:37:16.283644+00:00
CLEDUCATE,2026-06-30,SUJIT BHATTACHARYYA,1.09,Individual,2026-07-26T13:37:16.283644+00:00
CLEDUCATE,2026-06-30,SUDHEER MAHAJAN,1.01,Individual,2026-07-26T13:37:16.283644+00:00
CLSEL,2026-06-30,Manohar Devabhaktuni,1.29,NRI,2026-07-26T12:59:49.389779+00:00
COASTCORP,2026-06-30,PINAKIN CHIMANLAL SHAH,2.56,Individual,2026-07-26T13:37:20.250333+00:00
COASTCORP,2026-06-30,AYUSH MITTAL,1.01,Individual,2026-07-26T13:37:20.250333+00:00
CONCORDBIO,2026-06-30,Ravindra Raichand Dharamshi,1.2,Individual,2026-07-26T13:39:26.037161+00:00
CONSOFINVT,2026-06-30,Anita Bubna,1.68,Individual,2026-07-26T13:39:28.183888+00:00
CONSOFINVT,2026-06-30,Harimohan Bangur,1.22,Individual,2026-07-26T13:39:28.183888+00:00
CONSOFINVT,2026-06-30,Haresh Tikamdas Keswani,1.01,NRI,2026-07-26T13:39:28.183888+00:00
CONTROLPR,2026-06-30,SHIVANI TEJAS TRIVEDI,1.54,Individual,2026-07-26T13:39:29.187537+00:00
CONTROLPR,2026-06-30,SEKHAR SHYAM,1.39,Individual,2026-07-26T13:39:29.187537+00:00
COSMOFIRST,2026-06-30,MINAXI BHALCHANDRA TRIVEDI,1.82,Individual,2026-07-26T13:39:33.181782+00:00
COUNCODOS,2026-06-30,SUDHIR GHANSHYAMDAS KHANDELWAL,1.29,Individual,2026-07-26T13:39:34.014513+00:00
CPCAP,2026-06-30,BHARAT C JAIN,2.36,Individual,2026-07-26T13:39:34.806065+00:00
CPEDU,2026-06-30,MANISH JAIN,1.56,Individual,2026-07-26T13:39:35.733929+00:00
CREST,2026-06-30,Atul Ashokkumar Ruia,1.34,Individual,2026-07-26T13:39:39.296852+00:00
CREST,2026-06-30,Vikram Pratapbhai Kotak,1.25,Individual,2026-07-26T13:39:39.296852+00:00
CREST,2026-06-30,Pishu Vashdev Chainani,1.03,NRI,2026-07-26T13:39:39.296852+00:00
CRISIL,2026-06-30,REKHA JHUNJHUNWALA,5.19,Individual,2026-07-26T13:39:43.424135+00:00
CSBBANK,2026-06-30,Yusuffali Musaliam Veettil Abdul Kader,2.06,NRI,2026-07-26T13:39:44.615390+00:00
CSBBANK,2026-06-30,Zafar Ahmadullah,1.07,NRI,2026-07-26T13:39:44.615390+00:00
CUB,2026-06-30,SRIRAM VAIDYANATHAN,2.2,Individual,2026-07-26T13:39:45.366021+00:00
CUB,2026-06-30,VISALAM G,2.04,Individual,2026-07-26T13:39:45.366021+00:00
CUPID,2026-06-30,VEENA GARG,2.64,Individual,2026-07-26T13:39:46.577659+00:00
CYBERMEDIA,2026-06-30,Mahendra Girdharilal,1.14,Individual,2026-07-26T13:39:47.732210+00:00
DALMIASUG,2026-06-30,Anil Kumar Goel,5.23,Individual,2026-07-26T13:41:19.495460+00:00
DALMIASUG,2026-06-30,Seema Goel,1.5,Individual,2026-07-26T13:41:19.495460+00:00
DAMCAPITAL,2026-06-30,Ajay Upadhyaya,1.13,Individual,2026-07-26T13:41:20.207715+00:00
DATAMATICS,2026-06-30,SHAUNAK JAGDISH SHAH,3.04,Individual,2026-07-26T13:41:21.928500+00:00
DATAMATICS,2026-06-30,SANJIV DHIRESHBHAI SHAH,3.03,Individual,2026-07-26T13:41:21.928500+00:00
DATAPATTNS,2026-06-30,Desingu Rajan P,2.54,Individual,2026-07-26T13:41:22.658869+00:00
DATAPATTNS,2026-06-30,Sundara Raghavan K,2.23,Individual,2026-07-26T13:41:22.658869+00:00
DATAPATTNS,2026-06-30,Laxmi Shivanand Mankekar,1.36,Individual,2026-07-26T13:41:22.658869+00:00
DATAPATTNS,2026-06-30,Subramaniam Tirunavukkarasu,1.2,Individual,2026-07-26T13:41:22.658869+00:00
DAVANGERE,2026-06-30,CHUNGATH KARUNAKARAN PADMA KUMAR,3.42,NRI,2026-07-26T13:41:23.470714+00:00
DAVANGERE,2026-06-30,BAVAGUTHU RAGHURAM SHETTY,1.4,NRI,2026-07-26T13:41:23.470714+00:00
DBEIL,2026-06-30,SAMIR RAMESH PAREKH,1.09,Individual,2026-07-26T13:41:26.201942+00:00
DBL,2026-06-30,Akash Bhanshali,1.29,Individual,2026-07-26T13:41:26.947223+00:00
DBOL,2026-06-30,ANIL KUMAR GOEL,9.04,Individual,2026-07-26T13:41:27.758289+00:00
DBOL,2026-06-30,SEEMA GOEL,3.7,Individual,2026-07-26T13:41:27.758289+00:00
DBOL,2026-06-30,BHAVOOK TRIPATHI,2.33,NRI,2026-07-26T13:41:27.758289+00:00
DBREALTY,2026-06-30,Rekha Jhunjhunwala,2.77,Individual,2026-07-26T13:41:29.401507+00:00
DBREALTY,2026-06-30,Mukul Mahavir Agrawal,1.57,Individual,2026-07-26T13:41:29.401507+00:00
DCBBANK,2026-06-30,Murali M Natarajan,1.16,Individual,2026-07-26T13:41:30.093596+00:00
DCI,2026-06-30,PURVI KETAN PATEL,3.15,Individual,2026-07-26T13:41:31.134328+00:00
DCI,2026-06-30,SHAH SEJALBEN GOPALBHAI,2.93,Individual,2026-07-26T13:41:31.134328+00:00
DCI,2026-06-30,MIT GOPALBHAI SHAH,2.44,Individual,2026-07-26T13:41:31.134328+00:00
DCI,2026-06-30,JITENDRA TULSIDAS PATEL,1.22,Individual,2026-07-26T13:41:31.134328+00:00
DCI,2026-06-30,TAIKHUM MURTAZA BHARMAL,1.06,Individual,2026-07-26T13:41:31.134328+00:00
DCI,2026-06-30,DEEP HITESH LAKHANI,1.04,Individual,2026-07-26T13:41:31.134328+00:00
DCM,2026-06-30,KARAN SINGH THAKRAL,4.77,NRI,2026-07-26T13:41:31.924819+00:00
DCM,2026-06-30,ANIL KUMAR GOEL,2.2,Individual,2026-07-26T13:41:31.924819+00:00
DCM,2026-06-30,BHARATI BHARAT DATTANI,1.81,Individual,2026-07-26T13:41:31.924819+00:00
DCM,2026-06-30,BHAVESH DHIRESHBHAI SHAH,1.42,Individual,2026-07-26T13:41:31.924819+00:00
DCM,2026-06-30,JAY BHARAT DATTANI,1.15,Individual,2026-07-26T13:41:31.924819+00:00
DCM,2026-06-30,SATPAL KHATTAR,1.07,NRI,2026-07-26T13:41:31.924819+00:00
DCMFINSERV,2026-06-30,MANJU GAGGAR,1.02,Individual,2026-07-26T13:41:32.646110+00:00
DCMNVL,2026-06-30,MOHAN GUPTA,3.96,Individual,2026-07-26T13:41:33.379811+00:00
DCMNVL,2026-06-30,ANIL KUMAR GOEL,2.38,Individual,2026-07-26T13:41:33.379811+00:00
DCMNVL,2026-06-30,ASHOK JAIN,2.23,Individual,2026-07-26T13:41:33.379811+00:00
DCMNVL,2026-06-30,BHAVESH SHAH,1.34,Individual,2026-07-26T13:41:33.379811+00:00
DDEVPLSTIK,2026-06-30,RAJAT LODHA,1.11,Individual,2026-07-26T13:41:35.741059+00:00
DEEPAKFERT,2026-06-30,MUKUL MAHAVIR AGRAWAL,1.19,Individual,2026-07-26T13:41:37.684565+00:00
DELPHIFX,2026-06-30,SHARAD PREMPRAKASH RATHI,1.73,Individual,2026-07-26T13:41:41.876716+00:00
DELPHIFX,2026-06-30,NIDHI GUPTA,1.18,Individual,2026-07-26T13:41:41.876716+00:00
DEVX,2026-06-30,KALPESH HARAKHCHAND GALA,4.57,Individual,2026-07-26T13:51:18.383965+00:00
DEVX,2026-06-30,AMIT RANCHHODLAL CHOKSHI,2.22,Individual,2026-07-26T13:51:18.383965+00:00
DEVX,2026-06-30,AJAY SURENDRABHAI PATEL,1.98,Individual,2026-07-26T13:51:18.383965+00:00
DGCONTENT,2026-06-30,BHIMAVARAPU SRIDHAR REDDY,2.94,Individual,2026-07-26T13:51:20.217724+00:00
DGCONTENT,2026-06-30,GAURAV AGARWAL,2.36,Individual,2026-07-26T13:51:20.217724+00:00
DGCONTENT,2026-06-30,ANIL ALLA,1.31,Individual,2026-07-26T13:51:20.217724+00:00
DGCONTENT,2026-06-30,GAJESH ABANI,1.03,Individual,2026-07-26T13:51:20.217724+00:00
DHAMPURSUG,2026-06-30,ANIL L SHAH,1.0,Individual,2026-07-26T13:51:21.171348+00:00
DHANBANK,2026-06-30,B RAVINDRAN PILLAI,10.0,NRI,2026-07-26T13:51:21.882983+00:00
DHANBANK,2026-06-30,YUSSUFFALI MUSLIAM VEETTIL ABDUL KADER,5.0,NRI,2026-07-26T13:51:21.882983+00:00
DHANBANK,2026-06-30,KAPILKUMAR WADHAWAN,3.2,Individual,2026-07-26T13:51:21.882983+00:00
DHANBANK,2026-06-30,POTLURI RAJMOHAN RAO,1.56,Individual,2026-07-26T13:51:21.882983+00:00
DHANBANK,2026-06-30,SHITAL RAGHU KATARIA,1.48,NRI,2026-07-26T13:51:21.882983+00:00
DHANBANK,2026-06-30,MOHANACHANDRAN NAIR BALAKRISHNA PILLAI,1.01,Individual,2026-07-26T13:51:21.882983+00:00
DHANI,2025-09-30,ANAND SHAKTIKUMAR SANCHETI,2.37,Individual,2026-07-26T13:51:22.576455+00:00
DHUNINV,2026-06-30,CHAKKALAKKAL KUNJUVAREED STEEPHEN,3.45,Individual,2026-07-26T13:51:25.923839+00:00
DHUNINV,2026-06-30,HITESH RAMJI JAVERI,1.82,Individual,2026-07-26T13:51:25.923839+00:00
DIAMINESQ,2026-06-30,Sharad Kanayalal Shah,3.29,Individual,2026-07-26T13:51:27.423127+00:00
DIAMINESQ,2026-06-30,Dipak Kanayalal Shah,1.36,Individual,2026-07-26T13:51:27.423127+00:00
DICIND,2026-06-30,Hitesh Ramji Javeri,4.6,Individual,2026-07-26T13:51:28.118710+00:00
DICIND,2026-06-30,Harsha Hitesh Javeri,3.06,Individual,2026-07-26T13:51:28.118710+00:00
DICIND,2026-06-30,Popatlal Punamchand Shah,1.09,Individual,2026-07-26T13:51:28.118710+00:00
DICIND,2026-06-30,Gaurav Naresh Lodha,1.07,Individual,2026-07-26T13:51:28.118710+00:00
DIGITIDE,2026-06-30,ASHISH DHAWAN,4.09,Individual,2026-07-26T13:51:30.601559+00:00
DIXON,2026-06-30,KAMLA VACHANI,6.19,NRI,2026-07-26T13:51:33.386852+00:00
DLINKINDIA,2026-06-30,MUKESH TIRTHDAS LULLA,5.48,NRI,2026-07-26T13:53:17.224355+00:00
DLINKINDIA,2026-06-30,SHIVANI TEJAS TRIVEDI,1.48,Individual,2026-07-26T13:53:17.224355+00:00
DMART,2026-06-30,Ignatius Navil Noronha,1.92,Individual,2026-07-26T13:53:18.028272+00:00
DNAMEDIA,2026-06-30,Shruti Mohta,1.89,Individual,2026-07-26T13:53:19.073381+00:00
DNAMEDIA,2026-06-30,Dilipkumar Lakhi,1.05,Individual,2026-07-26T13:53:19.073381+00:00
DOLPHIN,2026-06-30,Krishang Vaibhav Shah,4.0,Individual,2026-07-26T13:53:21.594363+00:00
DOLPHIN,2026-06-30,Pushpaben Gadhecha,2.35,Individual,2026-07-26T13:53:21.594363+00:00
DOLPHIN,2026-06-30,Bela Himanshu Shah,1.5,Individual,2026-07-26T13:53:21.594363+00:00
DOLPHIN,2026-06-30,Kinnari Vaibhav Shah,1.5,Individual,2026-07-26T13:53:21.594363+00:00
DONEAR,2026-06-30,Renu Agarwal,1.09,Individual,2026-07-26T13:53:22.404816+00:00
DONEAR,2026-06-30,Rajesh Suresh Agarwal,1.08,Individual,2026-07-26T13:53:22.404816+00:00
DRCSYSTEMS,2026-06-30,Vishwas Ambalal Patel,3.87,Individual,2026-07-26T13:53:23.921040+00:00
DRCSYSTEMS,2026-06-30,Vishal Ajitbhai Mehta,3.03,Individual,2026-07-26T13:53:23.921040+00:00
DRCSYSTEMS,2026-06-30,Gajera Kirit K,1.65,Individual,2026-07-26T13:53:23.921040+00:00
DRCSYSTEMS,2026-06-30,Ajit Champaklal Mehta,1.52,Individual,2026-07-26T13:53:23.921040+00:00
DRCSYSTEMS,2026-06-30,Jayshreeben Ajitbhai Mehta,1.52,Individual,2026-07-26T13:53:23.921040+00:00
DRCSYSTEMS,2026-06-30,Variniben Vishwaskumar Patel,1.48,Individual,2026-07-26T13:53:23.921040+00:00
DRCSYSTEMS,2026-06-30,Vaishali Ajay Patel,1.4,Individual,2026-07-26T13:53:23.921040+00:00
DRCSYSTEMS,2026-06-30,Deven M Shah,1.1,Individual,2026-07-26T13:53:23.921040+00:00
DTIL,2026-06-30,ANIL KUMAR GOEL,2.79,Individual,2026-07-26T13:53:28.118121+00:00
DUCON,2026-06-30,Sandeep Padmakant Parikh,1.39,Individual,2026-07-26T13:53:29.032644+00:00
DYNAMATECH,2026-06-30,LASHIT SANGHVI,1.21,Individual,2026-07-26T13:53:32.871391+00:00
DYNAMATECH,2026-06-30,NEHA SANGHVI,1.21,Individual,2026-07-26T13:53:32.871391+00:00
EASEMYTRIP,2026-06-30,KURJIBHAI PREMJIBHAI RUPARELIYA,1.4,Individual,2026-07-26T13:53:33.476494+00:00
ECOSMOBLTY,2026-06-30,Rameet Kaur,1.44,Individual,2026-07-26T13:53:34.911487+00:00
EDELWEISS,2026-06-30,Deven Pravinchandra Waghani,1.02,NRI,2026-07-26T13:53:35.791958+00:00
EIDPARRY,2026-06-30,GOVINDLAL M PARIKH,2.53,Individual,2026-07-26T14:01:31.162285+00:00
EIDPARRY,2026-06-30,HITESH SATISHCHANDRA DOSHI,2.21,Individual,2026-07-26T14:01:31.162285+00:00
EIHAHOTELS,2026-06-30,Hemendra M Kothari,1.23,Individual,2026-07-26T14:01:32.532828+00:00
EIMCOELECO,2026-06-30,Anil L Shah,1.32,Individual,2026-07-26T14:01:33.924135+00:00
ELECON,2026-06-30,Ajay Upadhyaya,1.78,Individual,2026-07-26T14:01:36.098107+00:00
ELECON,2026-06-30,Vijay Kishanlal Kedia,1.0,Individual,2026-07-26T14:01:36.098107+00:00
ELECTHERM,2026-06-30,Artiben Jagdishbhai Akhani,4.59,Individual,2026-07-26T14:01:38.711296+00:00
ELECTHERM,2026-06-30,Jaideep Narendra Sampat,1.49,Individual,2026-07-26T14:01:38.711296+00:00
ELECTHERM,2026-06-30,Kiritkumar Amrutlal Akhani,1.49,Individual,2026-07-26T14:01:38.711296+00:00
ELGIEQUIP,2026-06-30,Nemish S Shah,1.69,Individual,2026-07-26T14:01:39.532684+00:00
EMKAY,2026-06-30,Nirav Mahendra Sheth,1.4,Individual,2026-07-26T14:01:46.957481+00:00
EMKAY,2026-06-30,Sanjiv Dhireshbhai Shah,1.39,Individual,2026-07-26T14:01:46.957481+00:00
EMKAY,2026-06-30,Rajiv P Shroff,1.29,Individual,2026-07-26T14:01:46.957481+00:00
EMKAY,2026-06-30,Yatin Kumar Singh,1.13,Individual,2026-07-26T14:01:46.957481+00:00
EMKAY,2026-06-30,Mahi Madhusudan Kela,1.06,Individual,2026-07-26T14:01:46.957481+00:00
ENIL,2026-06-30,SHASHANK SHARAD KHADE,1.09,Individual,2026-07-26T14:01:50.252033+00:00
ENIL,2026-06-30,DHEERAJ KUMAR LOHIA,1.07,Individual,2026-07-26T14:01:50.252033+00:00
ENIL,2026-06-30,PALLAVI ANANT SHIRGAONKAR,1.0,Individual,2026-07-26T14:01:50.252033+00:00
EQUITASBNK,2026-06-30,ASHISH DAWAN,4.1,Individual,2026-07-26T14:01:58.521846+00:00
ERIS,2026-06-30,Hetal Rasiklal Shah,2.12,Individual,2026-07-26T14:01:59.600241+00:00
ERIS,2026-06-30,Bhikhalal Chimanlal Shah,1.93,Individual,2026-07-26T14:01:59.600241+00:00
ERIS,2026-06-30,Naishadh Vikram Shah,1.66,Individual,2026-07-26T14:01:59.600241+00:00
ERIS,2026-06-30,Rakesh Shah,1.43,Individual,2026-07-26T14:01:59.600241+00:00
ESAFSFB,2026-06-30,Yusuffali Musaliam Veettil Abdul Kader,4.48,NRI,2026-07-26T14:02:00.966804+00:00
ESCORTS,2026-06-30,Rekha Jhunjhunwala,1.53,Individual,2026-07-26T14:02:02.399635+00:00
ESSENTIA,2026-06-11,SHARAD PREMPRAKASH RATHI,1.14,Individual,2026-07-26T14:02:03.467523+00:00
ESTER,2026-06-30,Kamalesh Jayant Shah,2.12,Individual,2026-07-26T14:14:03.680819+00:00
ESTER,2026-06-30,KRISHANG VAIBHAV SHAH,1.52,Individual,2026-07-26T14:14:03.680819+00:00
ETHOSLTD,2026-06-30,PULKIT.N.SEKHSARIA,1.06,Individual,2026-07-26T14:14:05.896373+00:00
EUROBOND,2026-06-30,Suresh Gada,2.7,Individual,2026-07-26T14:14:07.579134+00:00
EUROBOND,2026-06-30,Rinkal Rahul Gada,2.69,Individual,2026-07-26T14:14:07.579134+00:00
EUROBOND,2026-06-30,Bhavesh Chimanlal Shah,1.68,Individual,2026-07-26T14:14:07.579134+00:00
EUROBOND,2026-06-30,Paresh Chimanlal Shah,1.68,Individual,2026-07-26T14:14:07.579134+00:00
EUROBOND,2026-06-30,Rakesh Chimanlal Shah,1.68,Individual,2026-07-26T14:14:07.579134+00:00
EUROBOND,2026-06-30,Vinesh Chimanlal Shah,1.68,Individual,2026-07-26T14:14:07.579134+00:00
EUROBOND,2026-06-30,Anoop Chhaganlal Patel,1.18,Individual,2026-07-26T14:14:07.579134+00:00
EUROBOND,2026-06-30,Paresh Tarachand Parmani,1.16,NRI,2026-07-26T14:14:07.579134+00:00
EVERESTIND,2026-06-30,CHETAN JAYANTILAL SHAH,1.45,Individual,2026-07-26T14:14:09.169385+00:00
EVERESTIND,2026-06-30,TARBIR SHAHPURI,1.09,Individual,2026-07-26T14:14:09.169385+00:00
EVERESTIND,2026-06-30,GAURAV NARESH LODHA,1.08,Individual,2026-07-26T14:14:09.169385+00:00
EVERESTIND,2026-06-30,BHADRA JAYANTILAL SHAH,1.04,Individual,2026-07-26T14:14:09.169385+00:00
EXCELINDUS,2026-06-30,Manohar Devabhaktuni,2.02,NRI,2026-07-26T12:59:49.988256+00:00
EXCELINDUS,2026-06-30,Deep J Master,1.2,Individual,2026-07-26T12:59:49.988256+00:00
EXCELINDUS,2026-06-30,Om Prakash Rawat,1.14,Individual,2026-07-26T12:59:49.988256+00:00
EXXARO,2026-06-30,DIXITKUMAR KACHARABHAI PATEL,5.23,Individual,2026-07-26T14:14:12.323139+00:00
EXXARO,2026-06-30,HITENDRAKUMAR KACHARABHAI PATEL,3.94,Individual,2026-07-26T14:14:12.323139+00:00
EXXARO,2026-06-30,JIGNESHKUMAR HASMUKHBHAI PATEL,2.62,Individual,2026-07-26T14:14:12.323139+00:00
EXXARO,2026-06-30,HIRABEN KACHARABHAI PATEL,1.78,Individual,2026-07-26T14:14:12.323139+00:00
EXXARO,2026-06-30,SURESHCHANDRA NATHALAL PATEL,1.45,Individual,2026-07-26T14:14:12.323139+00:00
EXXARO,2026-06-30,NARSINHBHAI PASHABHAI PATEL,1.35,Individual,2026-07-26T14:14:12.323139+00:00
EXXARO,2026-06-30,HASHMUKHBHAI PARSHOTTAMDAS PATEL,1.28,Individual,2026-07-26T14:14:12.323139+00:00
EXXARO,2026-06-30,ROUNAK LOHIA,1.07,Individual,2026-07-26T14:14:12.323139+00:00
EXXARO,2026-06-30,RAJ KUMAR PATNI,1.01,Individual,2026-07-26T14:14:12.323139+00:00
FEDERALBNK,2026-06-30,YUSUFFALI MUSALIAM VEETTIL ABDUL KADER,3.13,NRI,2026-07-26T14:14:15.080618+00:00
FEDERALBNK,2026-06-30,REKHA JHUNJHUNWALA,2.42,Individual,2026-07-26T14:14:15.080618+00:00
FILATEX,2026-06-30,ANURAG CHOUDHARY,1.01,Individual,2026-07-26T14:14:16.896108+00:00
FINEORG,2026-06-30,Hitesh Satishchandra Doshi,1.03,Individual,2026-07-26T14:14:17.847681+00:00
FINOPB,2026-06-30,SAMEER MANCHANDA,1.44,Individual,2026-07-26T14:14:18.444554+00:00
FINPIPE,2026-06-30,ANUJ ANANTRAI SHETH,3.35,Individual,2026-07-26T14:14:19.112735+00:00
FINPIPE,2026-06-30,HITEN ANANTRAI SHETH,1.21,Individual,2026-07-26T14:14:19.112735+00:00
FIRSTCRY,2026-06-30,Amitava Saha,1.58,Individual,2026-07-26T14:14:19.791251+00:00
FIRSTCRY,2026-06-30,Prashant Prakash Jadhav,1.07,Individual,2026-07-26T14:14:19.791251+00:00
FLUOROCHEM,2026-06-30,Akash Bhanshali,4.75,Individual,2026-07-26T14:14:21.090316+00:00
FOODSIN,2026-06-30,Pallavi Utsav Dhupelia,1.72,Individual,2026-07-26T14:19:16.084159+00:00
FOODSIN,2026-06-30,Kapil Ahuja,1.35,Individual,2026-07-26T14:19:16.084159+00:00
FORCEMOT,2026-06-30,Manohar Devabhaktuni,1.2,NRI,2026-07-26T12:59:50.439448+00:00
FORTIS,2026-06-30,REKHA JHUNJHUNWALA,4.02,Individual,2026-07-26T14:19:16.768069+00:00
GALAPREC,2026-06-30,Ankit Ulhas Gala,2.57,Individual,2026-07-26T14:19:21.510907+00:00
GALAPREC,2026-06-30,Mayank Ulhas Gala,2.57,Individual,2026-07-26T14:19:21.510907+00:00
GALAXYSURF,2026-06-30,Jayshree Ramesh,1.5,NRI,2026-07-26T14:19:22.451161+00:00
GANECOS,2026-06-30,SANGEETA PAREEKH,1.69,Individual,2026-07-26T14:19:23.778165+00:00
GANGESSECU,2026-06-30,MANU GOPALDAS CHHABRIA,1.85,Individual,2026-07-26T14:19:25.922108+00:00
GANGESSECU,2026-06-30,MAHENDRA GIRDHARILAL,1.14,Individual,2026-07-26T14:19:25.922108+00:00
GANGESSECU,2026-06-30,MANJU GAGGAR,1.03,Individual,2026-07-26T14:19:25.922108+00:00
GARUDA,2026-06-30,UTPAL H SHETH,2.27,Individual,2026-07-26T14:19:26.590090+00:00
GEECEE,2026-06-30,Ashok Kumar Jain,4.93,Individual,2026-07-26T14:19:28.053301+00:00
GEECEE,2026-06-30,Akash Manek Bhanshali,3.01,Individual,2026-07-26T14:19:28.053301+00:00
GENUSPOWER,2026-06-30,VIKAS KOTHARI,9.05,Individual,2026-07-26T14:19:30.483126+00:00
GENUSPOWER,2026-06-30,AJAY UPADHYAYA,1.31,Individual,2026-07-26T14:19:30.483126+00:00
GENUSPOWER,2026-06-30,AKASH BHANSHALI,1.19,Individual,2026-07-26T14:19:30.483126+00:00
GEOJITFSL,2026-06-30,Rekha Jhunjhunwala,7.2,Individual,2026-07-26T14:19:31.159951+00:00
GEOJITFSL,2026-06-30,Chander Bhatia,2.06,Individual,2026-07-26T14:19:31.159951+00:00
GEOJITFSL,2026-06-30,Rajesh Seth,1.42,Individual,2026-07-26T14:19:31.159951+00:00
GFLLIMITED,2026-06-30,Meenu Bhanshali,5.0,Individual,2026-07-26T14:19:32.321752+00:00
GHCL,2026-06-30,Rajiv Kumar,1.25,Individual,2026-07-26T14:53:27.039424+00:00
GHCL,2026-06-30,Atul Jain,1.06,Individual,2026-07-26T14:53:27.039424+00:00
GHCLTEXTIL,2026-06-30,Anand Nareshbhai Shah,1.16,Individual,2026-07-26T14:53:28.170543+00:00
GICHSGFIN,2026-06-30,RANJEET SINGH SIBIA,1.37,NRI,2026-07-26T14:53:29.038212+00:00
GILLANDERS,2026-06-30,ANIL JAIN,1.87,Individual,2026-07-26T14:53:31.311743+00:00
GILLANDERS,2026-06-30,PRAJAPATI MAHESH MANUBHAI,1.19,Individual,2026-07-26T14:53:31.311743+00:00
GINNIFILA,2026-06-30,ZAKI ABBAS NASSER,1.78,Individual,2026-07-26T14:53:35.229646+00:00
GLOBALE,2026-06-30,Pritty Devi Sarawagi,1.21,Individual,2026-07-26T14:53:39.859658+00:00
GLOBALE,2026-06-30,Sanjaykumar Sarawagi,1.01,Individual,2026-07-26T14:53:39.859658+00:00
GODREJAGRO,2026-06-30,BALRAM SINGH YADAV,1.74,Individual,2026-07-26T14:53:55.164130+00:00
GOLDIAM,2026-06-30,Anant Jain,1.56,Individual,2026-07-26T14:58:36.685896+00:00
GOLDTECH,2026-06-30,JAYANT HIRALAL SHAH,6.96,Individual,2026-07-26T14:58:37.882351+00:00
GOLDTECH,2026-06-30,SRINIVAS DAMMALAPATI,1.91,Individual,2026-07-26T14:58:37.882351+00:00
GOODLUCK,2026-06-30,GAURAVRAJSINGH VIJAYSINGH RATHORE,1.44,Individual,2026-07-26T14:58:38.910560+00:00
GREENLAM,2026-06-30,Akash Bhanshali,4.44,Individual,2026-07-26T14:58:46.780792+00:00
GREENLAM,2026-06-30,Ashish Dhawan,3.77,Individual,2026-07-26T14:58:46.780792+00:00
GREENLAM,2026-06-30,Akhil Dhawan,1.43,Individual,2026-07-26T14:58:46.780792+00:00
GREENLAM,2026-06-30,Vallabh Roopchand Bhanshali,1.15,Individual,2026-07-26T14:58:46.780792+00:00
GREENLAM,2026-06-30,Meenu Mangal Bhanshali,1.02,Individual,2026-07-26T14:58:46.780792+00:00
GREENPOWER,2026-06-30,SHAILESH BABALAL SHAH,1.35,Individual,2026-07-26T14:58:48.712387+00:00
GRPLTD,2026-06-30,MEERA PHILIP,6.12,Individual,2026-07-26T14:58:50.752439+00:00
GRPLTD,2026-06-30,KOUSHIK SEKHAR,3.91,Individual,2026-07-26T14:58:50.752439+00:00
GRPLTD,2026-06-30,MITEN MEHTA,2.78,Individual,2026-07-26T14:58:50.752439+00:00
GRPLTD,2026-06-30,KAVITA PHILIP,2.54,NRI,2026-07-26T14:58:50.752439+00:00
GSS,2026-06-30,ALISHA SAPAN SHAH,4.97,Individual,2026-07-26T14:58:54.067108+00:00
GSS,2026-06-30,MARGI JIGNESHBHAI SHAH,3.54,Individual,2026-07-26T14:58:54.067108+00:00
GSS,2026-06-30,MEENAXI DILIP KOTHARI,2.5,Individual,2026-07-26T14:58:54.067108+00:00
GSS,2026-06-30,AMIT YAMUNADUTT AGARWAL,2.35,Individual,2026-07-26T14:58:54.067108+00:00
GSS,2026-06-30,RAGHAV K AGRAWAL,1.61,Individual,2026-07-26T14:58:54.067108+00:00
GSS,2026-06-30,RAVI RAJU KALIDINDI,1.53,Individual,2026-07-26T14:58:54.067108+00:00
GSS,2026-06-30,KABRA PRIYA,1.34,Individual,2026-07-26T14:58:54.067108+00:00
GUFICBIO,2026-06-30,Jagdish N Master,1.41,Individual,2026-07-26T14:59:05.275425+00:00
GUJALKALI,2026-06-30,Shreyans Shantilal Shah,1.76,Individual,2026-07-26T14:59:06.027345+00:00
GUJAPOLLO,2026-06-30,Sharad Kanayalal Shah,2.56,Individual,2026-07-26T14:59:06.766571+00:00
GUJAPOLLO,2026-06-30,Ashish Kacholia,2.29,Individual,2026-07-26T14:59:06.766571+00:00
GUJAPOLLO,2026-06-30,Dipak Kanayalal Shah,2.05,Individual,2026-07-26T14:59:06.766571+00:00
GUJAPOLLO,2026-06-30,Somabhai H Patel,1.86,NRI,2026-07-26T14:59:06.766571+00:00
GUJAPOLLO,2026-06-30,Sangita Maganbhai Patel,1.58,NRI,2026-07-26T14:59:06.766571+00:00
GUJAPOLLO,2026-06-30,Ashish Agarwal,1.32,Individual,2026-07-26T14:59:06.766571+00:00
GVPIL,2026-06-30,Aarti Bhatia,1.12,Individual,2026-07-26T14:59:10.458182+00:00
HALEOSLABS,2026-06-30,S VIJAYAKUMAR,1.11,Individual,2026-07-26T14:59:12.908860+00:00
HARRMALAYA,2026-06-30,Hitesh Ramji Javeri,3.09,Individual,2026-07-26T14:59:14.964657+00:00
HARRMALAYA,2026-06-30,Harsha Hitesh Javeri,1.91,Individual,2026-07-26T14:59:14.964657+00:00
HCC,2026-06-30,Mukul Mahavir Agrawal,1.91,Individual,2026-07-26T14:59:19.518201+00:00
HEIDELBERG,2026-06-30,NIHAR NANDAN NILEKANI,1.43,NRI,2026-07-26T15:03:20.020816+00:00
HEMIPROP,2026-06-30,Vijay Kumar Aggarwal,1.55,Individual,2026-07-26T15:03:20.928948+00:00
HERCULES,2025-09-30,DEVAJ RAVI JHUNJHUNWALA,3.26,Individual,2026-07-26T15:03:22.741287+00:00
HESTERBIO,2026-06-30,Kuntal Hasmukhlal Shah,3.17,Individual,2026-07-26T15:03:26.295285+00:00
HESTERBIO,2026-06-30,Manish Jain,2.88,Individual,2026-07-26T15:03:26.295285+00:00
HESTERBIO,2026-06-30,Darshna Dinesh Kapadia,1.81,NRI,2026-07-26T15:03:26.295285+00:00
HESTERBIO,2026-06-30,Sandeep Shantilal Gala,1.3,Individual,2026-07-26T15:03:26.295285+00:00
HESTERBIO,2026-06-30,Vinay Shah,1.28,NRI,2026-07-26T15:03:26.295285+00:00
HESTERBIO,2026-06-30,Jagrut Prataprai Gandhi,1.18,Individual,2026-07-26T15:03:26.295285+00:00
HESTERBIO,2026-06-30,Manish Prataprai Gandhi,1.18,Individual,2026-07-26T15:03:26.295285+00:00
HEXATRADEX,2026-06-30,ANIL KANTIPRASAD PODDAR,2.26,Individual,2026-07-26T15:03:27.094499+00:00
HIMATSEIDE,2026-06-30,AJAY KUMAR AGGARWAL,1.57,Individual,2026-07-26T15:03:32.576475+00:00
HINDOILEXP,2026-06-30,Ramasamy Jeevanandam,3.17,Individual,2026-07-26T15:03:36.201626+00:00
HINDOILEXP,2026-06-30,Sapna Pennam,1.42,NRI,2026-07-26T15:03:36.201626+00:00
HINDWAREAP,2026-06-30,MANAV GUPTA,2.11,Individual,2026-07-26T15:03:38.597167+00:00
HINDWAREAP,2026-06-30,GANESH SRINIVASAN,1.42,Individual,2026-07-26T15:03:38.597167+00:00
HIRECT,2026-06-30,NIRAJ BAJAJ,1.75,Individual,2026-07-26T15:04:21.821689+00:00
HIRECT,2026-06-30,MUKUL MAHAVIR AGRAWAL,1.45,Individual,2026-07-26T15:04:21.821689+00:00
HIRECT,2026-06-30,VANAJA SUNDAR IYER,1.02,Individual,2026-07-26T15:04:21.821689+00:00
HIRECT,2026-06-30,VEENA K JAGWANI,1.0,Individual,2026-07-26T15:04:21.821689+00:00
HISARMETAL,2026-06-30,RAJESH CHATURBHUJ BHATIA,1.24,Individual,2026-07-26T15:04:24.433448+00:00
HITECHCORP,2026-06-30,Rajen Anil Shah,1.37,Individual,2026-07-26T15:04:35.182261+00:00
HITECHGEAR,2026-06-30,MANOHAR DEVABHAKTUNI,2.06,NRI,2026-07-26T15:04:39.860893+00:00
HMVL,2026-06-30,SHALU AGGARWAL,1.48,Individual,2026-07-26T15:04:48.270510+00:00
HNDFDS,2026-06-30,HARSHA RAGHAVAN,1.4,Individual,2026-07-26T15:05:01.327193+00:00
HPIL,2026-06-30,HONEY MANGAL,3.42,Individual,2026-07-26T15:05:21.876799+00:00
HTMEDIA,2026-06-30,RANGA PRASAD N,3.09,Individual,2026-07-26T15:05:25.345431+00:00
HTMEDIA,2026-06-30,ANAND SAGAR,1.31,Individual,2026-07-26T15:05:25.345431+00:00
HUBTOWN,2026-06-30,Subhash Phootarmal Rathod,1.62,Individual,2026-07-26T15:05:27.625292+00:00
HUBTOWN,2026-06-30,Nilesh Rameshchandra Pethani,1.2,NRI,2026-07-26T15:05:27.625292+00:00
HUBTOWN,2026-06-30,Prasham Mayank Shah,1.01,Individual,2026-07-26T15:05:27.625292+00:00
HUHTAMAKI,2026-06-30,Seetha Kumari,1.44,Individual,2026-07-26T15:05:29.451141+00:00
ICEMAKE,2026-06-30,Alpesh Bhaichandbhai Soni,1.29,Individual,2026-07-26T15:05:33.099330+00:00
ICIL,2026-06-30,Mukul Mahavir Agrawal,1.51,Individual,2026-07-26T15:05:38.260283+00:00
IDEAFORGE,2026-07-10,Ganapathy Subramaniam,1.73,Individual,2026-07-26T15:07:09.181617+00:00
IEL,2025-09-30,VANDANA ASHWINI KUMAR,1.2,Individual,2026-07-26T15:07:21.290826+00:00
IFBAGRO,2026-06-30,F L Dadabhoy,2.78,Individual,2026-07-26T15:07:28.794464+00:00
IFBAGRO,2026-06-30,P F Dadabhoy,1.88,Individual,2026-07-26T15:07:28.794464+00:00
IFBAGRO,2026-06-30,N F Dadabhoy,1.64,Individual,2026-07-26T15:07:28.794464+00:00
IFBAGRO,2026-06-30,R F Dadabhoy,1.4,Individual,2026-07-26T15:07:28.794464+00:00
IFBAGRO,2026-06-30,Shirin Watwani,1.17,Individual,2026-07-26T15:07:28.794464+00:00
IFBIND,2026-06-30,Mukul Mahavir Agrawal,1.23,Individual,2026-07-26T15:07:29.979138+00:00
IFGLEXPOR,2026-06-30,VIJAYA S,1.78,Individual,2026-07-26T15:07:31.644772+00:00
IGCL,2026-06-30,Himanshi Lohia,1.17,Individual,2026-07-26T15:07:33.507921+00:00
IIFL,2026-06-30,Parajia Bharat Himatlal,4.67,NRI,2026-07-26T15:07:37.176994+00:00
IIFL,2026-06-30,Ashish Dhawan,1.33,Individual,2026-07-26T15:07:37.176994+00:00
IIFLCAPS,2026-06-30,Zafar Ahmadullah,1.15,NRI,2026-07-26T15:07:38.198779+00:00
IL&FSENGG,2026-06-30,GUTTIKONDA VARA LAKSHMI,1.53,Individual,2026-07-26T15:07:41.331152+00:00
IL&FSENGG,2026-06-30,B TEJA RAJU,1.14,Individual,2026-07-26T15:07:41.331152+00:00
IMFA,2026-06-30,MANISHA LODHA,1.08,Individual,2026-07-26T15:07:43.602017+00:00
IMFA,2026-06-30,MUKUL MAHAVIR AGRAWAL,1.07,Individual,2026-07-26T15:07:43.602017+00:00
INDGN,2026-06-30,Gaurav Kapoor,2.6,NRI,2026-07-26T15:07:47.321046+00:00
INDGN,2026-06-30,Anand Kiran,2.16,Individual,2026-07-26T15:07:47.321046+00:00
INDHOTEL,2026-06-30,REKHA JHUNJHUNWALA,1.0,Individual,2026-07-26T15:08:47.207754+00:00
INDIAGLYCO,2026-06-30,PUNEET BHATIA,1.77,Individual,2026-07-26T15:08:48.543851+00:00
INDIAMART,2026-06-30,Madhup Agrawal,1.28,Individual,2026-07-26T15:08:50.064783+00:00
INDIANCARD,2026-06-30,AMAN KUMAR,1.16,Individual,2026-07-26T15:08:51.345559+00:00
INDIASHLTR,2026-06-30,ANIL MEHTA,1.44,Individual,2026-07-26T15:08:52.574002+00:00
INDOAMIN,2026-06-30,SANGEETHA S,3.44,Individual,2026-07-26T15:08:56.060058+00:00
INDOAMIN,2026-06-30,NANDU HARIPRASAD GUPTA,1.66,Individual,2026-07-26T15:08:56.060058+00:00
INDOAMIN,2026-06-30,PRAMILA NANDU GUPTA,1.48,Individual,2026-07-26T15:08:56.060058+00:00
INDOAMIN,2026-06-30,SANTOSH KUMAR KHEMKA,1.01,Individual,2026-07-26T15:08:56.060058+00:00
INDOBORAX,2026-06-30,DIPAK KANAYALAL SHAH,1.16,Individual,2026-07-26T15:08:56.814535+00:00
INDORAMA,2026-06-30,SHRUTI LOHIA,4.89,NRI,2026-07-26T15:08:57.320939+00:00
INDOSTAR,2026-06-30,Madhuri Madhusudan Kela,2.09,Individual,2026-07-26T15:08:58.173577+00:00
INDOSTAR,2026-06-30,Ajay Kumar Aggarwal,1.01,Individual,2026-07-26T15:08:58.173577+00:00
INDRAMEDCO,2026-06-30,Vanaja Sundar Iyer,1.97,Individual,2026-07-26T15:08:58.750040+00:00
INDTERRAIN,2026-06-30,Manorama Gardner,4.3,NRI,2026-07-26T15:08:59.371616+00:00
INDTERRAIN,2026-06-30,Sankaranarayanan Sangameswaran,2.17,Individual,2026-07-26T15:08:59.371616+00:00
INDTERRAIN,2026-06-30,Manan Mayur Shah,1.13,Individual,2026-07-26T15:08:59.371616+00:00
INDTERRAIN,2026-06-30,Amitabh Suri,1.09,Individual,2026-07-26T15:08:59.371616+00:00
INFOBEAN,2026-06-30,Mukul Mahavir Agrawal,3.09,Individual,2026-07-26T15:09:02.341796+00:00
INFOBEAN,2026-06-30,Vijaykumar Chhotabhai Kalidas Patel,1.42,NRI,2026-07-26T15:09:02.341796+00:00
INFOBEAN,2026-06-30,Parvathi Srinivasa Murthy,1.0,Individual,2026-07-26T15:09:02.341796+00:00
INFOMEDIA,2026-06-30,Vijay Omprakash Sethi,2.06,Individual,2026-07-26T15:09:03.201453+00:00
INFOMEDIA,2026-06-30,Jignasa Nikunj Shah,1.23,Individual,2026-07-26T15:09:03.201453+00:00
INFOMEDIA,2026-06-30,Sanjiv Dhireshbhai Shah,1.21,Individual,2026-07-26T15:09:03.201453+00:00
INFOMEDIA,2026-06-30,Kishore Kumar Patni,1.18,Individual,2026-07-26T15:09:03.201453+00:00
INFOMEDIA,2026-06-30,Mahendra Girdharilal Wadhwani,1.13,Individual,2026-07-26T15:09:03.201453+00:00
INFOMEDIA,2026-06-30,Neha Vijay Sethi,1.1,Individual,2026-07-26T15:09:03.201453+00:00
INFOMEDIA,2026-06-30,Renu Devi Patni,1.06,Individual,2026-07-26T15:09:03.201453+00:00
INNOVACAP,2026-06-30,GIAN PARKASH AGGARWAL,10.8,Individual,2026-07-26T15:09:05.203205+00:00
INNOVACAP,2026-06-30,ARCHIT AGGARWAL,8.74,Individual,2026-07-26T15:09:05.203205+00:00
INNOVACAP,2026-06-30,VEENA DEVI,1.75,Individual,2026-07-26T15:09:05.203205+00:00
INOXWIND,2026-06-30,Akash Bhanshali,1.75,Individual,2026-07-26T15:27:46.261273+00:00
INSPIRISYS,2026-06-30,Tara Chand Jain,1.5,Individual,2026-07-26T15:27:47.744866+00:00
INSPIRISYS,2026-06-30,Praful Mehta,1.13,Individual,2026-07-26T15:27:47.744866+00:00
INTELLECT,2026-06-30,MUKUL MAHAVIR AGRAWAL,1.28,Individual,2026-07-26T15:27:48.397769+00:00
INTLCONV,2026-06-30,VIVEK MUNDRA,1.81,NRI,2026-07-26T15:27:49.166552+00:00
INTLCONV,2026-06-30,DEEPSHIKHA KHAITAN,1.18,Individual,2026-07-26T15:27:49.166552+00:00
IRIS,2026-06-30,Madhuri Madhusudan Kela,5.21,Individual,2026-07-26T15:27:56.830897+00:00
IRIS,2026-06-30,Kamalanand Nithianandan,1.16,Individual,2026-07-26T15:27:56.830897+00:00
IVP,2026-06-30,Gaurav Naresh Lodha,1.45,Individual,2026-07-26T15:28:00.846823+00:00
J&KBANK,2026-06-30,MUKUL MAHAVIR AGRAWAL,1.5,Individual,2026-07-26T15:28:02.335743+00:00
J&KBANK,2026-06-30,SANJEEV ARORA,1.22,NRI,2026-07-26T15:28:02.335743+00:00
JAGSNPHARM,2026-06-30,SANJIV KUMAR DUDEJA,1.41,Individual,2026-07-26T15:29:26.213069+00:00
JAGSNPHARM,2026-06-30,LINCOLN P COELHO,1.18,Individual,2026-07-26T15:29:26.213069+00:00
JAIBALAJI,2026-06-30,SURAJ KHANDELWAL,1.41,Individual,2026-07-26T15:29:27.060063+00:00
JAMNAAUTO,2026-06-30,PARAMJIT SINGH MANN,1.84,Individual,2026-07-26T15:29:27.735981+00:00
JASH,2026-06-30,Miten Mehta,1.3,Individual,2026-07-26T15:29:28.564379+00:00
JASH,2026-06-30,Mahesh Rajesh Agrawal,1.26,Individual,2026-07-26T15:29:28.564379+00:00
JASH,2026-06-30,Avani Patel,1.03,NRI,2026-07-26T15:29:28.564379+00:00
JAYAGROGN,2026-06-30,Ashok Jain,2.18,Individual,2026-07-26T15:29:29.478995+00:00
JAYAGROGN,2026-06-30,Zaki Abbas Nasser,2.0,Individual,2026-07-26T15:29:29.478995+00:00
JAYAGROGN,2026-06-30,Nachiket Narayan Bandekar,1.02,NRI,2026-07-26T15:29:29.478995+00:00
JAYNECOIND,2026-06-30,SATHYAMOORTHI DEVARAJULU,1.02,Individual,2026-07-26T15:29:31.100567+00:00
JAYSREETEA,2026-06-30,MR.VIKAS NAVNIT GANDHI,1.3,Individual,2026-07-26T15:29:31.852891+00:00
JHS,2026-06-30,VIJAY MOHAN GOVILA,2.74,Individual,2026-07-26T15:29:36.157308+00:00
JHS,2026-06-30,BHIM SAIN BASSI,1.51,Individual,2026-07-26T15:29:36.157308+00:00
JHS,2026-06-30,PADMA KHANDU SOLANKI,1.18,Individual,2026-07-26T15:29:36.157308+00:00
JINDALPHOT,2026-06-30,Manju Bhalotia Manju,4.44,Individual,2026-07-26T15:29:36.803946+00:00
JINDALPHOT,2026-06-30,Rajendra Prasad Bubna Bubna,1.34,Individual,2026-07-26T15:29:36.803946+00:00
JISLDVREQS,2026-06-30,Mahendra Girdharilal,2.59,Individual,2026-07-26T15:29:41.429099+00:00
JISLDVREQS,2026-06-30,Sunil Shyam Mirpuri,2.05,Individual,2026-07-26T15:29:41.429099+00:00
JISLDVREQS,2026-06-30,Shelly Agarwal,1.99,Individual,2026-07-26T15:29:41.429099+00:00
JISLDVREQS,2026-06-30,Ravi Shankaran,1.21,Individual,2026-07-26T15:29:41.429099+00:00
JISLDVREQS,2026-06-30,Amit Shantibhai Motla,1.19,Individual,2026-07-26T15:29:41.429099+00:00
JISLDVREQS,2026-06-30,Rajendra Surinder Arora,1.17,Individual,2026-07-26T15:29:41.429099+00:00
JISLDVREQS,2026-06-30,Aakash Pankaj Patel,1.08,Individual,2026-07-26T15:29:41.429099+00:00
JKCEMENT,2026-06-30,KAVITA YADUPATI SINGHANIA,5.01,Individual,2026-07-26T15:29:43.085979+00:00
JKCEMENT,2026-06-30,ABHISHEK SINGHANIA,3.28,Individual,2026-07-26T15:29:43.085979+00:00
JKIL,2026-06-30,MUKUL MAHAVIR AGRAWAL,2.55,Individual,2026-07-26T15:29:43.883307+00:00
JKIL,2026-06-30,ANAND JAIKUMAR JAIN,1.03,Individual,2026-07-26T15:29:43.883307+00:00
JKLAKSHMI,2026-06-30,SACHIN BANSAL,1.11,Individual,2026-07-26T15:29:44.882814+00:00
JKTYRE,2026-06-30,DEEPAK BHAGNANI,1.27,Individual,2026-07-26T15:29:46.701252+00:00
JMA,2026-06-30,S K Lakhanpal,1.59,NRI,2026-07-26T15:32:42.645601+00:00
JMA,2026-06-30,Mridu Hari Dalmia,1.02,Individual,2026-07-26T15:32:42.645601+00:00
JMA,2026-06-30,Sankalp Mohan Singh,1.02,Individual,2026-07-26T15:32:42.645601+00:00
JNKINDIA,2026-06-30,Milind Mahadeo Joshi,2.85,Individual,2026-07-26T15:32:44.363863+00:00
JOCIL,2026-06-30,ASHOK JAIN,4.93,Individual,2026-07-26T15:32:45.048844+00:00
JPOLYINVST,2026-06-30,ANITA BUBNA,1.72,Individual,2026-07-26T15:32:46.914248+00:00
JPOLYINVST,2026-06-30,RAJENDRA PRASAD BUBNA,1.47,Individual,2026-07-26T15:32:46.914248+00:00
JPOLYINVST,2026-06-30,MANOHAR TIKAMDAS RUPRELL,1.13,NRI,2026-07-26T15:32:46.914248+00:00
JSFB,2026-06-30,SUNIL KANT MUNJAL,3.32,Individual,2026-07-26T15:32:48.487840+00:00
JSFB,2026-06-30,BIMAL NIRANJAN PARIKH,1.04,Individual,2026-07-26T15:32:48.487840+00:00
JSFB,2026-06-30,SACHIN BANSAL,1.04,Individual,2026-07-26T15:32:48.487840+00:00
JTLIND,2026-06-30,Laxmi Kant Swami,1.09,Individual,2026-07-26T15:32:59.335137+00:00
JUBLCPL,2026-06-30,CHETAN JAYANTILAL SHAH,2.44,Individual,2026-07-26T15:33:00.009514+00:00
JUBLINGREA,2026-06-30,REKHA JHUNJHUNWALA,1.39,Individual,2026-07-26T15:33:01.629419+00:00
JUBLPHARMA,2026-06-30,REKHA JHUNJHUNWALA,3.15,Individual,2026-07-26T15:33:02.545357+00:00
JYOTICNC,2026-06-30,Paresh Mohanlal Parekh,2.39,Individual,2026-07-26T15:33:06.471081+00:00
JYOTICNC,2026-06-30,Vijay Mohanlal Parekh,2.39,Individual,2026-07-26T15:33:06.471081+00:00
JYOTISTRUC,2026-06-30,SHARAD SHYAM SANGHI,2.51,Individual,2026-07-26T15:33:07.128234+00:00
JYOTISTRUC,2026-06-30,ANIL KUMAR AGARWAL,1.9,Individual,2026-07-26T15:33:07.128234+00:00
JYOTISTRUC,2026-06-30,ULLAL RAVINDRA BHAT,1.55,Individual,2026-07-26T15:33:07.128234+00:00
JYOTISTRUC,2026-06-30,SHYAM BIHARI SANGHI,1.19,Individual,2026-07-26T15:33:07.128234+00:00
KALAMANDIR,2026-06-30,SREEDHAR MUPPALA,1.17,Individual,2026-07-26T15:33:42.916743+00:00
KAMATHOTEL,2026-06-30,Anil Kumar Goel,2.44,Individual,2026-07-26T15:33:46.512927+00:00
KAMATHOTEL,2026-06-30,Seema Goel,1.07,Individual,2026-07-26T15:33:46.512927+00:00
KAMDHENU,2026-06-30,PRADEEP KUMAR GARG,2.11,Individual,2026-07-26T15:33:47.287298+00:00
KAMDHENU,2026-06-30,SIMONY MEWAR,1.16,Individual,2026-07-26T15:33:47.287298+00:00
KANORICHEM,2026-06-30,Sanjiv Dhireshbhai Shah,3.97,Individual,2026-07-26T15:33:48.817085+00:00
KARURVYSYA,2026-06-30,Rekha Jhunjhunwala,4.16,Individual,2026-07-26T15:33:52.698072+00:00
KCP,2026-06-30,SANDHYA G PARIKH,3.02,Individual,2026-07-26T15:33:54.343133+00:00
KCP,2026-06-30,CHINMAY G PARIKH,2.54,Individual,2026-07-26T15:33:54.343133+00:00
KCP,2026-06-30,GOVINDLAL M PARIKH,1.49,Individual,2026-07-26T15:33:54.343133+00:00
KDDL,2026-06-30,ASHA MUKUL AGRAWAL,3.44,Individual,2026-07-26T15:33:55.144461+00:00
KDDL,2026-06-30,BHARAT C JAIN,1.98,Individual,2026-07-26T15:33:55.144461+00:00
KDDL,2026-06-30,SIDDHARTH IYER,1.42,Individual,2026-07-26T15:33:55.144461+00:00
KDDL,2026-06-30,HRISHIKESH JAGDISH THACKERSEY,1.05,Individual,2026-07-26T15:33:55.144461+00:00
KECL,2026-06-30,AJAY UPADHYAYA,4.52,Individual,2026-07-26T15:33:57.003126+00:00
KERNEX,2026-06-30,Anant Jain,1.64,Individual,2026-07-26T15:33:59.425091+00:00
KESORAMIND,2026-06-30,GUTTIKONDA VARA LAKSHMI,1.42,Individual,2026-07-26T15:34:00.269311+00:00
KESORAMIND,2026-06-30,GUTTIKONDA RAJASEKHAR,1.29,Individual,2026-07-26T15:34:00.269311+00:00
KESORAMIND,2026-06-30,GANDHI KANTHETI,1.1,Individual,2026-07-26T15:34:00.269311+00:00
KIMS,2026-06-30,Venkata Krishna Kumar Kodali,1.2,Individual,2026-07-26T15:34:52.180116+00:00
KIRLOSIND,2026-06-30,Mahesh Ramchand Chhabria,1.93,Individual,2026-07-26T15:34:55.984483+00:00
KOPRAN,2026-06-30,MADHURI MADHUSUDAN KELA,1.72,Individual,2026-07-26T15:34:59.865097+00:00
KOPRAN,2026-06-30,ZAKI ABBAS NASSER,1.34,Individual,2026-07-26T15:34:59.865097+00:00
KPEL,2026-06-30,MANISH KANTILAL HARIA,1.92,NRI,2026-07-26T15:35:02.789294+00:00
KPEL,2026-06-30,SAURABH NARESHKUMAR SHAH,1.17,Individual,2026-07-26T15:35:02.789294+00:00
KPEL,2026-06-30,KUTIR NAVINCHANDRA PATEL,1.04,Individual,2026-07-26T15:35:02.789294+00:00
KPIGREEN,2026-06-30,IRFANAHMED SHAHABUDDIN MOMBASAWALA,1.65,Individual,2026-07-26T15:35:03.550878+00:00
KPIGREEN,2026-06-30,KUTIR NAVINCHANDRA PATEL,1.01,Individual,2026-07-26T15:35:03.550878+00:00
KRBL,2026-06-30,ANIL KUMAR GOEL,3.18,Individual,2026-07-26T15:35:09.360672+00:00
KRBL,2026-06-30,SEEMA GOEL,1.62,Individual,2026-07-26T15:35:09.360672+00:00
KRBL,2026-06-30,SOM NATH AGGARWAL,1.41,Individual,2026-07-26T15:35:09.360672+00:00
KREBSBIO,2026-06-30,GUTTIKONDA RAJASEKHAR,1.86,Individual,2026-07-26T15:35:10.266439+00:00
KREBSBIO,2026-06-30,GUTTIKONDA VARA LAKSHMI,1.7,Individual,2026-07-26T15:35:10.266439+00:00
KRISHANA,2026-06-30,Mahendra Garg,1.5,Individual,2026-07-26T15:35:11.172675+00:00
KRISHANA,2026-06-30,Shailendra Kumar Garg,1.48,Individual,2026-07-26T15:35:11.172675+00:00
KRITI,2026-06-30,JYOTI KASLIWAL,1.59,Individual,2026-07-26T15:35:12.119802+00:00
KRITI,2026-06-30,NANDITA KASLIWAL,1.29,NRI,2026-07-26T15:35:12.119802+00:00
KRITI,2026-06-30,JUHI SINGHVI,1.18,Individual,2026-07-26T15:35:12.119802+00:00
KRITINUT,2026-06-30,JYOTI KASLIWAL,1.56,Individual,2026-07-26T15:35:12.826960+00:00
KRITINUT,2026-06-30,NANDITA KASLIWAL,1.42,NRI,2026-07-26T15:35:12.826960+00:00
KRITINUT,2026-06-30,JUHI SINGHVI,1.08,Individual,2026-07-26T15:35:12.826960+00:00
KTKBANK,2026-06-30,B SUMANTHKUMAR REDDY,1.56,Individual,2026-07-26T15:37:03.298177+00:00
KTKBANK,2026-06-30,ANIL KUMAR GOEL,1.51,Individual,2026-07-26T15:37:03.298177+00:00
KTKBANK,2026-06-30,SEETHA KUMARI,1.34,Individual,2026-07-26T15:37:03.298177+00:00
LAGNAM,2026-06-30,CHIRAG BANSAL,3.4,Individual,2026-07-26T15:37:04.319498+00:00
LAGNAM,2026-06-30,SUJATHA RAGHUNANDAN,3.27,Individual,2026-07-26T15:37:04.319498+00:00
LAGNAM,2026-06-30,NEELAM MITTAL,1.13,Individual,2026-07-26T15:37:04.319498+00:00
LAGNAM,2026-06-30,NOVEEN BOTHRA,1.08,Individual,2026-07-26T15:37:04.319498+00:00
LAL,2026-06-30,ANSHUL SINGH,4.8,Individual,2026-07-26T15:37:05.145675+00:00
LAL,2026-06-30,HEMANT ARORA,1.54,Individual,2026-07-26T15:37:05.145675+00:00
LAL,2026-06-30,SAMBHAV GARG,1.52,Individual,2026-07-26T15:37:05.145675+00:00
LAL,2026-06-30,MOHINDER RUSTAGI,1.13,Individual,2026-07-26T15:37:05.145675+00:00
LANCORHOL,2026-06-30,SONIA GULATI,2.83,Individual,2026-07-26T15:37:07.495535+00:00
LANCORHOL,2026-06-30,RAJESH V NANAVATI,1.72,Individual,2026-07-26T15:37:07.495535+00:00
LANCORHOL,2026-06-30,DHEERAJ KUMAR LOHIA,1.4,Individual,2026-07-26T15:37:07.495535+00:00
LANCORHOL,2026-06-30,MAHENDRA GIRDHARILAL,1.39,Individual,2026-07-26T15:37:07.495535+00:00
LATENTVIEW,2026-06-30,Gopinath Koteeswaran,4.58,Individual,2026-07-26T15:37:10.257862+00:00
LATENTVIEW,2026-06-30,Ramesh Hariharan,1.73,Individual,2026-07-26T15:37:10.257862+00:00
LAURUSLABS,2026-06-30,AKASH BHANSHALI,1.32,Individual,2026-07-26T15:37:11.056769+00:00
LAXMIDENTL,2026-06-30,Amrish Desai,2.02,NRI,2026-07-26T15:37:11.873344+00:00
LAXMIDENTL,2026-06-30,Parag Jamnadas Bhimjiyani,2.02,NRI,2026-07-26T15:37:11.873344+00:00
LAXMIINDIA,2026-06-30,Mukul Mahavir Agrawal,4.58,Individual,2026-07-26T15:37:12.744824+00:00
LGBBROSLTD,2026-06-30,ANIL KUMAR GOEL,1.3,Individual,2026-07-26T15:37:15.324708+00:00
LGBBROSLTD,2026-06-30,SRINIVASAN V,1.3,Individual,2026-07-26T15:37:15.324708+00:00
LGBBROSLTD,2026-06-30,B V EDUCATIONAL FOUNDATION,1.29,Individual,2026-07-26T15:37:15.324708+00:00
LIBERTSHOE,2026-06-30,Dheeraj Kumar Lohia,1.34,Individual,2026-07-26T15:37:16.161250+00:00
LIBERTSHOE,2026-06-30,Manju Singhi,1.21,Individual,2026-07-26T15:37:16.161250+00:00
LIBERTSHOE,2026-06-30,Sumeet Agarwal,1.13,Individual,2026-07-26T15:37:16.161250+00:00
LINC,2026-06-30,DHEERAJ KUMAR LOHIA,2.53,Individual,2026-07-26T15:37:18.287847+00:00
LINC,2026-06-30,AMIT SHARAFF,1.03,Individual,2026-07-26T15:37:18.287847+00:00
LINC,2026-06-30,NITIN CHUNILAL MEHTA,1.02,Individual,2026-07-26T15:37:18.287847+00:00
LINCOLN,2026-06-30,Dheeraj Kumar Lohia,1.24,Individual,2026-07-26T15:37:18.926224+00:00
LINDEINDIA,2026-06-30,Manish Jain,1.96,Individual,2026-07-26T15:37:19.551951+00:00
LINDEINDIA,2026-06-30,Vanaja Sundar Iyer,1.01,Individual,2026-07-26T15:37:19.551951+00:00
LLOYDSME,2026-06-30,OM HARI MAHABIR PRASAD HALAN,1.08,Individual,2026-07-26T15:37:20.903164+00:00
LMW,2026-06-30,Nemish S Shah,5.24,Individual,2026-07-26T15:37:22.020877+00:00
LMW,2026-06-30,Rekha N Shah,1.47,Individual,2026-07-26T15:37:22.020877+00:00
LORDSCHLO,2026-06-30,SANGEETA PAREEKH,1.01,Individual,2026-07-26T15:38:28.113379+00:00
LOYALTEX,2026-06-30,MOHAN GUPTA,2.8,Individual,2026-07-26T15:38:29.045778+00:00
LOYALTEX,2026-06-30,PREM LATA KASERA,1.0,Individual,2026-07-26T15:38:29.045778+00:00
LTFOODS,2026-06-30,MUKUL MAHAVIR AGRAWAL,1.12,Individual,2026-07-26T15:38:32.691901+00:00
LUMAXTECH,2026-06-30,D SRIMATHI,1.19,Individual,2026-07-26T15:38:35.341643+00:00
LUXIND,2026-06-30,MUKUL MAHAVIR AGRAWAL,1.55,Individual,2026-07-26T15:38:37.261845+00:00
M&MFIN,2026-06-30,Ashish Dhawan,1.05,Individual,2026-07-26T15:38:42.472917+00:00
MAGADSUGAR,2026-06-30,Man Mohan Singh,5.35,Individual,2026-07-26T15:38:43.865219+00:00
MAGADSUGAR,2026-06-30,Anuradha Sharma,4.99,Individual,2026-07-26T15:38:43.865219+00:00
MAGADSUGAR,2026-06-30,Anil Kumar Goel,4.44,Individual,2026-07-26T15:38:43.865219+00:00
MAHAPEXLTD,2026-06-30,KAILASHBEN ASHOKKUMAR PATEL,1.02,Individual,2026-07-26T15:38:45.266761+00:00
MAHSCOOTER,2026-06-30,HEMANTKUMAR HASMUKHRAI AMIN,1.62,NRI,2026-07-26T15:38:50.132106+00:00
MAHSCOOTER,2026-06-30,RAAMDEO RAMGOPAL AGRAWAL,1.6,Individual,2026-07-26T15:38:50.132106+00:00
MAMATA,2026-06-30,AJAY UPADHYAYA,2.03,Individual,2026-07-26T15:41:47.454782+00:00
MAMATA,2026-06-30,ANJALI ANIRUDDHA MALPANI,1.42,Individual,2026-07-26T15:41:47.454782+00:00
MANGCHEFER,2025-09-30,DOLLY KHANNA,3.99,Individual,2026-07-26T15:41:51.601218+00:00
MANINDS,2026-06-30,Ashish Kacholia,3.04,Individual,2026-07-26T15:41:53.116336+00:00
MANINDS,2026-06-30,Vikas Vijaykumar Khemani,2.39,Individual,2026-07-26T15:41:53.116336+00:00
MANINDS,2026-06-30,Hiten Dilip Bhatia,1.41,NRI,2026-07-26T15:41:53.116336+00:00
MANINDS,2026-06-30,Anil Laxmichand Shah,1.04,Individual,2026-07-26T15:41:53.116336+00:00
MANINFRA,2026-06-30,Suketu Ramesh Shah,1.86,Individual,2026-07-26T15:41:53.575080+00:00
MANOMAY,2026-06-30,BHAGCHAND BUMB,1.42,Individual,2026-07-26T15:41:55.298324+00:00
MANOMAY,2026-06-30,AMAN JAIN,1.29,Individual,2026-07-26T15:41:55.298324+00:00
MANOMAY,2026-06-30,DURGA PRASAD MAHAVIR PRASAD JHAWAR,1.11,Individual,2026-07-26T15:41:55.298324+00:00
MANOMAY,2026-06-30,SUSHIL KUMAR LADDHA,1.05,Individual,2026-07-26T15:41:55.298324+00:00
MANOMAY,2026-06-30,ARUNA JAIN,1.0,Individual,2026-07-26T15:41:55.298324+00:00
MANORG,2026-06-30,Radhakishan S Damani,2.17,Individual,2026-07-26T15:41:55.903867+00:00
MARALOVER,2026-06-30,AJAY UPADHYAYA,1.74,Individual,2026-07-26T15:41:58.049024+00:00
MARATHON,2026-06-30,RAHUL DILIPBHAI JHAVERI,1.48,Individual,2026-07-26T15:41:58.526615+00:00
MASKINVEST,2026-06-30,Mahesh Kabra,2.74,Individual,2026-07-26T15:42:02.500507+00:00
MASTEK,2026-06-30,RAKESH RAMAN,3.39,NRI,2026-07-26T15:42:03.188016+00:00
MASTERTR,2026-06-30,SANGEETA PAREEKH,1.27,Individual,2026-07-26T15:42:03.815361+00:00
MATRIMONY,2026-06-30,VINOD HASHMATRAI PUNWANI,1.26,Individual,2026-07-26T15:42:04.488858+00:00
MAXESTATES,2026-06-30,SUNIL VACHANI,1.04,Individual,2026-07-26T15:46:54.925314+00:00
MAXIND,2026-06-30,MURUGU SELVAN K,1.46,Individual,2026-07-26T15:46:58.699428+00:00
MAXIND,2026-06-30,NIVEDITA RITESH OSWAL,1.13,Individual,2026-07-26T15:46:58.699428+00:00
MAYURUNIQ,2026-06-30,VIJAYA S,1.09,Individual,2026-07-26T15:46:59.405662+00:00
MAZDA,2026-06-30,Sharad Kanayalal Shah,3.06,Individual,2026-07-26T15:47:00.107887+00:00
MAZDA,2026-06-30,Nilesh Hastimal Shah,1.06,Individual,2026-07-26T15:47:00.107887+00:00
MBAPL,2026-06-30,MAHENDRA GARG,1.24,Individual,2026-07-26T15:47:02.016813+00:00
MBAPL,2026-06-30,SHASHI ASHOK JAIN,1.04,Individual,2026-07-26T15:47:02.016813+00:00
MBLINFRA,2026-06-30,Ms. Jyoti Mundra,1.01,Individual,2026-07-26T15:47:04.141252+00:00
MCLEODRUSS,2026-06-30,Anurag Choudhary,1.48,Individual,2026-07-26T15:47:04.939686+00:00
MCLEODRUSS,2026-06-30,MANJU GAGGAR,1.08,Individual,2026-07-26T15:47:04.939686+00:00
MCLEODRUSS,2026-06-30,NIRAJ RAJNIKANT SHAH,1.02,Individual,2026-07-26T15:47:04.939686+00:00
MCLOUD,2026-06-30,VENKATESAN RAMASAMY,4.34,NRI,2026-07-26T15:47:05.753361+00:00
MCLOUD,2026-06-30,THANGAVELU SELVARAJ,3.7,NRI,2026-07-26T15:47:05.753361+00:00
MCLOUD,2026-06-30,VIJAY MAHENDRA CHAUHAN,2.66,Individual,2026-07-26T15:47:05.753361+00:00
MCLOUD,2026-06-30,SANJAY MAHENDRA CHAUHAN,2.42,Individual,2026-07-26T15:47:05.753361+00:00
MCLOUD,2026-06-30,VARSHA CHAUHAN,1.66,Individual,2026-07-26T15:47:05.753361+00:00
MCLOUD,2026-06-30,KUTIR NAVINCHANDRA PATEL,1.05,Individual,2026-07-26T15:47:05.753361+00:00
MEDICAMEQ,2026-06-30,Ritesh Kantilal Oswal,1.15,Individual,2026-07-26T15:47:08.199332+00:00
MEDICAMEQ,2026-06-30,Vijay Amichand Sanghvi,1.11,Individual,2026-07-26T15:47:08.199332+00:00
MFML,2026-06-30,Kalpesh Ranchhodbhai Patel,2.1,Individual,2026-07-26T15:47:12.524157+00:00
MGEL,2026-06-30,Chungath Karunakaran Padma Kumar,3.78,NRI,2026-07-26T15:47:14.302301+00:00
MGEL,2026-06-30,Sarath Ch,1.49,Individual,2026-07-26T15:47:14.302301+00:00
MHRIL,2026-06-30,VIJAY KISHANLAL KEDIA,1.0,Individual,2026-07-26T15:47:17.312688+00:00
MITCON,2026-06-30,Hasmukh Ravji Savla,4.29,Individual,2026-07-26T15:47:43.023952+00:00
MITCON,2026-06-30,Jigar Hasmukh Savla,1.99,Individual,2026-07-26T15:47:43.023952+00:00
MITCON,2026-06-30,Medha Ravindra Shrikhande,1.08,Individual,2026-07-26T15:47:43.023952+00:00
MITCON,2026-06-30,Renuka Rajeev Shrikhande,1.08,Individual,2026-07-26T15:47:43.023952+00:00
MMP,2026-06-30,GAUTAM RASIKLAL ASHRA,2.63,Individual,2026-07-26T15:47:43.710460+00:00
MOBIKWIK,2026-06-30,Milind Pankaj Patel,1.16,Individual,2026-07-26T15:47:44.989133+00:00
MOHITIND,2026-06-30,SUJIT KRISHNA PUTHRAN,1.31,Individual,2026-07-26T15:47:45.568166+00:00
MOL,2026-06-30,Gadia Naveen Vishwanath,1.28,NRI,2026-07-26T15:47:46.315826+00:00
MOLDTECH,2026-06-30,VENKATA APPA RAO KOTA GIRI,1.57,Individual,2026-07-26T15:47:47.036760+00:00
MOLDTKPAC,2026-06-30,NANDA KISHORE SHARMA,2.57,Individual,2026-07-26T15:47:47.754865+00:00
MONTECARLO,2026-06-30,Vijaykumar Mangturam Khemani,1.3,Individual,2026-07-26T15:47:48.521757+00:00
MPSLTD,2026-06-30,MUKUL MAHAVIR AGRAWAL,4.46,Individual,2026-07-26T15:47:53.835985+00:00
MUFTI,2026-06-30,Vikram Pratapbhai Kotak,1.07,Individual,2026-07-26T15:47:59.136455+00:00
MUNJALSHOW,2026-06-30,Zaki Abbas Nasser,1.51,Individual,2026-07-26T15:50:24.839510+00:00
MWL,2026-06-30,Kiran Jain,1.87,Individual,2026-07-26T15:50:28.717898+00:00
MWL,2026-06-30,Asha Garg,1.33,Individual,2026-07-26T15:50:28.717898+00:00
MWL,2026-06-30,Naresh Naratmal Garg,1.33,Individual,2026-07-26T15:50:28.717898+00:00
NACLIND,2026-06-30,RAJESH KUMAR AGARWAL,7.84,Individual,2026-07-26T15:50:30.752310+00:00
NAHARCAP,2026-06-30,ANIL KUMAR GOEL,2.5,Individual,2026-07-26T15:50:33.618594+00:00
NAHARCAP,2026-06-30,SANGEETHA S,1.45,Individual,2026-07-26T15:50:33.618594+00:00
NAHARPOLY,2026-06-30,SANGEETHA S,2.4,Individual,2026-07-26T15:50:35.901502+00:00
NAHARPOLY,2026-06-30,ANIL KUMAR GOEL,1.17,Individual,2026-07-26T15:50:35.901502+00:00
NAHARSPING,2026-06-30,ANIL KUMAR GOEL,5.14,Individual,2026-07-26T15:50:36.657846+00:00
NAHARSPING,2026-06-30,SEEMA GOEL,1.9,Individual,2026-07-26T15:50:36.657846+00:00
NATCAPSUQ,2026-06-30,SANGEETHA S,3.14,Individual,2026-07-26T15:50:37.506293+00:00
NATCAPSUQ,2026-06-30,ANURAG SINGHI,1.69,Individual,2026-07-26T15:50:37.506293+00:00
NATCOPHARM,2026-06-30,AKASH BHANSHALI,1.01,Individual,2026-07-26T15:50:38.234947+00:00
NATHBIOGEN,2026-06-30,SEETHA KUMARI,2.79,Individual,2026-07-26T15:50:39.468136+00:00
NATHBIOGEN,2026-06-30,SATPAL KHATTAR,2.1,NRI,2026-07-26T15:50:39.468136+00:00
NAUKRI,2026-06-30,Anil Lall,2.42,Individual,2026-07-26T15:50:40.341528+00:00
NAVA,2026-06-30,SUNITHA VEMULAPALLI,1.42,Individual,2026-07-26T15:50:41.553956+00:00
NAVINFLUOR,2026-06-30,AJAY UPADHYAYA,1.01,Individual,2026-07-26T15:50:42.135279+00:00
NAZARA,2026-06-30,Nksquared,1.89,Individual,2026-07-26T15:50:45.258223+00:00
NAZARA,2026-06-30,Kamath Associates,1.62,Individual,2026-07-26T15:50:45.258223+00:00
NAZARA,2026-06-30,Ram Babu Gupta,1.52,Individual,2026-07-26T15:50:45.258223+00:00
NAZARA,2026-06-30,Riyaz Suterwalla,1.08,NRI,2026-07-26T15:50:45.258223+00:00
NCC,2026-06-30,REKHA JHUNJHUNWALA,10.63,Individual,2026-07-26T15:50:48.049943+00:00
NCLIND,2026-06-30,BYNA MURALI BYNA SAILAJA NARASIMHA RAJU BYNA,1.11,Individual,2026-07-26T15:50:48.938074+00:00
NCLIND,2026-06-30,BHARAT C JAIN AMIT BHUTRA,1.05,Individual,2026-07-26T15:50:48.938074+00:00
NDGL,2026-06-30,VAYJAYANTI PUGALIA,3.12,Individual,2026-07-26T15:50:49.720461+00:00
NDGL,2026-06-30,CHAKKALAKKAL KUNJUVAREED STEEPHEN,2.22,Individual,2026-07-26T15:50:49.720461+00:00
NDLVENTURE,2026-06-30,DILIPKUMAR LAKHI,1.39,Individual,2026-07-26T15:50:51.645384+00:00
NDTV,2026-06-30,PRANNOY ROY,1.2,Individual,2026-07-26T15:50:53.079021+00:00
NELCAST,2026-06-30,VEENA P,1.52,Individual,2026-07-26T15:50:54.592772+00:00
NELCAST,2026-06-30,VIRAJA PERNETI,1.42,Individual,2026-07-26T15:50:54.592772+00:00
NEOGEN,2026-06-30,Shalu Aggarwal,1.13,Individual,2026-07-26T15:50:56.230395+00:00
NEULANDLAB,2026-06-30,MUKUL MAHAVIR AGRAWAL,3.12,Individual,2026-07-26T15:51:30.088126+00:00
NEULANDLAB,2026-06-30,SIDDHARTH IYER,1.67,Individual,2026-07-26T15:51:30.088126+00:00
NEXTMEDIA,2026-06-30,ALTAF YUSUF WAHEDNA,1.07,Individual,2026-07-26T15:51:30.882149+00:00
NH,2026-06-30,RENUKA JAGTIANI,1.24,NRI,2026-07-26T15:51:32.409729+00:00
NIITLTD,2026-06-30,CHETAN JAYANTILAL SHAH,1.1,Individual,2026-07-26T15:51:34.350103+00:00
NILAINFRA,2026-06-30,SHOBHA IMTIYAZ DESAI,1.47,NRI,2026-07-26T15:51:35.670112+00:00
NILAINFRA,2026-06-30,ASHISH BHARATKUMAR SHAH,1.33,Individual,2026-07-26T15:51:35.670112+00:00
NILASPACES,2026-06-30,SHOBHA IMTIYAZ DESAI,1.07,NRI,2026-07-26T15:51:36.231565+00:00
NILASPACES,2026-06-30,NIVEDITA RITESH OSWAL,1.05,Individual,2026-07-26T15:51:36.231565+00:00
NILKAMAL,2026-06-30,Seetha Kumari,5.46,Individual,2026-07-26T15:51:36.923271+00:00
NIPPOBATRY,2026-06-30,SHARAD KANAYALAL SHAH,4.24,Individual,2026-07-26T15:51:37.466583+00:00
NIPPOBATRY,2026-06-30,VARSHA SHARAD SHAH,1.14,Individual,2026-07-26T15:51:37.466583+00:00
NITCO,2026-06-30,Sukhraj Babulalji Nahar,1.13,Individual,2026-07-26T15:51:38.173199+00:00
NOCIL,2026-06-30,TEJAS BALCHANDRA TRIVEDI,2.82,Individual,2026-07-26T15:51:41.540300+00:00
NOCIL,2026-06-30,NILESH KISHOR SHAH,1.74,Individual,2026-07-26T15:51:41.540300+00:00
NOCIL,2026-06-30,PRASHANT JAIN,1.12,Individual,2026-07-26T15:51:41.540300+00:00
NOIDATOLL,2026-06-30,BOLLACHETTIRA DHYAN APPACHU,2.77,Individual,2026-07-26T15:51:42.112593+00:00
NOIDATOLL,2026-06-30,DILIP THAKKAR,2.19,Individual,2026-07-26T15:51:42.112593+00:00
NOIDATOLL,2026-06-30,PRIYA SINGH AGGARWAL,2.15,Individual,2026-07-26T15:51:42.112593+00:00
NOIDATOLL,2026-06-30,RAHUL KAPUR,1.87,Individual,2026-07-26T15:51:42.112593+00:00
NOIDATOLL,2026-06-30,BHARATI BHARAT DATTANI,1.18,Individual,2026-07-26T15:51:42.112593+00:00
NOIDATOLL,2026-06-30,JAY BHARAT DATTANI,1.07,Individual,2026-07-26T15:51:42.112593+00:00
NORTHARC,2026-06-30,ASHISH DHAWAN,2.17,Individual,2026-07-26T15:51:42.757380+00:00
NPST,2026-06-30,Manoj Tulsian,2.67,Individual,2026-07-26T15:51:43.971242+00:00
NPST,2026-06-30,Alka Tulsian,1.39,Individual,2026-07-26T15:51:43.971242+00:00
NPST,2026-06-30,Rajiv Beri,1.29,Individual,2026-07-26T15:51:43.971242+00:00
NPST,2026-06-30,Anshul Aggarwal,1.02,Individual,2026-07-26T15:51:43.971242+00:00
NRAIL,2026-06-30,MUKUL MAHAVIR AGRAWAL,2.06,Individual,2026-07-26T15:51:44.476757+00:00
NRAIL,2026-06-30,DEVENDRA BANKATLAL RATHI,1.8,Individual,2026-07-26T15:51:44.476757+00:00
NRBBEARING,2026-06-30,CHETAN JAYANTILAL SHAH,1.29,Individual,2026-07-26T15:51:45.041130+00:00
NSIL,2026-06-30,Ricky Ishwardas Kirpalani,2.97,NRI,2026-07-26T15:53:53.297156+00:00
NSIL,2026-06-30,Keswani Haresh,2.36,NRI,2026-07-26T15:53:53.297156+00:00
NUVAMA,2026-06-30,Rashesh Chandrakant Shah,2.39,Individual,2026-07-26T15:53:57.712958+00:00
NUVAMA,2026-06-30,Mukul Mahavir Agrawal,1.37,Individual,2026-07-26T15:53:57.712958+00:00
NYKAA,2026-06-30,Harindarpal Singh Banga,2.86,NRI,2026-07-26T15:53:58.957130+00:00
NYKAA,2026-06-30,Narotam.S.Sekhsaria,1.2,Individual,2026-07-26T15:53:58.957130+00:00
ODIGMA,2026-06-30,Vishwas Ambalal Patel,11.01,Individual,2026-07-26T15:54:00.905978+00:00
ODIGMA,2026-06-30,Sonal Mayur Desai,4.37,Individual,2026-07-26T15:54:00.905978+00:00
ODIGMA,2026-06-30,Mayur Mukundbhai Desai,3.03,Individual,2026-07-26T15:54:00.905978+00:00
ODIGMA,2026-06-30,Variniben Vishwaskumar Patel,2.37,Individual,2026-07-26T15:54:00.905978+00:00
ODIGMA,2026-06-30,Vijayakumar Vadathavoor Subramanian,1.57,Individual,2026-07-26T15:54:00.905978+00:00
ODIGMA,2026-06-30,Vivek Vishwas Patel,1.4,Individual,2026-07-26T15:54:00.905978+00:00
ODIGMA,2026-06-30,Diptiben Ileshkumar Shah,1.13,Individual,2026-07-26T15:54:00.905978+00:00
OMAXE,2026-06-30,AJAY UPADHYAYA,1.5,Individual,2026-07-26T15:54:04.059380+00:00
ONWARDTEC,2026-06-30,Parish Arun Meghani,1.51,Individual,2026-07-26T15:54:06.118868+00:00
ORBTEXP,2026-06-30,Sushila Paraskumar Daga,4.47,Individual,2026-07-26T15:57:43.397990+00:00
ORBTEXP,2026-06-30,Kaushik Daga,3.01,Individual,2026-07-26T15:57:43.397990+00:00
ORBTEXP,2026-06-30,Shreans Daga,3.01,Individual,2026-07-26T15:57:43.397990+00:00
ORBTEXP,2026-06-30,Varun Daga,3.01,Individual,2026-07-26T15:57:43.397990+00:00
ORBTEXP,2026-06-30,Parshva Kumar Daga,1.76,Individual,2026-07-26T15:57:43.397990+00:00
ORICONENT,2026-06-30,NIRAJ RAJNIKANT SHAH,4.04,Individual,2026-07-26T15:57:45.153728+00:00
ORICONENT,2026-06-30,SIDDHANT VINAYAK BADANI,1.17,Individual,2026-07-26T15:57:45.153728+00:00
ORTINGLOBE,2026-06-30,SURESH GADALAY,6.35,Individual,2026-07-26T15:57:50.883978+00:00
ORTINGLOBE,2026-06-30,RAJESH PODDAR,4.69,Individual,2026-07-26T15:57:50.883978+00:00
ORTINGLOBE,2026-06-30,MIR ATA ALI KHAN,2.65,Individual,2026-07-26T15:57:50.883978+00:00
ORTINGLOBE,2026-06-30,NALLAVOLU JAYAMMA,1.69,Individual,2026-07-26T15:57:50.883978+00:00
ORTINGLOBE,2026-06-30,PRABHA RAMESHKUMAR GUPTA,1.12,Individual,2026-07-26T15:57:50.883978+00:00
ORTINGLOBE,2026-06-30,SAADVIK RAGHURAM YELLAREDDYGARI,1.05,Individual,2026-07-26T15:57:50.883978+00:00
OSIAHYPER,2026-03-31,JAY VASANTBHAI TURAKHIYA,3.33,Individual,2026-07-26T15:57:51.489717+00:00
OSIAHYPER,2026-03-31,SACHIN GOVINDLAL MODI,2.69,Individual,2026-07-26T15:57:51.489717+00:00
OSIAHYPER,2026-03-31,PINAKIN DAYASHANKAR MADEKA,2.63,Individual,2026-07-26T15:57:51.489717+00:00
OSIAHYPER,2026-03-31,GADHIA KAMLESH PRAVINBHAI,2.09,Individual,2026-07-26T15:57:51.489717+00:00
OSIAHYPER,2026-03-31,MANESH DAYASHANKAR MADEKA,1.95,Individual,2026-07-26T15:57:51.489717+00:00
OSIAHYPER,2026-03-31,MIHIR RUPESHKUMAR MADEKA,1.58,Individual,2026-07-26T15:57:51.489717+00:00
OSIAHYPER,2026-03-31,MONA CHETAN ROKAD,1.28,Individual,2026-07-26T15:57:51.489717+00:00
OSIAHYPER,2026-03-31,RUPESH DAYASHANKAR MADEKA,1.05,Individual,2026-07-26T15:57:51.489717+00:00
OSWALAGRO,2026-06-30,TILOK CHAND CHHABRA,1.47,Individual,2026-07-26T15:57:52.050857+00:00
PAKKA,2026-06-30,SANGEETHA S,1.88,Individual,2026-07-26T15:57:55.388389+00:00
PAKKA,2026-06-30,VANDANA SEHGAL,1.15,Individual,2026-07-26T15:57:55.388389+00:00
PALASHSECU,2026-06-30,Ashish Bharatkumar Shah,3.23,Individual,2026-07-26T15:57:56.102442+00:00
PALREDTEC,2026-06-30,MATHEW CYRIAC,20.44,Individual,2026-07-26T15:57:56.620719+00:00
PALREDTEC,2026-06-30,ASHISH DHAWAN,5.54,Individual,2026-07-26T15:57:56.620719+00:00
PALREDTEC,2026-06-30,RAMESH SUNDARAM,1.02,Individual,2026-07-26T15:57:56.620719+00:00
PASHUPATI,2026-06-30,MUKESHKUMAR V PATEL,5.73,Individual,2026-07-26T15:58:00.715940+00:00
PASHUPATI,2026-06-30,TORALBEN URDEEP BRAHMBHATT,2.15,Individual,2026-07-26T15:58:00.715940+00:00
PATANJALI,2026-06-30,PRADEEP KUMAR AGARWAL,1.25,Individual,2026-07-26T15:59:03.838179+00:00
PAYTM,2026-06-30,Akash Bhanshali,1.24,Individual,2026-07-26T15:59:04.951661+00:00
PDSL,2026-06-30,SANJIV DHIRESHBHAI SHAH,5.37,Individual,2026-07-26T15:59:07.412402+00:00
PDSL,2026-06-30,MUKUL MAHAVIR AGRAWAL,2.38,Individual,2026-07-26T15:59:07.412402+00:00
PDSL,2026-06-30,VISHAL RAMESHBHAI PATEL,1.21,Individual,2026-07-26T15:59:07.412402+00:00
PENIND,2026-06-30,AJAY KUMAR AGGARWAL,1.01,Individual,2026-07-26T15:59:09.328427+00:00
PERSISTENT,2026-06-30,Shridhar Bhalchandra Shukla,1.4,Individual,2026-07-26T15:59:10.774736+00:00
PFOCUS,2026-06-30,Prabhu Narasimhan,1.5,NRI,2026-07-26T15:59:13.254031+00:00
PILITA,2026-06-30,RAKSHA GORWARA,1.26,Individual,2026-07-26T16:01:02.203651+00:00
PLATIND,2026-06-30,AJAY KUMAR AGGARWAL,1.11,Individual,2026-07-26T16:01:03.473149+00:00
PNBGILTS,2026-06-30,VINEET NAHATA,1.7,Individual,2026-07-26T16:01:05.440693+00:00
PNC,2026-06-30,Bharati Kamal Morarka,6.12,Individual,2026-07-26T16:01:06.736809+00:00
PNC,2026-06-30,Hasmukh Parekh,1.09,Individual,2026-07-26T16:01:06.736809+00:00
PODDARMENT,2026-06-30,Pramila Maheshkumar Bang,2.65,Individual,2026-07-26T16:01:09.038795+00:00
PODDARMENT,2026-06-30,Seetha Kumari,2.48,Individual,2026-07-26T16:01:09.038795+00:00
PODDARMENT,2026-06-30,Manan Mahesh Bang,2.12,Individual,2026-07-26T16:01:09.038795+00:00
PODDARMENT,2026-06-30,Sangeetha S,1.35,Individual,2026-07-26T16:01:09.038795+00:00
POLYCAB,2026-06-30,ANIL HARIRAM HARIANI,2.98,Individual,2026-07-26T16:01:11.040461+00:00
POLYMED,2026-06-30,NIRMALA VINODKUMAR DAGA,1.16,Individual,2026-07-26T16:01:11.819755+00:00
PPAP,2026-06-30,Manohar Devabhaktuni,2.5,NRI,2026-07-26T13:00:07.313772+00:00
PRABHA,2026-06-30,Dharen Shantilal Savla,8.52,Individual,2026-07-26T16:01:17.674361+00:00
PRAKASH,2026-06-30,DOLLY KHANNA,2.12,Individual,2026-07-26T16:01:19.057138+00:00
PRAXIS,2026-06-30,Mathew Cyriac,9.05,Individual,2026-07-26T16:01:20.385724+00:00
PRAXIS,2026-06-30,Subhash Phootarmal Rathod,4.91,Individual,2026-07-26T16:01:20.385724+00:00
PRAXIS,2026-06-30,Saajan Subhash Rathod,4.17,Individual,2026-07-26T16:01:20.385724+00:00
PRAXIS,2026-06-30,Meenu Bhanshali,2.15,Individual,2026-07-26T16:01:20.385724+00:00
PRAXIS,2026-06-30,Akash Bhanshali,2.14,Individual,2026-07-26T16:01:20.385724+00:00
PRAXIS,2026-06-30,Mangal Bhanshali,1.08,Individual,2026-07-26T16:01:20.385724+00:00
PRAXIS,2026-06-30,Lalchand Atmaram Tahilramani,1.04,NRI,2026-07-26T16:01:20.385724+00:00
PRECAM,2026-06-30,Maneesh Jayant Aradhye,8.42,Individual,2026-07-26T16:01:21.001471+00:00
PRECAM,2026-06-30,Ajay Upadhyaya,2.11,Individual,2026-07-26T16:01:21.001471+00:00
PRECAM,2026-06-30,Rama Maneesh Aradhye,1.48,Individual,2026-07-26T16:01:21.001471+00:00
PRECAM,2026-06-30,Jayant Aradhye,1.17,Individual,2026-07-26T16:01:21.001471+00:00
PRECOT,2026-06-30,Anil Kumar Goel,3.53,Individual,2026-07-26T16:01:21.833135+00:00
PRECOT,2026-06-30,Anant Jain,1.5,Individual,2026-07-26T16:01:21.833135+00:00
PRECOT,2026-06-30,Yachna Bhatia,1.09,Individual,2026-07-26T16:01:21.833135+00:00
PRECOT,2026-06-30,Shivani Tejas Trivedi,1.02,Individual,2026-07-26T16:01:21.833135+00:00
PREMIER,2026-06-30,Mahendra Girdharilal,1.87,Individual,2026-07-26T16:01:23.230107+00:00
PREMIER,2026-06-30,Amit Subhashchandra Bhalgat,1.05,Individual,2026-07-26T16:01:23.230107+00:00
PRIMESECU,2026-06-30,Mahendra Jayantilal Shah,2.78,Individual,2026-07-26T16:01:26.076463+00:00
PRIMESECU,2026-06-30,Priya Singh Aggarwal,1.97,Individual,2026-07-26T16:01:26.076463+00:00
PRIMESECU,2026-06-30,Ravi Kumar Aggarwal,1.46,Individual,2026-07-26T16:01:26.076463+00:00
PRIMESECU,2026-06-30,Vinay Mittal,1.33,Individual,2026-07-26T16:01:26.076463+00:00
PRIMESECU,2026-06-30,Prakriti Sharma,1.3,Individual,2026-07-26T16:01:26.076463+00:00
PRIMESECU,2026-06-30,Santosh Desai,1.25,Individual,2026-07-26T16:01:26.076463+00:00
PRIMESECU,2026-06-30,Anand Jaikumar Jain,1.18,Individual,2026-07-26T16:01:26.076463+00:00
PRINCEPIPE,2026-06-30,Madhulika Agarwal,1.3,Individual,2026-07-26T16:01:28.752918+00:00
PRIVISCL,2026-06-30,Bhartula V J K Sharma,1.38,Individual,2026-07-26T16:01:29.896800+00:00
PROTEAN,2026-06-30,Mukul Mahavir Agrawal,1.48,Individual,2026-07-26T16:01:30.736368+00:00
PROTEAN,2026-06-30,Ajay Kumar Aggarwal,1.06,Individual,2026-07-26T16:01:30.736368+00:00
PROTEAN,2026-06-30,Ramesh Damani,1.05,Individual,2026-07-26T16:01:30.736368+00:00
PROZONER,2026-06-30,SARITA JAIN,1.48,Individual,2026-07-26T16:01:31.266833+00:00
PSPPROJECT,2026-06-30,MADHULIKA AGARWAL,2.27,Individual,2026-07-26T16:01:34.284659+00:00
PTC,2026-06-30,NIHAR NANDAN NILEKANI,2.04,NRI,2026-07-26T16:01:34.943112+00:00
PVSL,2026-06-30,Nimisha Himanshu Shah,1.43,Individual,2026-07-26T16:01:38.359873+00:00
QUESS,2026-06-30,Ashish Dhawan,4.9,Individual,2026-07-26T16:01:40.277872+00:00
RADIOCITY,2026-06-30,DHEERAJ KUMAR LOHIA,1.2,Individual,2026-07-26T16:01:42.562421+00:00
RAINBOW,2026-06-30,NAGALAKSHMI DEVINENI,1.18,Individual,2026-07-26T16:01:44.034961+00:00
RAINBOW,2026-06-30,PODDUTURU PREETHAM KUMAR,1.07,Individual,2026-07-26T16:01:44.034961+00:00
RAJRATAN,2026-06-30,Kishan Gopal Mohta,1.7,Individual,2026-07-26T16:01:45.478890+00:00
RAJRATAN,2026-06-30,D Srimathi,1.21,Individual,2026-07-26T16:01:45.478890+00:00
RAJRATAN,2026-06-30,Chandrakant Nagar,1.03,Individual,2026-07-26T16:01:45.478890+00:00
RAJSREESUG,2026-06-30,Pethinaidu Surulinarayanasami,3.41,NRI,2026-07-26T16:01:46.246744+00:00
RAJSREESUG,2026-06-30,Panna Lal Bhansali,1.34,Individual,2026-07-26T16:01:46.246744+00:00
RAJSREESUG,2026-06-30,Anvar Jay Varadaraj,1.21,Individual,2026-07-26T16:01:46.246744+00:00
RAJSREESUG,2026-06-30,Maya Jay Varadaraj,1.2,Individual,2026-07-26T16:01:46.246744+00:00
RAJSREESUG,2026-06-30,Varun Jay Varadaraj,1.2,Individual,2026-07-26T16:01:46.246744+00:00
RAMANEWS,2026-06-30,Shaunak Jagdish Shah,1.35,Individual,2026-07-26T16:01:47.527838+00:00
RAMCOCEM,2026-06-30,GOVINDLAL M PARIKH,1.51,Individual,2026-07-26T16:01:48.154435+00:00
RAMCOIND,2026-06-30,GOVINDLAL M PARIKH,7.62,Individual,2026-07-26T16:01:48.830231+00:00
RAMCOIND,2026-06-30,KRISHNASAMY KUMARAN,1.16,Individual,2026-07-26T16:01:48.830231+00:00
RAMCOSYS,2026-06-30,RAVIKUMAR RAMKISHORE SANWALKA,1.42,Individual,2026-07-26T16:01:49.898877+00:00
RAMCOSYS,2026-06-30,CHETAN JAYANTILAL SHAH,1.22,Individual,2026-07-26T16:01:49.898877+00:00
RANEHOLDIN,2026-06-30,VIJAYA S,2.12,Individual,2026-07-26T16:01:51.730701+00:00
RANEHOLDIN,2026-06-30,KRISHNASWAMY MOHAN,1.56,Individual,2026-07-26T16:01:51.730701+00:00
RANEHOLDIN,2026-06-30,SRINIVASAN VARADARAJAN,1.43,Individual,2026-07-26T16:01:51.730701+00:00
RANEHOLDIN,2026-06-30,ASHOK JAIN,1.36,Individual,2026-07-26T16:01:51.730701+00:00
RANEHOLDIN,2026-06-30,VINITHRA SEKHAR,1.0,Individual,2026-07-26T16:01:51.730701+00:00
RATNAMANI,2026-06-30,Chunilal Fojaji Sanghvi,2.33,Individual,2026-07-26T16:01:52.449603+00:00
RAYMONDLSL,2026-06-30,Mukul Mahavir Agrawal,1.15,Individual,2026-07-26T16:01:53.634870+00:00
RBZJEWEL,2026-06-30,GEETANSHU LODHA,1.03,Individual,2026-07-26T16:01:56.051228+00:00
REGAAL,2026-06-30,Amit Dhirajlal Thakkar,1.48,Individual,2026-07-26T16:01:58.704059+00:00
RELIABLE,2026-06-30,HEMENDRA RATILAL MEHTA,4.32,Individual,2026-07-26T16:01:59.902730+00:00
RELIABLE,2026-06-30,PRITESH PRAKASH CHAVAN,3.68,Individual,2026-07-26T16:01:59.902730+00:00
RELIGARE,2026-06-30,ASHISH DHAWAN,5.24,Individual,2026-07-26T16:02:02.765178+00:00
RELTD,2026-06-30,MUKUL MAHAVIR AGRAWAL,1.22,Individual,2026-07-26T16:02:03.668830+00:00
REMSONSIND,2026-06-30,DEBASHISH NEOGI,1.02,NRI,2026-07-26T16:02:04.406029+00:00
REPRO,2026-06-30,Vijay Kishanlal Kedia,6.32,Individual,2026-07-26T16:02:06.355527+00:00
REPRO,2026-06-30,Madhuri Madhusudan Kela,3.31,Individual,2026-07-26T16:02:06.355527+00:00
REPRO,2026-06-30,Renuka Pranav Shah,1.05,Individual,2026-07-26T16:02:06.355527+00:00
RESPONIND,2026-06-30,SANJAY BABULAL SURANA,1.1,Individual,2026-07-26T16:02:07.004011+00:00
RETAIL,2026-06-30,VIJAY MOHAN GOVILA,3.05,Individual,2026-07-26T16:02:07.686424+00:00
RETAIL,2026-06-30,BHIM SAIN BASSI,1.18,Individual,2026-07-26T16:02:07.686424+00:00
RITCO,2026-06-30,Anushree Himanshubhai Shah,1.55,Individual,2026-07-26T16:02:11.797919+00:00
RITCO,2026-06-30,Vrushali Himanshu Shah,1.55,Individual,2026-07-26T16:02:11.797919+00:00
RITCO,2026-06-30,Kavish Vaibhav Shah,1.52,Individual,2026-07-26T16:02:11.797919+00:00
RITCO,2026-06-30,Deepinder Singh Poonian,1.22,Individual,2026-07-26T16:02:11.797919+00:00
RKEC,2026-06-30,SHAMOIL PLUMBER,1.32,Individual,2026-07-26T16:02:12.394758+00:00
RKFORGE,2026-06-30,LATA BHANSHALI,2.89,Individual,2026-07-26T16:02:13.026596+00:00
RKFORGE,2026-06-30,AKASH BHANSHALI,2.22,Individual,2026-07-26T16:02:13.026596+00:00
RKFORGE,2026-06-30,PAYAL BHANSHALI,1.19,Individual,2026-07-26T16:02:13.026596+00:00
RNBDENIMS,2026-06-30,LALITA NARESHKUMAR BORANA,2.44,Individual,2026-07-26T16:02:15.523463+00:00
RNBDENIMS,2026-06-30,CHANDRAKANT PANCHAL,1.46,Individual,2026-07-26T16:02:15.523463+00:00
RNBDENIMS,2026-06-30,NARESHKUMAR AMBALAL BORANA,1.27,Individual,2026-07-26T16:02:15.523463+00:00
RNBDENIMS,2026-06-30,KASHYAPKUMAR RAJENDRAKUMAR MEHTA,1.04,Individual,2026-07-26T16:02:15.523463+00:00
ROHLTD,2026-06-30,VAIBHAV DOSHI,1.1,Individual,2026-07-26T16:02:16.538344+00:00
ROLEXRINGS,2026-06-30,HEMAL PARESH MADEKA,1.13,Individual,2026-07-26T16:02:17.154210+00:00
ROLTA,2025-09-30,Ramakrishna Reddy Chinta,1.1,Individual,2026-07-26T16:02:17.930526+00:00
ROSSELLIND,2026-06-30,ASHWINI AGARWAL,1.89,Individual,2026-07-26T16:02:19.206290+00:00
ROSSTECH,2026-06-30,Ashwini Agarwal,1.89,Individual,2026-07-26T16:02:19.749120+00:00
ROTO,2026-06-30,AMIT GUPTA,1.0,Individual,2026-07-26T16:02:20.392470+00:00
RPEL,2026-06-30,UTPAL H SHETH,3.62,Individual,2026-07-26T16:02:21.652189+00:00
RPEL,2026-06-30,SANJAY KATKAR,2.44,Individual,2026-07-26T16:02:21.652189+00:00
RPEL,2026-06-30,NISHID BABULAL SHAH,2.14,Individual,2026-07-26T16:02:21.652189+00:00
RPEL,2026-06-30,KAILASH SAHEBRAO KATKAR,1.25,Individual,2026-07-26T16:02:21.652189+00:00
RPEL,2026-06-30,ANUPAMA KAILASH KATKAR,1.09,Individual,2026-07-26T16:02:21.652189+00:00
RPSGVENT,2026-06-30,Ashish Dhawan,3.73,Individual,2026-07-26T16:02:24.310449+00:00
RPSGVENT,2026-06-30,Veluru Girinatha Prakash,1.36,Individual,2026-07-26T16:02:24.310449+00:00
RPTECH,2026-06-30,Madhuri Madhusudan Kela,1.76,Individual,2026-07-26T16:02:25.285639+00:00
RRKABEL,2026-06-30,Mamta Ashok Loya,1.43,Individual,2026-07-26T16:02:26.265002+00:00
RSWM,2026-06-30,MINAL BHARAT PATEL,1.36,Individual,2026-07-26T16:02:27.001192+00:00
RSWM,2026-06-30,SANTOSH SITARAM GOENKA,1.31,Individual,2026-07-26T16:02:27.001192+00:00
RSWM,2026-06-30,PANNA LAL BHANSALI,1.23,Individual,2026-07-26T16:02:27.001192+00:00
RSWM,2026-06-30,ASHOK KUMAR LODHA,1.01,Individual,2026-07-26T16:02:27.001192+00:00
RSYSTEMS,2026-06-30,Bhavook Tripathi,20.47,NRI,2026-07-26T16:02:28.172546+00:00
RUBFILA,2026-06-30,ZAKI ABBAS NASSER,2.37,Individual,2026-07-26T16:02:30.109727+00:00
RUBYMILLS,2026-06-30,UMESH KISHOREKANT SANGHVI,2.33,Individual,2026-07-26T16:02:30.863456+00:00
RUBYMILLS,2026-06-30,RAJENDRAKUMAR JUGALKISHORE SABOO,1.27,Individual,2026-07-26T16:02:30.863456+00:00
RUSHIL,2026-06-30,NISARG AJAYKUMAR VAKHARIA,1.4,Individual,2026-07-26T16:02:33.833021+00:00
RVTH,2026-06-30,Rhea Dipak Shah,1.4,Individual,2026-07-26T16:02:36.102146+00:00
RVTH,2026-06-30,Neka Dipak Shah,1.34,Individual,2026-07-26T16:02:36.102146+00:00
RVTH,2026-06-30,Sharad Kanayalal Shah,1.1,Individual,2026-07-26T16:02:36.102146+00:00
S&SPOWER,2026-06-30,VIJAY AGGARWAL,1.01,Individual,2026-07-26T16:02:37.165092+00:00
S&SPOWER,2026-06-30,TANVI JIGNESH MEHTA,1.0,Individual,2026-07-26T16:02:37.165092+00:00
SABEVENTS,2026-06-30,RAMCHANDRA PRABODHCHANDRA PUROHIT,3.77,Individual,2026-07-26T16:02:38.025517+00:00
SABEVENTS,2026-06-30,SMITHA POLINENI,1.84,Individual,2026-07-26T16:02:38.025517+00:00
SABEVENTS,2026-06-30,RASHESH PUROHIT,1.43,Individual,2026-07-26T16:02:38.025517+00:00
SABEVENTS,2026-06-30,ASHIT SAREMAL SONIGRA,1.23,Individual,2026-07-26T16:02:38.025517+00:00
SADHNANIQ,2026-06-30,Niraj Bajaj,4.98,Individual,2026-07-26T16:02:40.239484+00:00
SAFARI,2026-06-30,Ashish Kacholia,1.84,Individual,2026-07-26T16:02:40.784450+00:00
SAILIFE,2026-06-30,ANITHA RUDRARAJU NANDYALA,1.55,NRI,2026-07-26T16:02:44.268905+00:00
SALZERELEC,2026-06-30,SHALU AGGARWAL,1.61,Individual,2026-07-26T16:02:47.475534+00:00
SALZERELEC,2026-06-30,TARUN KANTILAL VAKHARIA,1.39,Individual,2026-07-26T16:02:47.475534+00:00
SALZERELEC,2026-06-30,VIKAS VIJAYKUMAR KHEMANI,1.13,Individual,2026-07-26T16:02:47.475534+00:00
SAMBHAAV,2026-06-30,BELA HIMANSHU SHAH,3.66,Individual,2026-07-26T16:02:48.635156+00:00
SAMBHAAV,2026-06-30,KINNARI VAIBHAV SHAH,3.4,Individual,2026-07-26T16:02:48.635156+00:00
SAMHI,2026-06-30,AJAY KUMAR AGGARWAL,1.19,Individual,2026-07-26T16:02:49.251945+00:00
SAMPANN,2026-06-30,SHAILENDRA KUMAR AGARWAL,3.49,Individual,2026-07-26T16:02:50.908258+00:00
SANDESH,2026-06-30,SEETHA KUMARI,1.95,Individual,2026-07-26T16:02:52.517476+00:00
SANDESH,2026-06-30,SHARAD KANAYALAL SHAH,1.25,Individual,2026-07-26T16:02:52.517476+00:00
SANDUMA,2026-06-30,ANAND SHANKAR MALL,1.61,Individual,2026-07-26T16:02:53.689920+00:00
SANGAMIND,2026-06-30,MADHURI MADHUSUDAN KELA,4.86,Individual,2026-07-26T16:02:54.294405+00:00
SANGHIIND,2025-12-31,NKSquared,1.41,Individual,2026-07-26T16:02:55.056959+00:00
SANGHVIMOV,2026-06-30,Kedar Dattatraya Borgaonkar,7.21,Individual,2026-07-26T16:02:55.600867+00:00
SANGHVIMOV,2026-06-30,Arun Nahar,1.26,Individual,2026-07-26T16:02:55.600867+00:00
SANGHVIMOV,2026-06-30,Anil Kumar Goel,1.01,Individual,2026-07-26T16:02:55.600867+00:00
SARDAEN,2026-06-30,Mukul Mahavir Agrawal,1.14,Individual,2026-07-26T16:02:59.152883+00:00
SARLAPOLY,2026-06-30,ANIL KUMAR GOEL,2.73,Individual,2026-07-26T16:03:00.959553+00:00
SARLAPOLY,2026-06-30,VIJAYA S,1.26,Individual,2026-07-26T16:03:00.959553+00:00
SARLAPOLY,2026-06-30,SEEMA GOEL,1.09,Individual,2026-07-26T16:03:00.959553+00:00
SASKEN,2026-06-30,MADHUKER JAYANTILAL JHAVERI,3.13,Individual,2026-07-26T16:03:01.854767+00:00
SASKEN,2026-06-30,NIRAV SHIRISH MODY,1.93,Individual,2026-07-26T16:03:01.854767+00:00
SASKEN,2026-06-30,BADRUDDIN NURUDDIN AGARWALA,1.43,NRI,2026-07-26T16:03:01.854767+00:00
SATIA,2026-06-30,Rasbeer Singh,1.25,Individual,2026-07-26T16:03:02.803026+00:00
SCHAND,2026-06-30,SRINIVASAN VARADARAJAN,4.75,Individual,2026-07-26T16:03:09.474828+00:00
SCHNEIDER,2026-06-30,Akash Bhanshali,1.35,Individual,2026-07-26T16:03:10.040009+00:00
SDBL,2026-06-30,ANIL KUMAR ARORA,2.46,Individual,2026-07-26T16:03:12.114856+00:00
SDBL,2026-06-30,BANA SINGH,2.32,Individual,2026-07-26T16:03:12.114856+00:00
SDBL,2026-06-30,AVINASH KUMAR CHALANA,2.18,Individual,2026-07-26T16:03:12.114856+00:00
SDBL,2026-06-30,GANGADEEN PATEL,2.03,Individual,2026-07-26T16:03:12.114856+00:00
SDBL,2026-06-30,PREM CHAND PAL,1.71,Individual,2026-07-26T16:03:12.114856+00:00
SDBL,2026-06-30,MOHAR SINGH,1.48,Individual,2026-07-26T16:03:12.114856+00:00
SDBL,2026-06-30,SHRILAL LODHI,1.37,Individual,2026-07-26T16:03:12.114856+00:00
SDBL,2026-06-30,PRASHANT JAIN,1.22,Individual,2026-07-26T16:03:12.114856+00:00
SDBL,2026-06-30,SANTOSH BHADORIYA,1.09,Individual,2026-07-26T16:03:12.114856+00:00
SECURKLOUD,2026-06-30,ASHISH NANDA,3.32,NRI,2026-07-26T16:03:13.569259+00:00
SEJALLTD,2026-06-30,Vinod Hardattarai Biyani,1.75,Individual,2026-07-26T16:03:14.224720+00:00
SEMAC,2026-06-30,Rhea Dipak Shah,1.23,Individual,2026-07-26T16:03:14.945230+00:00
SEMAC,2026-06-30,Neka Dipak Shah,1.22,Individual,2026-07-26T16:03:14.945230+00:00
SEMAC,2026-06-30,Dipak Kanayalal Shah,1.03,Individual,2026-07-26T16:03:14.945230+00:00
SENORES,2026-06-30,Manoj Prakash Sanghvi,1.86,Individual,2026-07-26T16:03:17.219377+00:00
SENORES,2026-06-30,Jayanti Mishrimal Sanghvi,1.23,Individual,2026-07-26T16:03:17.219377+00:00
SENORES,2026-06-30,Jigar Prakash Sanghvi,1.19,Individual,2026-07-26T16:03:17.219377+00:00
SENORES,2026-06-30,Prakash Mishrimal Sanghvi,1.03,Individual,2026-07-26T16:03:17.219377+00:00
SERVOTECH,2026-06-30,MAHESH DINKAR VAZE,3.28,Individual,2026-07-26T16:03:20.311365+00:00
SERVOTECH,2026-06-30,PANKAJ MALIK,1.52,Individual,2026-07-26T16:03:20.311365+00:00
SESHAPAPER,2026-06-30,PUSHPA DEVI SARAOGI,1.78,Individual,2026-07-26T16:03:22.184805+00:00
SESHAPAPER,2026-06-30,USHA DEVI SARAOGI,1.78,Individual,2026-07-26T16:03:22.184805+00:00
SGFIN,2026-06-30,MADHUSUDAN MURLIDHAR KELA,1.44,Individual,2026-07-26T16:03:25.117663+00:00
SGFIN,2026-06-30,SAMEER GUPTA,1.06,Individual,2026-07-26T16:03:25.117663+00:00
SGIL,2026-06-30,Aniruddha Narayan Malpani,1.89,Individual,2026-07-26T16:03:26.408118+00:00
SGIL,2026-06-30,Anjali Aniruddha Malpani,1.57,Individual,2026-07-26T16:03:26.408118+00:00
SGMART,2026-06-30,RAJIV KUMAR,1.35,Individual,2026-07-26T16:03:27.665682+00:00
SHAHALLOYS,2026-06-30,ANAND MOHAN,2.49,Individual,2026-07-26T16:03:29.092364+00:00
SHAILY,2026-06-30,ASHISH KACHOLIA,3.22,Individual,2026-07-26T16:03:31.070054+00:00
SHANTIGEAR,2026-06-30,Dhanesh S Shah,1.27,Individual,2026-07-26T16:03:41.068365+00:00
SHANTIGEAR,2026-06-30,Durgesh S Shah,1.27,Individual,2026-07-26T16:03:41.068365+00:00
SHANTIGEAR,2026-06-30,Nimesh Sumatilal,1.27,Individual,2026-07-26T16:03:41.068365+00:00
SHAREINDIA,2026-06-30,SHYAM SUNDAR BIHANI,1.56,Individual,2026-07-26T16:03:44.720431+00:00
SHAREINDIA,2026-06-30,BHARTI SURESH VORA,1.31,Individual,2026-07-26T16:03:44.720431+00:00
SHAREINDIA,2026-06-30,MANJU DEVI BIHANI,1.1,Individual,2026-07-26T16:03:44.720431+00:00
SHILPAMED,2026-06-30,SURAJ KUMAR INANI,4.01,Individual,2026-07-26T16:03:47.097870+00:00
SHILPAMED,2026-06-30,AMAL PARIKH,1.73,NRI,2026-07-26T16:03:47.097870+00:00
SHILPAMED,2026-06-30,ABHISHEK KHAITAN,1.01,Individual,2026-07-26T16:03:47.097870+00:00
SHIVALIK,2026-06-30,Ritesh Kantilal Oswal,1.02,Individual,2026-07-26T16:03:47.817031+00:00
SHIVALIK,2026-06-30,Sanjay Bansal,1.02,Individual,2026-07-26T16:03:47.817031+00:00
SHIVATEX,2026-06-30,Sonia Gulati,3.77,Individual,2026-07-26T16:03:49.985404+00:00
SHIVATEX,2026-06-30,Ashok Jain,1.09,Individual,2026-07-26T16:03:49.985404+00:00
SHRADHA,2026-06-30,BYNA MURALI,1.63,Individual,2026-07-26T16:03:53.691462+00:00
SHRADHA,2026-06-30,BHARATH C JAIN,1.23,Individual,2026-07-26T16:03:53.691462+00:00
SHRADHA,2026-06-30,MANISH C JAIN,1.23,Individual,2026-07-26T16:03:53.691462+00:00
SHREDIGCEM,2026-06-30,Hitesh Ramji Javeri,1.5,Individual,2026-07-26T16:03:54.287380+00:00
SHREERAMA,2026-06-30,JAYESH H PATEL,2.79,Individual,2026-07-26T16:03:56.373362+00:00
SHREERAMA,2026-06-30,RAIBEN UGARDAS PATEL,1.95,Individual,2026-07-26T16:03:56.373362+00:00
SHREERAMA,2026-06-30,ANJALI RAJESH DEDHIA,1.5,Individual,2026-07-26T16:03:56.373362+00:00
SHRIRAMPPS,2026-06-30,ANIL SATYADEO DHEDIA,1.01,Individual,2026-07-26T16:03:59.392373+00:00
SHYAMCENT,2026-06-30,Anurag Choudhary,2.21,Individual,2026-07-26T16:04:00.093041+00:00
SHYAMCENT,2026-06-30,SHUBHAM AGARWAL,1.32,Individual,2026-07-26T16:04:00.093041+00:00
SHYAMCENT,2026-06-30,BINA DEVI AGARWAL,1.24,Individual,2026-07-26T16:04:00.093041+00:00
SHYAMMETL,2026-06-30,UNITBHAI SHANTILAL MEHTA,1.11,Individual,2026-07-26T16:04:01.016384+00:00
SIGNPOST,2026-06-30,NAVIN CHAND SUCHANTI,7.08,Individual,2026-07-26T16:04:03.179007+00:00
SIGNPOST,2026-06-30,ZAKI ABBAS NASSER,1.96,Individual,2026-07-26T16:04:03.179007+00:00
SIGNPOST,2026-06-30,VIJAYA S,1.38,Individual,2026-07-26T16:04:03.179007+00:00
SIGNPOST,2026-06-30,VINITHRA SEKHAR,1.12,Individual,2026-07-26T16:04:03.179007+00:00
SILINV,2026-06-30,Vinodchandra Mansukhlal Parekh,1.1,Individual,2026-07-26T16:04:04.420879+00:00
SIMPLEXINF,2026-06-30,PARIKSHIT MUNDHRA,2.01,Individual,2026-07-26T16:04:05.165645+00:00
SIMPLEXINF,2026-06-30,MADHUSUDAN MURLIDHAR KELA,1.21,Individual,2026-07-26T16:04:05.165645+00:00
SINCLAIR,2026-06-30,MOHIT BHUTERIA,1.17,Individual,2026-07-26T16:04:05.860432+00:00
SINCLAIR,2026-06-30,MINALI GOYAL,1.16,Individual,2026-07-26T16:04:05.860432+00:00
SINCLAIR,2026-06-30,D SRIMATHI,1.06,Individual,2026-07-26T16:04:05.860432+00:00
SIYSIL,2026-06-30,Vijay Kishanlal Kedia,1.0,Individual,2026-07-26T16:04:08.148812+00:00
SJS,2026-06-30,Hemantkumar Hasmukhrai Amin,1.13,NRI,2026-07-26T16:04:08.761679+00:00
SKIPPER,2026-06-30,AJAY UPADHYAYA,1.51,Individual,2026-07-26T16:04:11.837281+00:00
SMSPHARMA,2026-06-30,ANIRUDDH MUNDRA,2.01,NRI,2026-07-26T16:04:14.769416+00:00
SMSPHARMA,2026-06-30,Venkata Subbaraju Penmatsa HUF,1.82,Individual,2026-07-26T16:04:14.769416+00:00
SMSPHARMA,2026-06-30,SUDEEPTHI GOPINEEDI,1.41,Individual,2026-07-26T16:04:14.769416+00:00
SMSPHARMA,2026-06-30,VENKATA PRAVEEN TALLURI,1.41,Individual,2026-07-26T16:04:14.769416+00:00
SNOWMAN,2026-06-30,Vijaya S,2.49,Individual,2026-07-26T16:04:15.353295+00:00
SOMANYCERA,2026-06-30,SANJEEV VINODCHANDRA PAREKH,1.55,Individual,2026-07-26T16:04:18.886987+00:00
SOMANYCERA,2026-06-30,CHANCHAL DEVI LODHA,1.0,Individual,2026-07-26T16:04:18.886987+00:00
SONATSOFTW,2026-06-30,HEMENDRA M KOTHARI,9.13,Individual,2026-07-26T16:04:20.337924+00:00
SOUTHBANK,2026-06-30,Yusuffali Musaliam Veettil Abdul Kader,4.3,NRI,2026-07-26T16:04:21.928374+00:00
SOUTHWEST,2026-07-10,AJAY KUMAR AGGARWAL,1.92,Individual,2026-07-26T16:04:22.950075+00:00
SPARC,2026-06-30,Paresh Mohanlal Parekh,1.13,Individual,2026-07-26T16:04:25.259671+00:00
SPARC,2026-06-30,Vijay Mohanlal Parekh,1.13,Individual,2026-07-26T16:04:25.259671+00:00
SPECIALITY,2026-06-30,Deepak Bhagnani,6.93,Individual,2026-07-26T16:04:26.915308+00:00
SPECIALITY,2026-06-30,Chander Bhatia,3.59,Individual,2026-07-26T16:04:26.915308+00:00
SPECIALITY,2026-06-30,Rajesh Seth,2.44,Individual,2026-07-26T16:04:26.915308+00:00
SPECIALITY,2026-06-30,Zaki Abbas Nasser,1.87,Individual,2026-07-26T16:04:26.915308+00:00
SPECIALITY,2026-06-30,Bharat Bhagnani,1.51,Individual,2026-07-26T16:04:26.915308+00:00
SPIC,2026-06-30,HITESH RAMJI JAVERI,1.49,Individual,2026-07-26T16:04:28.790768+00:00
SPMLINFRA,2026-06-30,ANIL KUMAR SETHI,2.11,Individual,2026-07-26T16:04:30.382216+00:00
SPORTKING,2026-06-30,ANIL KUMAR GOEL,3.34,Individual,2026-07-26T16:04:31.265578+00:00
SPORTKING,2026-06-30,SEEMA GOEL,1.83,Individual,2026-07-26T16:04:31.265578+00:00
SRD,2026-06-30,DWARKA PRASAD BHADADA,1.77,Individual,2026-07-26T16:04:32.092911+00:00
SRD,2026-06-30,KRISHNA GOPAL KABRA,1.62,Individual,2026-07-26T16:04:32.092911+00:00
SRD,2026-06-30,PINKI DEVI AGAL,1.4,Individual,2026-07-26T16:04:32.092911+00:00
SRD,2026-06-30,AMIT BHADADA,1.09,Individual,2026-07-26T16:04:32.092911+00:00
STAR,2026-06-30,Satpal Khattar,1.6,NRI,2026-07-26T16:04:34.092452+00:00
STAR,2026-06-30,MUKUL MAHAVIR AGRAWAL,1.12,Individual,2026-07-26T16:04:34.092452+00:00
STARPAPER,2026-06-30,ANUSHREE HIMANSHUBHAI SHAH,5.54,Individual,2026-07-26T16:04:37.998990+00:00
STARPAPER,2026-06-30,MUKTILAL GANULAL PALDIWAL,2.35,Individual,2026-07-26T16:04:37.998990+00:00
STARPAPER,2026-06-30,TARADEVI MUKTILAL PALDIWAL,1.48,Individual,2026-07-26T16:04:37.998990+00:00
STARPAPER,2026-06-30,ANIL KUMAR GOEL,1.15,Individual,2026-07-26T16:04:37.998990+00:00
STARTECK,2026-06-30,RENU AGARWAL,1.66,Individual,2026-07-26T16:04:38.791760+00:00
STARTECK,2026-06-30,PANKAJ KHETAN,1.57,Individual,2026-07-26T16:04:38.791760+00:00
STEELCAS,2026-06-30,GAUTAM DOSHI,3.01,NRI,2026-07-26T16:04:40.275637+00:00
STEELCAS,2026-06-30,MITEN MEHTA,2.16,Individual,2026-07-26T16:04:40.275637+00:00
STEELCAS,2026-06-30,BHAGWANDAS TRIKAMDAS DOSHI,1.04,Individual,2026-07-26T16:04:40.275637+00:00
STEELXIND,2026-06-30,GUNAKALA VIJAYALAKSHMI,2.22,Individual,2026-07-26T16:04:41.256306+00:00
STEELXIND,2026-06-30,GRANDHI RAJESH,1.45,Individual,2026-07-26T16:04:41.256306+00:00
STEL,2026-06-30,Hitesh Ramji Javeri,4.49,Individual,2026-07-26T16:04:42.205152+00:00
STERTOOLS,2026-06-30,SANDEEP BANSAL,4.13,Individual,2026-07-26T16:04:43.146651+00:00
STOVEKRAFT,2026-06-30,SURESH KUMAR AGARWAL,2.81,Individual,2026-07-26T16:04:45.908419+00:00
STOVEKRAFT,2026-06-30,ASHISH KACHOLIA,1.74,Individual,2026-07-26T16:04:45.908419+00:00
STYLEBAAZA,2026-06-30,Rekha Jhunjhunwala,3.33,Individual,2026-07-26T16:04:48.090066+00:00
STYLEBAAZA,2026-06-30,Kiranben Girishbhai Chovatia,1.43,Individual,2026-07-26T16:04:48.090066+00:00
STYRENIX,2026-06-30,Vallabh Bhanshali,1.13,Individual,2026-07-26T16:04:48.864168+00:00
SUDARSCHEM,2026-06-30,Akash Bhanshali,7.13,Individual,2026-07-26T16:04:51.236379+00:00
SUDARSCHEM,2026-06-30,Anuj Narayandas Rathi,5.68,Individual,2026-07-26T16:04:51.236379+00:00
SUDARSCHEM,2026-06-30,Pradeep Ramwilas Rathi,3.0,Individual,2026-07-26T16:04:51.236379+00:00
SUDARSCHEM,2026-06-30,Vijaykumar Ramchandra Rathi,2.66,Individual,2026-07-26T16:04:51.236379+00:00
SUDARSCHEM,2026-06-30,Rohit Kishor Rathi,2.53,Individual,2026-07-26T16:04:51.236379+00:00
SUDARSCHEM,2026-06-30,Rahul Pradeep Rathi,2.49,Individual,2026-07-26T16:04:51.236379+00:00
SUDARSCHEM,2026-06-30,Lata Bhanshali,1.46,Individual,2026-07-26T16:04:51.236379+00:00
SUDARSCHEM,2026-06-30,Vijay Kishanlal Kedia,1.27,Individual,2026-07-26T16:04:51.236379+00:00
SULA,2026-06-30,RUTA MOHAN SAMANT,2.31,NRI,2026-07-26T16:04:52.531594+00:00
SUMIT,2026-06-30,KETAN CHANDRAVADAN DOSHI,1.54,Individual,2026-07-26T16:04:55.197085+00:00
SUMIT,2026-06-30,SHANKAR SHARMA,1.54,NRI,2026-07-26T16:04:55.197085+00:00
SUMIT,2026-06-30,TEJAS VISHVAS SHANKARWAR,1.04,Individual,2026-07-26T16:04:55.197085+00:00
SUMMITSEC,2026-06-30,Seetha Kumari,1.71,Individual,2026-07-26T16:04:56.239035+00:00
SUMMITSEC,2026-06-30,Kevin Dsilva,1.08,Individual,2026-07-26T16:04:56.239035+00:00
SUNCLAY,2026-06-30,GOVINDLAL M PARIKH,4.03,Individual,2026-07-26T16:04:56.999287+00:00
SUNCLAY,2026-06-30,CHINMAY G PARIKH,1.2,Individual,2026-07-26T16:04:56.999287+00:00
SUNDRMBRAK,2026-06-30,R VENKATARAMAN,1.02,Individual,2026-07-26T16:04:59.525403+00:00
SUNDRMFAST,2026-06-30,GOVINDLAL M PARIKH,2.04,Individual,2026-07-26T16:05:00.262439+00:00
SUNDROP,2026-06-30,REKHA JHUNJHUNWALA,2.69,Individual,2026-07-26T16:05:01.170301+00:00
SUNDROP,2026-06-30,VIRAL AMAL PARIKH,1.58,Individual,2026-07-26T16:05:01.170301+00:00
SUPERSPIN,2026-06-30,Keshav Garg,1.2,Individual,2026-07-26T16:05:03.740622+00:00
SUPERSPIN,2026-06-30,K Naresh Kumar,1.13,Individual,2026-07-26T16:05:03.740622+00:00
SUPRAJIT,2026-06-30,SAMIHA GREWAL MISHRA,1.31,Individual,2026-07-26T16:05:04.405374+00:00
SUPRAJIT,2026-06-30,KULA RAMPRASAD RAI,1.04,NRI,2026-07-26T16:05:04.405374+00:00
SUPRAJIT,2026-06-30,DEEPA RANJIT RAU,1.01,Individual,2026-07-26T16:05:04.405374+00:00
SUPREME,2026-06-30,VIJAY KALIDAS MAJREKAR,1.23,Individual,2026-07-26T16:05:05.183090+00:00
SURAJEST,2026-06-30,Veena Amit Aidasani,1.16,Individual,2026-07-26T16:05:07.402054+00:00
SURAJEST,2026-06-30,Amit Heman Aidasani,1.09,Individual,2026-07-26T16:05:07.402054+00:00
SURYODAY,2026-06-30,MUKUL MAHAVIR AGRAWAL,2.82,Individual,2026-07-26T16:05:11.996609+00:00
SUTLEJTEX,2026-06-30,Vinodchandra Mansukhlal Parekh,1.1,Individual,2026-07-26T16:05:12.962554+00:00
SVLL,2026-06-30,VEENA PARAKH,2.44,Individual,2026-07-26T16:05:15.149259+00:00
SVLL,2026-06-30,AYUSH AGRAWAL,1.69,Individual,2026-07-26T16:05:15.149259+00:00
SVLL,2026-06-30,ASHISH BAJAJ,1.37,Individual,2026-07-26T16:05:15.149259+00:00
SVLL,2026-06-30,KABRA SUNIL MURLIMANOHAR,1.04,Individual,2026-07-26T16:05:15.149259+00:00
SVPGLOB,2026-06-30,CHINTAN DEEPAK DOSHI,1.78,Individual,2026-07-26T16:05:15.746384+00:00
SWARAJENG,2026-06-30,VIKRAM CHINUBHAI SHAH,1.48,Individual,2026-07-26T16:05:19.260396+00:00
SWARAJENG,2026-06-30,KEYUR H PARIKH,1.26,Individual,2026-07-26T16:05:19.260396+00:00
SWARAJENG,2026-06-30,REETA KEYUR PARIKH,1.03,Individual,2026-07-26T16:05:19.260396+00:00
SWSOLAR,2026-06-30,Ajay Kumar Aggarwal,1.01,Individual,2026-07-26T16:05:20.584112+00:00
SYRMA,2026-06-30,Krishna Kumar Pant,6.35,Individual,2026-07-26T16:05:23.076912+00:00
SYRMA,2026-06-30,Ranjeet Singh Lonial,6.21,Individual,2026-07-26T16:05:23.076912+00:00
SYRMA,2026-06-30,Sanjiv Narayan,4.71,Individual,2026-07-26T16:05:23.076912+00:00
TAINWALCHM,2026-06-30,Hitesh Ramji Javeri,2.04,Individual,2026-07-26T16:05:23.646899+00:00
TALBROAUTO,2026-06-30,SANJEEV VINODCHANDRA PAREKH,1.16,Individual,2026-07-26T16:05:25.933483+00:00
TANLA,2026-06-30,HARSHA REDDY PONGULETI,2.61,Individual,2026-07-26T16:05:26.670513+00:00
TANLA,2026-06-30,PONGULETI MADHURI,1.65,Individual,2026-07-26T16:05:26.670513+00:00
TANLA,2026-06-30,SHARAD KOHLI,1.6,NRI,2026-07-26T16:05:26.670513+00:00
TANLA,2026-06-30,KISHORE KRISHNA A,1.3,Individual,2026-07-26T16:05:26.670513+00:00
TARC,2026-06-30,VIJAYKUMAR CHHOTABHAI KALIDAS PATEL,1.38,NRI,2026-07-26T16:05:27.360759+00:00
TASTYBITE,2026-06-30,TANVI JIGNESH MEHTA,1.25,Individual,2026-07-26T16:05:29.564108+00:00
TASTYBITE,2026-06-30,RAHUL KAYAN,1.17,Individual,2026-07-26T16:05:29.564108+00:00
TASTYBITE,2026-06-30,PARUL PRASOON BHATT,1.03,Individual,2026-07-26T16:05:29.564108+00:00
TASTYBITE,2026-06-30,PRASOON BHATT,1.0,Individual,2026-07-26T16:05:29.564108+00:00
TATACOMM,2026-06-30,Rekha Jhunjhunwala,1.58,Individual,2026-07-26T16:05:38.606441+00:00
TBZ,2026-06-30,VIJAYKUMAR CHHOTABHAI KALIDAS PATEL,1.03,NRI,2026-07-26T16:06:03.498007+00:00
TCPLPACK,2026-06-30,Anil Kumar Goel,7.69,Individual,2026-07-26T16:06:06.790733+00:00
TCPLPACK,2026-06-30,Seema Goel,1.36,Individual,2026-07-26T16:06:06.790733+00:00
TERASOFT,2026-06-30,KOLLU UPENDAR RAO,4.4,Individual,2026-07-26T16:06:18.154492+00:00
TERASOFT,2026-06-30,BIJAL PRADIP DESAI,2.22,Individual,2026-07-26T16:06:18.154492+00:00
TFCILTD,2026-06-30,SHRUTI MOHTA,2.49,Individual,2026-07-26T16:06:19.934823+00:00
TFCILTD,2026-06-30,NITN KAPOOR,2.26,Individual,2026-07-26T16:06:19.934823+00:00
TFCILTD,2026-06-30,ANIRUDH DAMANI,1.21,Individual,2026-07-26T16:06:19.934823+00:00
TGBHOTELS,2026-06-30,Sanjay C. Agrawal,2.59,Individual,2026-07-26T16:06:20.504438+00:00
TGBHOTELS,2026-06-30,Varsha Sachin Patkar,1.71,Individual,2026-07-26T16:06:20.504438+00:00
TGBHOTELS,2026-06-30,Rameshchandra Kishanchand Motiyani,1.68,Individual,2026-07-26T16:06:20.504438+00:00
TGBHOTELS,2026-06-30,Suresh Kishanchand Motiani,1.52,Individual,2026-07-26T16:06:20.504438+00:00
TGBHOTELS,2026-06-30,Girdhari Kishanchand Motiani,1.51,Individual,2026-07-26T16:06:20.504438+00:00
TGBHOTELS,2026-06-30,Indrakumar Kishanchand Motiani,1.15,Individual,2026-07-26T16:06:20.504438+00:00
TGBHOTELS,2026-06-30,Manju Gaggar,1.02,Individual,2026-07-26T16:06:20.504438+00:00
THEINVEST,2026-06-30,KIRTI JAYANTILAL DOSHI,3.64,Individual,2026-07-26T16:06:21.199769+00:00
THEJO,2026-06-30,SUNNY P GEORGE,3.43,Individual,2026-07-26T16:06:21.768817+00:00
THEJO,2026-06-30,MUKUL MAHAVIR AGRAWAL,1.66,Individual,2026-07-26T16:06:21.768817+00:00
THEJO,2026-06-30,JYOTI ANAND PETHE,1.57,Individual,2026-07-26T16:06:21.768817+00:00
THEJO,2026-06-30,ORAPPANYIL JOSEPH LUKOSE,1.46,Individual,2026-07-26T16:06:21.768817+00:00
THEJO,2026-06-30,PANKAJ PRASOON,1.05,Individual,2026-07-26T16:06:21.768817+00:00
THEMISMED,2026-06-30,Anuj Anantrai Sheth,3.8,Individual,2026-07-26T16:06:22.871070+00:00
THEMISMED,2026-06-30,Zafar Ahmadullah,2.11,NRI,2026-07-26T16:06:22.871070+00:00
THOMASCOTT,2026-06-30,SHANKAR SHARMA,6.67,NRI,2026-07-26T16:06:25.724388+00:00
THOMASCOTT,2026-06-30,MOHIT KHULLAR,3.2,Individual,2026-07-26T16:06:25.724388+00:00
THOMASCOTT,2026-06-30,ASHISH KACHOLIA,2.1,Individual,2026-07-26T16:06:25.724388+00:00
THOMASCOTT,2026-06-30,SURESH KUMAR AGARWAL,2.1,Individual,2026-07-26T16:06:25.724388+00:00
TI,2026-06-30,ARPIT KHANDELWAL,1.32,Individual,2026-07-26T16:06:26.815065+00:00
TIL,2026-07-09,ALPANA MUNDHRA,2.94,Individual,2026-07-26T16:06:31.560756+00:00
TIL,2026-07-09,SUMIT MAZUMDER,2.58,Individual,2026-07-26T16:06:31.560756+00:00
TIMETECHNO,2026-06-30,Ajay Upadhyaya,1.03,Individual,2026-07-26T16:06:32.192638+00:00
TIPSFILMS,2026-06-30,Ketan Damodhar Baheti,1.36,Individual,2026-07-26T16:06:32.892955+00:00
TIPSFILMS,2026-06-30,Avinash Parsram Wadhwa,1.03,Individual,2026-07-26T16:06:32.892955+00:00
TIPSMUSIC,2026-06-30,Avinash Parsram Wadhwa,1.24,Individual,2026-07-26T16:06:33.543669+00:00
TIRUMALCHM,2026-06-30,Ajay Upadhyaya,1.2,Individual,2026-07-26T16:06:34.152151+00:00
TITAN,2026-06-30,Rekha Jhunjhunwala,4.24,Individual,2026-07-26T16:06:40.228879+00:00
TNPETRO,2026-06-30,SHREYANS SHANTILAL SHAH,3.85,Individual,2026-07-26T16:06:40.763279+00:00
TNPETRO,2026-06-30,HITESH RAMJI JAVERI,2.68,Individual,2026-07-26T16:06:40.763279+00:00
TNPETRO,2026-06-30,SHIVANI TEJAS TRIVEDI,2.05,Individual,2026-07-26T16:06:40.763279+00:00
TNPETRO,2026-06-30,HARSHA HITESH JAVERI,2.0,Individual,2026-07-26T16:06:40.763279+00:00
TNPETRO,2026-06-30,MINAXI BHALCHANDRA TRIVEDI,1.67,Individual,2026-07-26T16:06:40.763279+00:00
TNPL,2026-06-30,MANOHAR DEVABHAKTUNI,1.5,NRI,2026-07-26T13:00:07.314779+00:00
TRANSWORLD,2026-06-30,Ramesh Damani,1.13,Individual,2026-07-26T16:06:45.802062+00:00
TREEHOUSE,2026-06-30,Anuradha Vishnukanth Inani,1.02,Individual,2026-07-26T16:06:49.936176+00:00
TREEHOUSE,2026-06-30,Kamlesh Mulraj Shah,1.01,Individual,2026-07-26T16:06:49.936176+00:00
TREEHOUSE,2026-06-30,Dineshkumar Murlidhar Inani,1.0,Individual,2026-07-26T16:06:49.936176+00:00
TREJHARA,2026-06-30,AJAY DILKUSH SARUPRIA,9.15,Individual,2026-07-26T16:06:50.649433+00:00
TREJHARA,2026-06-30,RITU SEHGAL,8.71,NRI,2026-07-26T16:06:50.649433+00:00
TREJHARA,2026-06-30,PRAKASH MANSUKHLAL SHAH,1.7,Individual,2026-07-26T16:06:50.649433+00:00
TREJHARA,2026-06-30,SANJAY NATVERLAL SHAH,1.3,Individual,2026-07-26T16:06:50.649433+00:00
TREJHARA,2026-06-30,ASHISH NAGINDAS MEHTA,1.23,NRI,2026-07-26T16:06:50.649433+00:00
TRENT,2026-06-30,Siddhartha Yog,4.53,NRI,2026-07-26T16:06:56.808157+00:00
TRF,2026-06-30,Guttikonda Vara Lakshmi,2.12,Individual,2026-07-26T16:06:58.303009+00:00
TRF,2026-06-30,Chetan Gopaldas Cholera,1.45,Individual,2026-07-26T16:06:58.303009+00:00
TRF,2026-06-30,Ravi Shankaran,1.19,Individual,2026-07-26T16:06:58.303009+00:00
TRIGYN,2026-06-30,VACHAN KAMATH,1.42,Individual,2026-07-26T16:07:00.026527+00:00
TRIGYN,2026-06-30,AKSHAYA KAMATH,1.27,Individual,2026-07-26T16:07:00.026527+00:00
TRIGYN,2026-06-30,SUNANDA VAIDYA,1.18,NRI,2026-07-26T16:07:00.026527+00:00
TRIVENI,2026-06-30,ANIL KUMAR GOEL,3.54,Individual,2026-07-26T12:59:53.211146+00:00
TRIVENI,2026-06-30,MANOHAR DEVABHAKTUNI,1.06,NRI,2026-07-26T12:59:53.211146+00:00
TRIVENI,2026-06-30,SEEMA GOEL,1.05,Individual,2026-07-26T12:59:53.211146+00:00
TRU,2026-06-30,SIDDHI JAISWAL,3.29,Individual,2026-07-26T16:07:01.705428+00:00
TTL,2026-06-30,Gandhi Tejas Harilal,5.12,Individual,2026-07-26T16:07:04.699348+00:00
TTL,2026-06-30,Somasundaram B,4.4,Individual,2026-07-26T16:07:04.699348+00:00
TTL,2026-06-30,Prajapati Mahesh Manubhai,1.34,Individual,2026-07-26T16:07:04.699348+00:00
TVSELECT,2026-06-30,ABHIJIT PERIWAL,1.74,Individual,2026-07-26T16:07:10.318741+00:00
TVSELECT,2026-06-30,CHETAN JAYANTILAL SHAH,1.66,Individual,2026-07-26T16:07:10.318741+00:00
TVSHLTD,2026-06-30,GOVINDLAL M PARIKH,1.18,Individual,2026-07-26T16:07:11.345161+00:00
TVSSCS,2026-06-30,Sunil Kant Munjal,3.38,Individual,2026-07-26T16:07:13.009270+00:00
TVSSCS,2026-06-30,Senapathy Gopalakrishnan,1.05,Individual,2026-07-26T16:07:13.009270+00:00
TVSSRICHAK,2026-06-30,NILESH KISHORE SHAH,2.23,Individual,2026-07-26T16:07:13.702462+00:00
TVVISION,2026-06-30,GUNJAN CHHAJER,3.81,Individual,2026-07-26T16:07:14.812331+00:00
TVVISION,2026-06-30,SUNIL KUMAR CHHAJER,3.81,Individual,2026-07-26T16:07:14.812331+00:00
TVVISION,2026-06-30,RAMCHANDRA PRABODHCHANDRA PUROHIT,3.38,Individual,2026-07-26T16:07:14.812331+00:00
TVVISION,2026-06-30,RASHESH PUROHIT,1.3,Individual,2026-07-26T16:07:14.812331+00:00
TVVISION,2026-06-30,SARVESH KUMAR SHAHI,1.29,Individual,2026-07-26T16:07:14.812331+00:00
UCAL,2026-06-30,AMOL MANIKLAL KANKARIYA,1.21,Individual,2026-07-26T16:07:16.425059+00:00
UDS,2026-06-30,Rammohan Tangirala,1.26,Individual,2026-07-26T16:07:17.666503+00:00
UFLEX,2026-06-30,HARESH TIKAMDAS KESWANI,4.4,NRI,2026-07-26T16:07:18.651068+00:00
UFLEX,2026-06-30,RICKY ISHWARDAS KIRPALANI,3.49,NRI,2026-07-26T16:07:18.651068+00:00
UFLEX,2026-06-30,RITESH MUKESH PUNJABI,1.55,NRI,2026-07-26T16:07:18.651068+00:00
UFO,2026-06-30,SHIVAM GOYAL,1.57,Individual,2026-07-26T16:07:19.506208+00:00
UFO,2026-06-30,CHANDRA PRAKASH GOYAL,1.48,Individual,2026-07-26T16:07:19.506208+00:00
UFO,2026-06-30,PRAGYESH KUMAR SINGH,1.24,Individual,2026-07-26T16:07:19.506208+00:00
UGARSUGAR,2026-06-30,BABASAHEB NEELKANTH KALYANI,1.41,Individual,2026-07-26T16:07:20.411786+00:00
UGARSUGAR,2026-06-30,SUNITA BABASAHEB KALYANI,1.35,Individual,2026-07-26T16:07:20.411786+00:00
UGROCAP,2026-06-30,Rishikesh Parthasarathi,1.72,NRI,2026-07-26T16:07:21.662584+00:00
UNIECOM,2026-06-30,DILIP RAMACHANDRAN VELLODI,3.04,NRI,2026-07-26T16:07:24.841001+00:00
UNIECOM,2026-06-30,GAURAV GUPTA,2.59,Individual,2026-07-26T16:07:24.841001+00:00
UNIECOM,2026-06-30,VIKAS GARG,2.58,Individual,2026-07-26T16:07:24.841001+00:00
UNIECOM,2026-06-30,MADHURI MADHUSUDAN KELA,1.48,Individual,2026-07-26T16:07:24.841001+00:00
UNIECOM,2026-06-30,AJAY KUMAR AGGARWAL,1.22,Individual,2026-07-26T16:07:24.841001+00:00
UNIENTER,2026-06-30,GAURAV N LODHA,1.82,Individual,2026-07-26T16:07:26.032297+00:00
UNITECH,2026-06-30,DILIPKUMAR LAKHI,4.44,Individual,2026-07-26T16:07:29.069498+00:00
UNITECH,2026-06-30,MANISH LAKHI,2.03,Individual,2026-07-26T16:07:29.069498+00:00
UNITECH,2026-06-30,DEVENDRA KUMAR PATHAK,1.82,NRI,2026-07-26T16:07:29.069498+00:00
UNITECH,2026-06-30,GRISH MOHAN GUPTA,1.48,Individual,2026-07-26T16:07:29.069498+00:00
UNITEDTEA,2026-06-30,P P ZIBI JOSE,4.32,Individual,2026-07-26T16:07:29.770659+00:00
UNITEDTEA,2026-06-30,VIKAS MEHRA,3.49,Individual,2026-07-26T16:07:29.770659+00:00
UNIVCABLES,2026-06-30,Vijaya S,1.2,Individual,2026-07-26T16:07:30.650964+00:00
UNIVPHOTO,2026-06-30,ABHINANDAN JAIN,5.35,Individual,2026-07-26T16:07:31.370790+00:00
UNIVPHOTO,2026-06-30,RAJ KUMAR PATNI,3.18,Individual,2026-07-26T16:07:31.370790+00:00
UNIVPHOTO,2026-06-30,SIMRAN JAIN,2.74,Individual,2026-07-26T16:07:31.370790+00:00
UNIVPHOTO,2026-06-30,MANOHAR TIKAMDAS RUPRELL,1.32,NRI,2026-07-26T16:07:31.370790+00:00
URJA,2026-06-30,PRAKASH CHAND GOYAL,1.11,Individual,2026-07-26T16:07:35.972917+00:00
UTTAMSUGAR,2026-06-30,Anil Kumar Goel,3.67,Individual,2026-07-26T16:07:38.920572+00:00
UTTAMSUGAR,2026-06-30,Seema Goel,1.7,Individual,2026-07-26T16:07:38.920572+00:00
V2RETAIL,2026-06-30,Sachin Kasera,1.37,Individual,2026-07-26T16:07:39.563256+00:00
V2RETAIL,2026-06-30,Abhijit Periwal,1.29,Individual,2026-07-26T16:07:39.563256+00:00
VAIBHAVGBL,2026-06-30,VIJAY KEDIA,2.05,Individual,2026-07-26T16:07:41.025509+00:00
VALIANTLAB,2026-06-30,Anil Vishanji Dedhia,1.84,Individual,2026-07-26T16:07:41.642253+00:00
VALIANTORG,2026-06-30,Bhanumati Mohanlal Savla,3.18,Individual,2026-07-26T16:07:42.386587+00:00
VALIANTORG,2026-06-30,Bhaveshkumar Bachubhai Mehta,2.29,Individual,2026-07-26T16:07:42.386587+00:00
VALIANTORG,2026-06-30,Bhavesh Dhirajlal Sheth,1.21,Individual,2026-07-26T16:07:42.386587+00:00
VALIANTORG,2026-06-30,Nipun Harihar Bhatt,1.06,Individual,2026-07-26T16:07:42.386587+00:00
VASCONEQ,2026-06-30,REKHA N SHAH,3.79,Individual,2026-07-26T16:07:44.363882+00:00
VASCONEQ,2026-06-30,AJAY UPADHYAYA,2.48,Individual,2026-07-26T16:07:44.363882+00:00
VERANDA,2026-06-30,AMRIT RAMANA PRASAD,2.78,Individual,2026-07-26T16:07:50.472976+00:00
VERANDA,2026-06-30,RAMANA PRASAD A S,2.77,Individual,2026-07-26T16:07:50.472976+00:00
VERANDA,2026-06-30,JITENDRA KANTILAL SHAH,2.09,Individual,2026-07-26T16:07:50.472976+00:00
VERANDA,2026-06-30,PRABHU,1.66,Individual,2026-07-26T16:07:50.472976+00:00
VERANDA,2026-06-30,UJWAL KUMAR PAGARIYA,1.47,Individual,2026-07-26T16:07:50.472976+00:00
VERANDA,2026-06-30,BHANWAR LAL BORANA,1.23,Individual,2026-07-26T16:07:50.472976+00:00
VGUARD,2026-06-30,Priya Sarah Cheeran Joseph,2.4,NRI,2026-07-26T16:07:51.789914+00:00
VHL,2026-06-30,ANIL KUMAR GOEL,4.79,Individual,2026-07-26T16:07:52.538903+00:00
VHL,2026-06-30,SEEMA GOEL,1.97,Individual,2026-07-26T16:07:52.538903+00:00
VHL,2026-06-30,SHELLY DESAI,1.05,Individual,2026-07-26T16:07:52.538903+00:00
VIJIFIN,2026-07-10,ARUNABEN ARVINDKUMAR JAIN,1.88,Individual,2026-07-26T16:07:54.600476+00:00
VIJIFIN,2026-07-10,ARVINDKUMAR SHANTILAL JAIN,1.88,Individual,2026-07-26T16:07:54.600476+00:00
VIJIFIN,2026-07-10,ASHOKKUMAR SHANTILAL JAIN,1.88,Individual,2026-07-26T16:07:54.600476+00:00
VIJIFIN,2026-07-10,GAUTAMKUMAR SHANTILAL JAIN,1.88,Individual,2026-07-26T16:07:54.600476+00:00
VIJIFIN,2026-07-10,KEVINA VANRAJ JAIN,1.88,Individual,2026-07-26T16:07:54.600476+00:00
VIJIFIN,2026-07-10,MADHUBEN ASHOKUMAR JAIN,1.88,Individual,2026-07-26T16:07:54.600476+00:00
VIJIFIN,2026-07-10,REETABEN GAUTAMKUMAR JAIN,1.88,Individual,2026-07-26T16:07:54.600476+00:00
VIJIFIN,2026-07-10,SUMITA RAHUL JAIN,1.88,Individual,2026-07-26T16:07:54.600476+00:00
VIJIFIN,2026-07-10,VANDANA ASHOKBHAI JAIN,1.88,Individual,2026-07-26T16:07:54.600476+00:00
VIKASECO,2026-03-31,ASHOK KUMAR BANSAL,1.79,Individual,2026-07-26T16:07:55.220807+00:00
VIKASECO,2026-03-31,MITHLESH RANI BANSAL,1.57,Individual,2026-07-26T16:07:55.220807+00:00
VIKASECO,2026-03-31,SUDHIR KUMAR BANSAL,1.41,Individual,2026-07-26T16:07:55.220807+00:00
VIKRAN,2026-06-30,ASHISH AGARWAL,1.52,Individual,2026-07-26T16:07:57.758499+00:00
VIKRAN,2026-06-30,ASHISH KACHOLIA,1.52,Individual,2026-07-26T16:07:57.758499+00:00
VINCOFE,2026-06-30,RAJESH SADHWANI,1.51,NRI,2026-07-26T16:07:59.541224+00:00
VINCOFE,2026-06-30,VINAY RAJENDRAKUMAR NAGDA,1.03,Individual,2026-07-26T16:07:59.541224+00:00
VINDHYATEL,2026-06-30,Shruti Mohta,1.16,Individual,2026-07-26T16:08:00.410944+00:00
VLSFINANCE,2026-06-30,PRATEEK BANSAL,2.56,Individual,2026-07-26T16:08:03.615233+00:00
VLSFINANCE,2026-06-30,SURENDRA KUMAR GUPTA,1.25,Individual,2026-07-26T16:08:03.615233+00:00
VLSFINANCE,2026-06-30,UMA PATI KESHARI,1.13,Individual,2026-07-26T16:08:03.615233+00:00
VLSFINANCE,2026-06-30,KABIR MULJI,1.12,Individual,2026-07-26T16:08:03.615233+00:00
VSSL,2026-06-30,DEEP J MASTER,2.07,Individual,2026-07-26T16:08:11.778125+00:00
VSTIND,2026-06-30,Radhakishan Shivkishan Damani,3.15,Individual,2026-07-26T16:08:12.468861+00:00
WAAREEENER,2026-06-30,Kalpraj Damji Dharamshi,2.12,Individual,2026-07-26T16:08:15.451093+00:00
WABAG,2026-06-30,REKHA JHUNJHUNWALA,8.02,Individual,2026-07-26T16:08:17.420996+00:00
WEBELSOLAR,2026-06-30,AMIT MISHRA,1.73,Individual,2026-07-26T16:08:19.687605+00:00
WEBELSOLAR,2026-06-30,VIJAY KISHANLAL KEDIA,1.1,Individual,2026-07-26T16:08:19.687605+00:00
WEIZMANIND,2026-06-30,MIRA ANKIT KHAMBHATI,6.36,Individual,2026-07-26T16:08:20.580231+00:00
WEIZMANIND,2026-06-30,SANGEETHA S,3.64,Individual,2026-07-26T16:08:20.580231+00:00
WEL,2026-06-30,SATISH KUMAR GUPTA,1.35,Individual,2026-07-26T16:08:21.236309+00:00
WELENT,2026-06-30,Dilipkumar Lakhi,3.1,Individual,2026-07-26T16:08:25.293498+00:00
WELENT,2026-06-30,Chirag Dilipkumar Lakhi,2.13,Individual,2026-07-26T16:08:25.293498+00:00
WELINV,2026-06-30,RAVI VASUDEO GOENKA,3.11,Individual,2026-07-26T16:08:27.338860+00:00
WELINV,2026-06-30,NIHARIKA RAVI GOENKA,1.85,Individual,2026-07-26T16:08:27.338860+00:00
WELINV,2026-06-30,MUKESH RAGHUNATHMAL CHANDAN,1.43,Individual,2026-07-26T16:08:27.338860+00:00
WELSPUNLIV,2026-06-30,AKASH BHANSHALI,1.42,Individual,2026-07-26T16:08:29.325266+00:00
WENDT,2026-06-30,MUKUL MAHAVIR AGRAWAL,2.5,Individual,2026-07-26T16:08:30.025668+00:00
WINDMACHIN,2026-06-30,Vinit Dharamshibhai Bediya,10.25,Individual,2026-07-26T16:08:33.033607+00:00
WINDMACHIN,2026-06-30,Madhusudan Murlidhar Kela,6.4,Individual,2026-07-26T16:08:33.033607+00:00
WINDMACHIN,2026-06-30,Mithun Padam Sacheti,1.28,Individual,2026-07-26T16:08:33.033607+00:00
WINDMACHIN,2026-06-30,Siddhartha Sacheti,1.28,Individual,2026-07-26T16:08:33.033607+00:00
WIPL,2026-06-30,YOGESH RASIKLAL DOSHI,5.07,Individual,2026-07-26T16:08:33.889127+00:00
WIPL,2026-06-30,GULRUKH SAM IRANI,4.18,Individual,2026-07-26T16:08:33.889127+00:00
WIPL,2026-06-30,MITALI ANUJ TURAKHIA,1.97,Individual,2026-07-26T16:08:33.889127+00:00
WIPL,2026-06-30,ASHVEN DATLA,1.45,Individual,2026-07-26T16:08:33.889127+00:00
WIPL,2026-06-30,NITESH ARJUN THAKKAR,1.37,Individual,2026-07-26T16:08:33.889127+00:00
WIPL,2026-06-30,SIDDHARTH S BHATIA,1.22,Individual,2026-07-26T16:08:33.889127+00:00
WOCKPHARMA,2026-06-30,Rekha Jhunjhunwala,1.75,Individual,2026-07-26T16:08:35.261660+00:00
WSI,2026-06-30,HITESH RAMJI JAVERI,1.19,Individual,2026-07-26T16:08:36.852368+00:00
WSTCSTPAPR,2026-06-30,Mukul Mahavir Agrawal,1.44,Individual,2026-07-26T16:08:37.563254+00:00
XPROINDIA,2026-06-30,Ashish Kacholia,3.91,Individual,2026-07-26T16:08:39.460497+00:00
XPROINDIA,2026-06-30,Urjita J Master,1.53,Individual,2026-07-26T16:08:39.460497+00:00
XPROINDIA,2026-06-30,Vanaja Sundar Iyer,1.26,Individual,2026-07-26T16:08:39.460497+00:00
YASHO,2026-06-30,ASHISH KACHOLIA,2.08,Individual,2026-07-26T16:08:40.294797+00:00
YASHO,2026-06-30,ANIRUDDHA NARAYAN MALPANI,1.52,Individual,2026-07-26T16:08:40.294797+00:00
YASHO,2026-06-30,ANJALI ANIRUDDHA MALPANI,1.4,Individual,2026-07-26T16:08:40.294797+00:00
ZAGGLE,2026-06-30,ASHISH KACHOLIA,2.16,Individual,2026-07-26T16:08:42.336356+00:00
ZEELEARN,2026-06-30,Sulochana Jalan,3.69,Individual,2026-07-26T16:08:44.266978+00:00
ZEELEARN,2026-06-30,Brinda Upadhyaya,2.14,Individual,2026-07-26T16:08:44.266978+00:00
ZEELEARN,2026-06-30,Anil Kantiprasad Poddar,1.68,Individual,2026-07-26T16:08:44.266978+00:00
ZEEMEDIA,2026-06-30,Keya Vimal Salot,3.63,Individual,2026-07-26T16:08:45.283660+00:00
ZEEMEDIA,2026-06-30,Viral Amal Parikh,1.27,Individual,2026-07-26T16:08:45.283660+00:00
ZEEMEDIA,2026-06-30,Ravinder Kumar Agarwal,1.05,Individual,2026-07-26T16:08:45.283660+00:00
ZIMLAB,2026-06-30,Zakir S Vali,9.43,Individual,2026-07-26T16:08:48.021840+00:00
ZIMLAB,2026-06-30,Jyoti Bharat Sheth,1.23,Individual,2026-07-26T16:08:48.021840+00:00
ZODIACLOTH,2026-06-30,NEMISH S SHAH,1.48,Individual,2026-07-26T16:08:49.506512+00:00
ZUARI,2026-06-30,SUSHIL KUMAR JALANI,1.19,Individual,2026-07-26T16:08:50.115521+00:00
ZUARIIND,2026-06-30,GAURAV N LODHA,2.6,Individual,2026-07-26T16:08:50.877230+00:00
